"autoNo","No","開催日","開催地","レースNo","レース名","距離","発走時刻","天候","馬場","着順","枠","馬番","馬名","性齢","gender","age","斤量","騎手","タイム","着差","人気","単勝オッズ","後3F","コーナー通過順","厩舎","馬体重(増減)","url"
"1","1","2025年7月19日","福島","1R","3歳以上障害OP","障3380m (芝)","10:10","曇","良","1","3","3","シホノスペランツァ","牡6","牡","6","60.0","高田","3:49.0","","1.0","1.8","13.6","4-4-4-3","栗東寺島","478(-4)","https://race.netkeiba.com/race/result.html?race_id=202503020701&rf=race_list"
"2","2","2025年7月19日","福島","1R","3歳以上障害OP","障3380m (芝)","10:10","曇","良","2","5","5","フリーダムレイン","牡4","牡","4","60.0","中村","3:49.7","4","3.0","6.2","13.6","1-1-1-1","栗東高橋一","478(+2)","https://race.netkeiba.com/race/result.html?race_id=202503020701&rf=race_list"
"3","3","2025年7月19日","福島","1R","3歳以上障害OP","障3380m (芝)","10:10","曇","良","3","7","7","スズカキング","牡8","牡","8","60.0","小野寺","3:49.7","クビ","4.0","9.2","13.6","3-2-2-2","栗東谷","460(+10)","https://race.netkeiba.com/race/result.html?race_id=202503020701&rf=race_list"
"4","4","2025年7月19日","福島","1R","3歳以上障害OP","障3380m (芝)","10:10","曇","良","4","6","6","パープルアドミラル","牡5","牡","5","60.0","上野","3:50.2","2.1/2","5.0","14.9","13.6","8-8-7-7","美浦堀内","444(0)","https://race.netkeiba.com/race/result.html?race_id=202503020701&rf=race_list"
"5","5","2025年7月19日","福島","1R","3歳以上障害OP","障3380m (芝)","10:10","曇","良","5","1","1","サンマルグレイト","牡5","牡","5","60.0","大江圭","3:50.9","4","7.0","18.0","13.7","2-2-4-4","美浦佐藤吉","438(-6)","https://race.netkeiba.com/race/result.html?race_id=202503020701&rf=race_list"
"6","6","2025年7月19日","福島","1R","3歳以上障害OP","障3380m (芝)","10:10","曇","良","6","4","4","ワールドスケール","牡8","牡","8","61.0","黒岩","3:52.0","7","6.0","16.5","13.7","7-7-8-8","栗東加藤公","486(-4)","https://race.netkeiba.com/race/result.html?race_id=202503020701&rf=race_list"
"7","7","2025年7月19日","福島","1R","3歳以上障害OP","障3380m (芝)","10:10","曇","良","7","2","2","スピアヘッド","牡6","牡","6","60.0","石神深","3:52.9","5","2.0","4.5","13.8","6-6-3-4","美浦菊川","448(+10)","https://race.netkeiba.com/race/result.html?race_id=202503020701&rf=race_list"
"8","8","2025年7月19日","福島","1R","3歳以上障害OP","障3380m (芝)","10:10","曇","良","8","8","8","エコロマーベリック","セ5","セ","5","60.0","草野","3:55.4","大","8.0","24.0","13.9","4-4-4-6","美浦岩戸","486(-2)","https://race.netkeiba.com/race/result.html?race_id=202503020701&rf=race_list"
"9","1","2025年7月19日","福島","2R","3歳未勝利","ダ1700m (右)","10:45","晴","良","1","3","5","ヴァイオパイシーズ","牝3","牝","3","55.0","田辺","1:47.1","","3.0","5.3","39.1","7-5-2-2","美浦和田勇","464(+12)","https://race.netkeiba.com/race/result.html?race_id=202503020702&rf=race_list"
"10","2","2025年7月19日","福島","2R","3歳未勝利","ダ1700m (右)","10:45","晴","良","2","2","2","プロメテドール","牝3","牝","3","53.0","◇今村","1:47.1","クビ","6.0","22.3","38.4","10-8-5-5","美浦久保田","440(+10)","https://race.netkeiba.com/race/result.html?race_id=202503020702&rf=race_list"
"11","3","2025年7月19日","福島","2R","3歳未勝利","ダ1700m (右)","10:45","晴","良","3","3","4","ライヴスプーン","牝3","牝","3","52.0","▲遠藤","1:47.2","3/4","11.0","100.4","38.3","4-3-6-6","美浦尾形","408(-6)","https://race.netkeiba.com/race/result.html?race_id=202503020702&rf=race_list"
"12","4","2025年7月19日","福島","2R","3歳未勝利","ダ1700m (右)","10:45","晴","良","4","5","9","キタノマーシャル","牝3","牝","3","55.0","津村","1:47.4","1.1/4","1.0","2.3","39.4","2-2-1-1","美浦奥平","500(-2)","https://race.netkeiba.com/race/result.html?race_id=202503020702&rf=race_list"
"13","5","2025年7月19日","福島","2R","3歳未勝利","ダ1700m (右)","10:45","晴","良","5","6","10","マインドミー","牝3","牝","3","55.0","柴田大","1:47.5","クビ","13.0","167.9","38.2","9-8-8-7","美浦高橋文","450(-2)","https://race.netkeiba.com/race/result.html?race_id=202503020702&rf=race_list"
"14","6","2025年7月19日","福島","2R","3歳未勝利","ダ1700m (右)","10:45","晴","良","6","8","14","ミヤグリフォン","牝3","牝","3","55.0","戸崎圭","1:48.4","5","2.0","3.2","40.4","2-3-2-2","美浦千葉","464(-2)","https://race.netkeiba.com/race/result.html?race_id=202503020702&rf=race_list"
"15","7","2025年7月19日","福島","2R","3歳未勝利","ダ1700m (右)","10:45","晴","良","7","1","1","カーシュジアン","牝3","牝","3","55.0","丸田","1:48.8","2.1/2","12.0","153.5","39.2","13-13-9-9","美浦柄崎","442(-8)","https://race.netkeiba.com/race/result.html?race_id=202503020702&rf=race_list"
"16","8","2025年7月19日","福島","2R","3歳未勝利","ダ1700m (右)","10:45","晴","良","8","2","3","スターライトナイト","牝3","牝","3","55.0","内田博","1:49.1","1.1/2","10.0","80.4","38.9","14-14-12-11","美浦伊藤大","426(-4)","https://race.netkeiba.com/race/result.html?race_id=202503020702&rf=race_list"
"17","9","2025年7月19日","福島","2R","3歳未勝利","ダ1700m (右)","10:45","晴","良","9","7","12","トラストユー","牝3","牝","3","55.0","横山琉","1:49.1","ハナ","9.0","61.3","40.2","5-6-6-8","美浦斎藤誠","436(+3)","https://race.netkeiba.com/race/result.html?race_id=202503020702&rf=race_list"
"18","10","2025年7月19日","福島","2R","3歳未勝利","ダ1700m (右)","10:45","晴","良","10","4","7","ブラックモノリス","牝3","牝","3","55.0","菊沢","1:49.6","3","4.0","7.8","41.2","1-1-4-4","美浦青木","460(-12)","https://race.netkeiba.com/race/result.html?race_id=202503020702&rf=race_list"
"19","11","2025年7月19日","福島","2R","3歳未勝利","ダ1700m (右)","10:45","晴","良","11","7","13","プレイアブルゲーム","牝3","牝","3","52.0","▲石田","1:50.3","4","15.0","194.5","40.7","11-11-9-10","美浦小笠","422(-2)","https://race.netkeiba.com/race/result.html?race_id=202503020702&rf=race_list"
"20","12","2025年7月19日","福島","2R","3歳未勝利","ダ1700m (右)","10:45","晴","良","12","6","11","ムーンビーナス","牝3","牝","3","55.0","小野寺","1:50.7","2.1/2","8.0","55.2","40.6","11-11-12-12","栗東谷","456(-6)","https://race.netkeiba.com/race/result.html?race_id=202503020702&rf=race_list"
"21","13","2025年7月19日","福島","2R","3歳未勝利","ダ1700m (右)","10:45","晴","良","13","5","8","ジュテパッセ","牝3","牝","3","55.0","杉原","1:50.8","クビ","14.0","185.7","39.1","15-15-15-14","美浦林","472(+8)","https://race.netkeiba.com/race/result.html?race_id=202503020702&rf=race_list"
"22","14","2025年7月19日","福島","2R","3歳未勝利","ダ1700m (右)","10:45","晴","良","14","8","15","リュウノヒルド","牝3","牝","3","55.0","大野","1:51.3","3","7.0","32.2","41.7","7-6-9-12","美浦伊坂","438(-4)","https://race.netkeiba.com/race/result.html?race_id=202503020702&rf=race_list"
"23","15","2025年7月19日","福島","2R","3歳未勝利","ダ1700m (右)","10:45","晴","良","15","4","6","アナベルケイツー","牝3","牝","3","55.0","木幡巧","1:52.3","6","5.0","17.8","42.1","5-8-12-14","美浦牧","446(-6)","https://race.netkeiba.com/race/result.html?race_id=202503020702&rf=race_list"
"24","1","2025年7月19日","福島","3R","2歳未勝利","芝1800m (右B)","11:15","晴","良","1","5","5","アメテュストス","牡2","牡","2","55.0","大野","1:51.2","","2.0","4.0","36.3","8-8-7-6","美浦加藤士","440(-6)","https://race.netkeiba.com/race/result.html?race_id=202503020703&rf=race_list"
"25","2","2025年7月19日","福島","3R","2歳未勝利","芝1800m (右B)","11:15","晴","良","2","3","3","ラディアントスター","牡2","牡","2","55.0","菅原明","1:51.2","ハナ","4.0","5.6","36.5","4-4-5-4","美浦林","506(0)","https://race.netkeiba.com/race/result.html?race_id=202503020703&rf=race_list"
"26","3","2025年7月19日","福島","3R","2歳未勝利","芝1800m (右B)","11:15","晴","良","3","8","10","マイネルヴェーゼン","牡2","牡","2","55.0","石川","1:51.3","1/2","1.0","2.2","36.9","4-4-2-2","美浦相沢","448(-4)","https://race.netkeiba.com/race/result.html?race_id=202503020703&rf=race_list"
"27","4","2025年7月19日","福島","3R","2歳未勝利","芝1800m (右B)","11:15","晴","良","4","6","6","コーディアリー","牡2","牡","2","55.0","津村","1:52.3","6","7.0","29.5","37.7","2-2-4-4","美浦天間","460(+2)","https://race.netkeiba.com/race/result.html?race_id=202503020703&rf=race_list"
"28","5","2025年7月19日","福島","3R","2歳未勝利","芝1800m (右B)","11:15","晴","良","5","2","2","ミスターマーボー","牡2","牡","2","55.0","原","1:52.3","クビ","6.0","28.4","37.3","6-6-7-8","美浦青木","428(0)","https://race.netkeiba.com/race/result.html?race_id=202503020703&rf=race_list"
"29","6","2025年7月19日","福島","3R","2歳未勝利","芝1800m (右B)","11:15","晴","良","6","7","8","ウィングブルー","牝2","牝","2","55.0","戸崎圭","1:52.3","クビ","3.0","4.1","37.9","2-2-2-2","美浦斎藤誠","494(-12)","https://race.netkeiba.com/race/result.html?race_id=202503020703&rf=race_list"
"30","7","2025年7月19日","福島","3R","2歳未勝利","芝1800m (右B)","11:15","晴","良","7","8","9","コスモエーヴィヒ","牝2","牝","2","52.0","▲石神道","1:52.4","クビ","8.0","55.8","37.7","6-6-5-6","美浦伊藤大","450(0)","https://race.netkeiba.com/race/result.html?race_id=202503020703&rf=race_list"
"31","8","2025年7月19日","福島","3R","2歳未勝利","芝1800m (右B)","11:15","晴","良","8","1","1","ケナゲ","牝2","牝","2","55.0","柴田大","1:52.5","1/2","5.0","25.7","37.3","9-9-9-9","美浦和田雄","442(-6)","https://race.netkeiba.com/race/result.html?race_id=202503020703&rf=race_list"
"32","9","2025年7月19日","福島","3R","2歳未勝利","芝1800m (右B)","11:15","晴","良","9","7","7","イチザペガサス","牡2","牡","2","55.0","的場","1:53.3","5","9.0","58.4","39.1","1-1-1-1","美浦的場","454(+6)","https://race.netkeiba.com/race/result.html?race_id=202503020703&rf=race_list"
"33","10","2025年7月19日","福島","3R","2歳未勝利","芝1800m (右B)","11:15","晴","良","10","4","4","ウィナーズロジャー","牡2","牡","2","52.0","▲遠藤","1:54.9","10","10.0","244.2","39.1","10-10-10-10","美浦奥平","484(-2)","https://race.netkeiba.com/race/result.html?race_id=202503020703&rf=race_list"
"34","1","2025年7月19日","福島","4R","2歳新馬","芝1200m (右B)","11:45","晴","良","1","6","12","コックオーヴァン","牝2","牝","2","55.0","津村","1:12.3","","2.0","5.8","36.1","7-5","美浦伊藤伸","452(0)","https://race.netkeiba.com/race/result.html?race_id=202503020704&rf=race_list"
"35","2","2025年7月19日","福島","4R","2歳新馬","芝1200m (右B)","11:45","晴","良","2","1","2","ラブソング","牝2","牝","2","55.0","丸田","1:12.6","1.3/4","3.0","7.3","36.2","8-5","美浦尾関","422(0)","https://race.netkeiba.com/race/result.html?race_id=202503020704&rf=race_list"
"36","3","2025年7月19日","福島","4R","2歳新馬","芝1200m (右B)","11:45","晴","良","3","6","11","ユキノサイエンス","牝2","牝","2","55.0","石橋脩","1:12.8","1.1/4","12.0","62.4","36.8","5-7","美浦小野","400(0)","https://race.netkeiba.com/race/result.html?race_id=202503020704&rf=race_list"
"37","4","2025年7月19日","福島","4R","2歳新馬","芝1200m (右B)","11:45","晴","良","4","5","9","メーテルリンク","牝2","牝","2","52.0","▲石神道","1:12.9","クビ","6.0","17.3","37.1","2-2","美浦深山","412(0)","https://race.netkeiba.com/race/result.html?race_id=202503020704&rf=race_list"
"38","5","2025年7月19日","福島","4R","2歳新馬","芝1200m (右B)","11:45","晴","良","5","3","5","リュウセイコウテイ","牡2","牡","2","55.0","野中","1:13.2","2","10.0","29.2","37.2","5-3","美浦奥平","434(0)","https://race.netkeiba.com/race/result.html?race_id=202503020704&rf=race_list"
"39","6","2025年7月19日","福島","4R","2歳新馬","芝1200m (右B)","11:45","晴","良","6","4","8","シンエンドーツダ","牡2","牡","2","55.0","岩部","1:13.3","クビ","8.0","25.3","37.4","3-4","美浦萱野","460(0)","https://race.netkeiba.com/race/result.html?race_id=202503020704&rf=race_list"
"40","7","2025年7月19日","福島","4R","2歳新馬","芝1200m (右B)","11:45","晴","良","7","5","10","ムーングレイル","牡2","牡","2","55.0","菅原明","1:13.4","1/2","1.0","2.1","37.5","3-7","美浦森一","468(0)","https://race.netkeiba.com/race/result.html?race_id=202503020704&rf=race_list"
"41","8","2025年7月19日","福島","4R","2歳新馬","芝1200m (右B)","11:45","晴","良","8","8","16","ミスエベレスト","牝2","牝","2","53.0","◇今村","1:13.4","ハナ","5.0","11.8","36.7","9-10","美浦伊坂","404(0)","https://race.netkeiba.com/race/result.html?race_id=202503020704&rf=race_list"
"42","9","2025年7月19日","福島","4R","2歳新馬","芝1200m (右B)","11:45","晴","良","9","7","13","パータリプトラ","牡2","牡","2","55.0","三浦","1:13.5","3/4","4.0","9.7","36.8","9-9","美浦武井","470(0)","https://race.netkeiba.com/race/result.html?race_id=202503020704&rf=race_list"
"43","10","2025年7月19日","福島","4R","2歳新馬","芝1200m (右B)","11:45","晴","良","10","2","3","スターオブブライト","牡2","牡","2","55.0","杉原","1:13.6","1/2","14.0","96.0","35.6","16-15","美浦奥平","420(0)","https://race.netkeiba.com/race/result.html?race_id=202503020704&rf=race_list"
"44","11","2025年7月19日","福島","4R","2歳新馬","芝1200m (右B)","11:45","晴","良","11","1","1","オレンジリバー","牝2","牝","2","55.0","原","1:13.6","アタマ","7.0","23.0","37.9","1-1","美浦黒岩","418(0)","https://race.netkeiba.com/race/result.html?race_id=202503020704&rf=race_list"
"45","12","2025年7月19日","福島","4R","2歳新馬","芝1200m (右B)","11:45","晴","良","12","7","14","トップマジシャン","牡2","牡","2","55.0","菊沢","1:13.7","1/2","11.0","44.1","36.8","11-11","美浦石栗","436(0)","https://race.netkeiba.com/race/result.html?race_id=202503020704&rf=race_list"
"46","13","2025年7月19日","福島","4R","2歳新馬","芝1200m (右B)","11:45","晴","良","13","2","4","キタノドンカルロ","牡2","牡","2","55.0","柴田大","1:13.8","3/4","15.0","100.4","36.5","13-14","美浦粕谷","430(0)","https://race.netkeiba.com/race/result.html?race_id=202503020704&rf=race_list"
"47","14","2025年7月19日","福島","4R","2歳新馬","芝1200m (右B)","11:45","晴","良","14","8","15","タマリスペクト","牡2","牡","2","55.0","横山琉","1:14.0","1.1/4","13.0","86.6","36.9","12-12","美浦相沢","446(0)","https://race.netkeiba.com/race/result.html?race_id=202503020704&rf=race_list"
"48","15","2025年7月19日","福島","4R","2歳新馬","芝1200m (右B)","11:45","晴","良","15","4","7","マイントップスター","牡2","牡","2","52.0","▲佐藤","1:14.3","1.3/4","16.0","182.6","36.9","13-12","美浦的場","406(0)","https://race.netkeiba.com/race/result.html?race_id=202503020704&rf=race_list"
"49","16","2025年7月19日","福島","4R","2歳新馬","芝1200m (右B)","11:45","晴","良","16","3","6","パルストリス","牝2","牝","2","55.0","石川","1:15.0","4","9.0","27.4","37.1","15-16","美浦手塚久","412(0)","https://race.netkeiba.com/race/result.html?race_id=202503020704&rf=race_list"
"50","1","2025年7月19日","福島","5R","2歳新馬","芝1800m (右B)","12:35","晴","良","1","3","5","ザーフィル","牡2","牡","2","55.0","戸崎圭","1:53.2","","2.0","4.6","36.8","4-4-4-4","美浦林","540(0)","https://race.netkeiba.com/race/result.html?race_id=202503020705&rf=race_list"
"51","2","2025年7月19日","福島","5R","2歳新馬","芝1800m (右B)","12:35","晴","良","2","7","14","シェリアドレ","牝2","牝","2","55.0","荻野極","1:53.3","1/2","5.0","13.2","37.2","10-10-1-1","美浦奥村武","466(0)","https://race.netkeiba.com/race/result.html?race_id=202503020705&rf=race_list"
"52","3","2025年7月19日","福島","5R","2歳新馬","芝1800m (右B)","12:35","晴","良","3","5","9","ルージュリリック","牝2","牝","2","55.0","石川","1:53.5","1","1.0","1.7","37.3","3-3-2-2","美浦上原佑","462(0)","https://race.netkeiba.com/race/result.html?race_id=202503020705&rf=race_list"
"53","4","2025年7月19日","福島","5R","2歳新馬","芝1800m (右B)","12:35","晴","良","4","7","13","エイシンイクサボシ","牝2","牝","2","55.0","木幡育","1:53.7","1","14.0","101.0","36.8","12-12-11-10","美浦勢司","468(0)","https://race.netkeiba.com/race/result.html?race_id=202503020705&rf=race_list"
"54","5","2025年7月19日","福島","5R","2歳新馬","芝1800m (右B)","12:35","晴","良","5","1","1","ユメシルベ","牝2","牝","2","55.0","柴田大","1:53.8","1","7.0","38.8","37.1","5-6-9-8","美浦粕谷","414(0)","https://race.netkeiba.com/race/result.html?race_id=202503020705&rf=race_list"
"55","6","2025年7月19日","福島","5R","2歳新馬","芝1800m (右B)","12:35","晴","良","6","2","4","リフレックス","牡2","牡","2","55.0","伊藤","1:54.0","1","13.0","78.4","37.6","1-1-4-4","美浦金成","456(0)","https://race.netkeiba.com/race/result.html?race_id=202503020705&rf=race_list"
"56","7","2025年7月19日","福島","5R","2歳新馬","芝1800m (右B)","12:35","晴","良","7","8","15","リアライズリバティ","牝2","牝","2","55.0","津村","1:54.7","4","6.0","31.1","37.8","13-12-11-10","美浦池上","440(0)","https://race.netkeiba.com/race/result.html?race_id=202503020705&rf=race_list"
"57","8","2025年7月19日","福島","5R","2歳新馬","芝1800m (右B)","12:35","晴","良","8","3","6","ニシノシャルム","牝2","牝","2","55.0","大野","1:54.8","3/4","4.0","11.0","38.6","2-2-2-2","美浦栗田","442(0)","https://race.netkeiba.com/race/result.html?race_id=202503020705&rf=race_list"
"58","9","2025年7月19日","福島","5R","2歳新馬","芝1800m (右B)","12:35","晴","良","9","8","16","モンドシュピーゲル","牡2","牡","2","55.0","横山琉","1:54.8","ハナ","10.0","54.4","37.9","8-8-11-15","美浦天間","460(0)","https://race.netkeiba.com/race/result.html?race_id=202503020705&rf=race_list"
"59","10","2025年7月19日","福島","5R","2歳新馬","芝1800m (右B)","12:35","晴","良","10","6","12","アイスアンドスノー","牡2","牡","2","55.0","内田博","1:54.8","アタマ","8.0","48.1","37.7","14-14-14-14","美浦古賀","490(0)","https://race.netkeiba.com/race/result.html?race_id=202503020705&rf=race_list"
"60","11","2025年7月19日","福島","5R","2歳新馬","芝1800m (右B)","12:35","晴","良","11","6","11","サザンテイオー","牡2","牡","2","52.0","▲石神道","1:55.0","1.1/4","15.0","142.7","38.5","5-6-8-8","美浦根本","434(0)","https://race.netkeiba.com/race/result.html?race_id=202503020705&rf=race_list"
"61","12","2025年7月19日","福島","5R","2歳新馬","芝1800m (右B)","12:35","晴","良","12","4","7","カガチャンプ","牡2","牡","2","55.0","原","1:55.6","3.1/2","12.0","76.0","37.8","16-16-16-15","美浦萱野","534(0)","https://race.netkeiba.com/race/result.html?race_id=202503020705&rf=race_list"
"62","13","2025年7月19日","福島","5R","2歳新馬","芝1800m (右B)","12:35","晴","良","13","2","3","マルターズドン","牡2","牡","2","55.0","三浦","1:55.8","3/4","3.0","7.3","39.4","8-8-4-6","美浦手塚久","490(0)","https://race.netkeiba.com/race/result.html?race_id=202503020705&rf=race_list"
"63","14","2025年7月19日","福島","5R","2歳新馬","芝1800m (右B)","12:35","晴","良","14","4","8","マイトビーウォン","牡2","牡","2","55.0","丸田","1:55.8","クビ","16.0","237.6","38.8","14-14-14-10","美浦和田雄","442(0)","https://race.netkeiba.com/race/result.html?race_id=202503020705&rf=race_list"
"64","15","2025年7月19日","福島","5R","2歳新馬","芝1800m (右B)","12:35","晴","良","15","5","10","グラスアロー","牡2","牡","2","55.0","木幡巧","1:56.3","3","11.0","70.0","39.9","5-4-4-6","美浦菊川","470(0)","https://race.netkeiba.com/race/result.html?race_id=202503020705&rf=race_list"
"65","16","2025年7月19日","福島","5R","2歳新馬","芝1800m (右B)","12:35","晴","良","16","1","2","タフバディ","牡2","牡","2","55.0","菊沢","1:57.3","6","9.0","49.3","40.7","10-10-9-10","美浦加藤和","490(0)","https://race.netkeiba.com/race/result.html?race_id=202503020705&rf=race_list"
"66","1","2025年7月19日","福島","6R","3歳以上1勝クラス","ダ1700m (右)","13:05","晴","良","1","6","9","オーケーマヒナ","牝3","牝","3","53.0","石川","1:45.5","","7.0","14.1","38.0","1-1-1-1","美浦相沢","466(-6)","https://race.netkeiba.com/race/result.html?race_id=202503020706&rf=race_list"
"67","2","2025年7月19日","福島","6R","3歳以上1勝クラス","ダ1700m (右)","13:05","晴","良","2","8","14","フィールオーサム","牝3","牝","3","53.0","菅原明","1:45.8","1.1/2","8.0","19.4","38.1","2-2-2-2","美浦岩戸","440(+2)","https://race.netkeiba.com/race/result.html?race_id=202503020706&rf=race_list"
"68","3","2025年7月19日","福島","6R","3歳以上1勝クラス","ダ1700m (右)","13:05","晴","良","3","1","1","フィザルモニカ","牝3","牝","3","53.0","津村","1:46.3","3","6.0","10.8","38.4","3-3-3-3","美浦大和田","452(-2)","https://race.netkeiba.com/race/result.html?race_id=202503020706&rf=race_list"
"69","4","2025年7月19日","福島","6R","3歳以上1勝クラス","ダ1700m (右)","13:05","晴","良","4","3","3","アルプスオジョー","牝4","牝","4","53.0","▲石田","1:46.8","3.1/2","10.0","47.0","37.8","7-7-8-8","美浦小西","488(-12)","https://race.netkeiba.com/race/result.html?race_id=202503020706&rf=race_list"
"70","5","2025年7月19日","福島","6R","3歳以上1勝クラス","ダ1700m (右)","13:05","晴","良","5","5","7","ラルガメンテ","牝3","牝","3","53.0","戸崎圭","1:47.0","1.1/4","4.0","7.2","38.8","5-5-5-5","美浦尾関","450(-6)","https://race.netkeiba.com/race/result.html?race_id=202503020706&rf=race_list"
"71","6","2025年7月19日","福島","6R","3歳以上1勝クラス","ダ1700m (右)","13:05","晴","良","6","7","11","パースウェイド","牝3","牝","3","53.0","原","1:47.1","クビ","1.0","3.5","38.4","6-6-6-6","美浦中舘","476(+4)","https://race.netkeiba.com/race/result.html?race_id=202503020706&rf=race_list"
"72","7","2025年7月19日","福島","6R","3歳以上1勝クラス","ダ1700m (右)","13:05","晴","良","7","2","2","レディーフランシス","牝3","牝","3","53.0","大野","1:47.5","2.1/2","3.0","6.5","37.3","14-14-13-12","美浦和田勇","434(-6)","https://race.netkeiba.com/race/result.html?race_id=202503020706&rf=race_list"
"73","8","2025年7月19日","福島","6R","3歳以上1勝クラス","ダ1700m (右)","13:05","晴","良","8","7","12","キセキノエンジェル","牝6","牝","6","56.0","丸田","1:47.7","1.1/2","13.0","233.3","38.4","11-11-9-8","美浦武市","470(-2)","https://race.netkeiba.com/race/result.html?race_id=202503020706&rf=race_list"
"74","9","2025年7月19日","福島","6R","3歳以上1勝クラス","ダ1700m (右)","13:05","晴","良","9","5","8","セギレエルビエント","牝3","牝","3","53.0","荻野極","1:48.0","2","2.0","4.1","40.1","3-3-3-3","美浦伊坂","462(0)","https://race.netkeiba.com/race/result.html?race_id=202503020706&rf=race_list"
"75","10","2025年7月19日","福島","6R","3歳以上1勝クラス","ダ1700m (右)","13:05","晴","良","10","6","10","ホシニネガイヲ","牝3","牝","3","53.0","三浦","1:48.6","3.1/2","9.0","20.9","39.8","9-9-6-7","美浦竹内","430(-4)","https://race.netkeiba.com/race/result.html?race_id=202503020706&rf=race_list"
"76","11","2025年7月19日","福島","6R","3歳以上1勝クラス","ダ1700m (右)","13:05","晴","良","11","4","5","タマモカンパネラ","牝3","牝","3","53.0","菊沢","1:48.9","1.1/2","5.0","8.0","39.7","12-11-9-10","美浦伊藤圭","498(-6)","https://race.netkeiba.com/race/result.html?race_id=202503020706&rf=race_list"
"77","12","2025年7月19日","福島","6R","3歳以上1勝クラス","ダ1700m (右)","13:05","晴","良","12","3","4","ミランカ","牝4","牝","4","56.0","木幡巧","1:49.3","2.1/2","11.0","50.5","40.1","7-8-9-11","美浦岩戸","464(-2)","https://race.netkeiba.com/race/result.html?race_id=202503020706&rf=race_list"
"78","13","2025年7月19日","福島","6R","3歳以上1勝クラス","ダ1700m (右)","13:05","晴","良","13","8","13","エンピリカルルール","牝4","牝","4","53.0","▲水沼","1:49.7","2.1/2","14.0","431.9","39.0","12-13-14-14","美浦加藤和","464(-2)","https://race.netkeiba.com/race/result.html?race_id=202503020706&rf=race_list"
"79","14","2025年7月19日","福島","6R","3歳以上1勝クラス","ダ1700m (右)","13:05","晴","良","14","4","6","ウェルキン","牝4","牝","4","56.0","杉原","1:49.9","3/4","12.0","162.5","40.1","9-9-12-13","美浦新開","422(+2)","https://race.netkeiba.com/race/result.html?race_id=202503020706&rf=race_list"
"80","1","2025年7月19日","福島","7R","3歳未勝利","芝1200m (右B)","13:35","晴","良","1","3","6","フォルトレス","牝3","牝","3","55.0","荻野極","1:11.2","","6.0","11.4","34.8","13-11","美浦国枝","458(+18)","https://race.netkeiba.com/race/result.html?race_id=202503020707&rf=race_list"
"81","2","2025年7月19日","福島","7R","3歳未勝利","芝1200m (右B)","13:35","晴","良","2","5","9","フェスティヴルキナ","牝3","牝","3","55.0","柴田大","1:11.4","1.1/4","16.0","169.7","35.4","7-7","美浦小野","448(0)","https://race.netkeiba.com/race/result.html?race_id=202503020707&rf=race_list"
"82","3","2025年7月19日","福島","7R","3歳未勝利","芝1200m (右B)","13:35","晴","良","3","8","16","ママアリガトー","牝3","牝","3","52.0","▲水沼","1:11.4","クビ","13.0","78.2","35.5","7-2","美浦石栗","416(-14)","https://race.netkeiba.com/race/result.html?race_id=202503020707&rf=race_list"
"83","4","2025年7月19日","福島","7R","3歳未勝利","芝1200m (右B)","13:35","晴","良","4","6","11","バーンズベリー","牡3","牡","3","57.0","菅原明","1:11.8","2.1/2","5.0","10.5","35.6","12-12","美浦尾関","452(-6)","https://race.netkeiba.com/race/result.html?race_id=202503020707&rf=race_list"
"84","5","2025年7月19日","福島","7R","3歳未勝利","芝1200m (右B)","13:35","晴","良","5","4","8","プリヤンカー","牝3","牝","3","55.0","大野","1:11.8","ハナ","11.0","55.1","35.8","7-7","美浦田島","450(-12)","https://race.netkeiba.com/race/result.html?race_id=202503020707&rf=race_list"
"85","6","2025年7月19日","福島","7R","3歳未勝利","芝1200m (右B)","13:35","晴","良","6","1","1","ノーブルライナー","牡3","牡","3","57.0","三浦","1:11.9","3/4","1.0","2.5","36.4","3-5","美浦中川","482(-6)","https://race.netkeiba.com/race/result.html?race_id=202503020707&rf=race_list"
"86","7","2025年7月19日","福島","7R","3歳未勝利","芝1200m (右B)","13:35","晴","良","7","5","10","イオリ","牝3","牝","3","52.0","▲佐藤","1:11.9","アタマ","9.0","29.0","36.2","5-7","美浦伊藤圭","420(0)","https://race.netkeiba.com/race/result.html?race_id=202503020707&rf=race_list"
"87","8","2025年7月19日","福島","7R","3歳未勝利","芝1200m (右B)","13:35","晴","良","8","2","4","リーサイェイ","牡3","牡","3","57.0","石橋脩","1:11.9","クビ","10.0","32.4","36.6","1-1","美浦池上","450(-2)","https://race.netkeiba.com/race/result.html?race_id=202503020707&rf=race_list"
"88","9","2025年7月19日","福島","7R","3歳未勝利","芝1200m (右B)","13:35","晴","良","9","4","7","ブルンツヴィーク","牡3","牡","3","57.0","杉原","1:12.0","1/2","12.0","59.4","36.0","7-7","美浦柄崎","452(-4)","https://race.netkeiba.com/race/result.html?race_id=202503020707&rf=race_list"
"89","10","2025年7月19日","福島","7R","3歳未勝利","芝1200m (右B)","13:35","晴","良","10","1","2","シャンハイノハナ","牝3","牝","3","55.0","木幡巧","1:12.2","1","8.0","24.2","36.5","5-2","美浦牧","450(0)","https://race.netkeiba.com/race/result.html?race_id=202503020707&rf=race_list"
"90","11","2025年7月19日","福島","7R","3歳未勝利","芝1200m (右B)","13:35","晴","良","11","6","12","クリアクォーツ","牡3","牡","3","57.0","内田博","1:12.3","1/2","7.0","21.1","35.6","15-12","美浦的場","462(-2)","https://race.netkeiba.com/race/result.html?race_id=202503020707&rf=race_list"
"91","12","2025年7月19日","福島","7R","3歳未勝利","芝1200m (右B)","13:35","晴","良","12","7","14","リケアコンパンナ","牡3","牡","3","57.0","菊沢","1:12.3","アタマ","2.0","4.1","36.8","3-2","美浦村田","468(-4)","https://race.netkeiba.com/race/result.html?race_id=202503020707&rf=race_list"
"92","13","2025年7月19日","福島","7R","3歳未勝利","芝1200m (右B)","13:35","晴","良","13","3","5","ベルフォン","牝3","牝","3","52.0","▲石田","1:12.3","ハナ","15.0","162.3","36.2","11-12","美浦小手川","410(-4)","https://race.netkeiba.com/race/result.html?race_id=202503020707&rf=race_list"
"93","14","2025年7月19日","福島","7R","3歳未勝利","芝1200m (右B)","13:35","晴","良","14","7","13","マハーギータ","牝3","牝","3","53.0","◇今村","1:12.8","2.1/2","4.0","9.9","36.3","14-15","美浦久保田","418(-2)","https://race.netkeiba.com/race/result.html?race_id=202503020707&rf=race_list"
"94","15","2025年7月19日","福島","7R","3歳未勝利","芝1200m (右B)","13:35","晴","良","15","2","3","エスプラネード","牝3","牝","3","55.0","石川","1:12.9","1/2","14.0","147.2","36.3","15-15","美浦池上","424(0)","https://race.netkeiba.com/race/result.html?race_id=202503020707&rf=race_list"
"95","16","2025年7月19日","福島","7R","3歳未勝利","芝1200m (右B)","13:35","晴","良","16","8","15","ライラックダンサー","牝3","牝","3","55.0","横山琉","1:13.9","6","3.0","9.1","38.5","2-5","美浦矢嶋","412(0)","https://race.netkeiba.com/race/result.html?race_id=202503020707&rf=race_list"
"96","1","2025年7月19日","福島","8R","3歳未勝利","芝2000m (右B)","14:05","晴","良","1","5","10","エテルニータ","牡3","牡","3","57.0","荻野極","2:02.7","","14.0","50.7","35.6","13-13-14-12","美浦稲垣","494(0)","https://race.netkeiba.com/race/result.html?race_id=202503020708&rf=race_list"
"97","2","2025年7月19日","福島","8R","3歳未勝利","芝2000m (右B)","14:05","晴","良","2","7","14","マイネルラファール","牡3","牡","3","57.0","原","2:03.0","1.3/4","7.0","18.6","37.2","4-5-6-3","美浦畠山","464(-4)","https://race.netkeiba.com/race/result.html?race_id=202503020708&rf=race_list"
"98","3","2025年7月19日","福島","8R","3歳未勝利","芝2000m (右B)","14:05","晴","良","3","6","12","オプレントジュエル","牝3","牝","3","55.0","戸崎圭","2:03.1","クビ","1.0","3.2","37.6","3-3-2-1","美浦田村","514(-2)","https://race.netkeiba.com/race/result.html?race_id=202503020708&rf=race_list"
"99","4","2025年7月19日","福島","8R","3歳未勝利","芝2000m (右B)","14:05","晴","良","4","4","8","マイネルボス","牡3","牡","3","57.0","柴田大","2:03.1","クビ","5.0","12.4","37.1","8-8-8-5","美浦伊藤大","430(-2)","https://race.netkeiba.com/race/result.html?race_id=202503020708&rf=race_list"
"100","5","2025年7月19日","福島","8R","3歳未勝利","芝2000m (右B)","14:05","晴","良","5","6","11","グランツローゼ","牝3","牝","3","55.0","津村","2:03.6","3","10.0","25.5","36.9","14-15-13-5","美浦千葉","448(+8)","https://race.netkeiba.com/race/result.html?race_id=202503020708&rf=race_list"
"101","6","2025年7月19日","福島","8R","3歳未勝利","芝2000m (右B)","14:05","晴","良","6","8","16","ヴィルナタール","牝3","牝","3","55.0","石川","2:03.9","1.1/2","9.0","24.2","38.3","6-3-3-2","美浦手塚久","446(+4)","https://race.netkeiba.com/race/result.html?race_id=202503020708&rf=race_list"
"102","7","2025年7月19日","福島","8R","3歳未勝利","芝2000m (右B)","14:05","晴","良","7","8","15","ケイツーブル","牡3","牡","3","57.0","内田博","2:04.4","3.1/2","4.0","10.6","38.6","8-6-6-3","美浦千葉","422(+2)","https://race.netkeiba.com/race/result.html?race_id=202503020708&rf=race_list"
"103","8","2025年7月19日","福島","8R","3歳未勝利","芝2000m (右B)","14:05","晴","良","8","1","1","ピュルテ","牝3","牝","3","55.0","嶋田","2:04.5","1/2","13.0","37.4","37.0","16-16-16-12","美浦手塚久","434(+18)","https://race.netkeiba.com/race/result.html?race_id=202503020708&rf=race_list"
"104","9","2025年7月19日","福島","8R","3歳未勝利","芝2000m (右B)","14:05","晴","良","9","3","6","リワードパシオン","牡3","牡","3","57.0","菊沢","2:04.6","1/2","8.0","24.0","38.3","11-11-9-9","美浦勢司","452(+6)","https://race.netkeiba.com/race/result.html?race_id=202503020708&rf=race_list"
"105","10","2025年7月19日","福島","8R","3歳未勝利","芝2000m (右B)","14:05","晴","良","10","1","2","エットトゥカム","牡3","牡","3","57.0","丸田","2:04.9","1.3/4","11.0","28.9","37.6","14-13-15-16","美浦深山","398(0)","https://race.netkeiba.com/race/result.html?race_id=202503020708&rf=race_list"
"106","11","2025年7月19日","福島","8R","3歳未勝利","芝2000m (右B)","14:05","晴","良","11","4","7","ジーティーレグルス","牡3","牡","3","57.0","小沢","2:05.4","3","15.0","88.0","39.7","4-6-3-5","美浦栗田","466(0)","https://race.netkeiba.com/race/result.html?race_id=202503020708&rf=race_list"
"107","12","2025年7月19日","福島","8R","3歳未勝利","芝2000m (右B)","14:05","晴","良","12","2","3","クレプスクルム","牡3","牡","3","57.0","三浦","2:05.5","3/4","2.0","4.4","39.2","8-10-9-11","美浦上原博","458(0)","https://race.netkeiba.com/race/result.html?race_id=202503020708&rf=race_list"
"108","13","2025年7月19日","福島","8R","3歳未勝利","芝2000m (右B)","14:05","晴","良","13","5","9","アクロスザリバー","牡3","牡","3","57.0","杉原","2:05.5","ハナ","16.0","139.0","39.9","2-2-3-10","美浦浅利","430(-4)","https://race.netkeiba.com/race/result.html?race_id=202503020708&rf=race_list"
"109","14","2025年7月19日","福島","8R","3歳未勝利","芝2000m (右B)","14:05","晴","良","14","3","5","シャイニーセーラー","牝3","牝","3","55.0","横山琉","2:05.6","1/2","12.0","32.7","39.0","12-12-11-12","美浦相沢","456(-2)","https://race.netkeiba.com/race/result.html?race_id=202503020708&rf=race_list"
"110","15","2025年7月19日","福島","8R","3歳未勝利","芝2000m (右B)","14:05","晴","良","15","2","4","イトウ","牡3","牡","3","57.0","菅原明","2:06.8","7","6.0","13.0","40.2","6-9-11-12","美浦高柳瑞","486(+6)","https://race.netkeiba.com/race/result.html?race_id=202503020708&rf=race_list"
"111","16","2025年7月19日","福島","8R","3歳未勝利","芝2000m (右B)","14:05","晴","良","16","7","13","クラウンアールシー","牡3","牡","3","57.0","田辺","2:07.4","3.1/2","3.0","6.1","42.2","1-1-1-5","美浦加藤士","452(-8)","https://race.netkeiba.com/race/result.html?race_id=202503020708&rf=race_list"
"112","1","2025年7月19日","福島","9R","開成山特別","芝2600m (右B)","14:35","晴","良","1","5","5","フィーリウス","牡3","牡","3","55.0","木幡巧","2:45.7","","1.0","2.6","36.5","3-4-3-2","美浦手塚久","502(+12)","https://race.netkeiba.com/race/result.html?race_id=202503020709&rf=race_list"
"113","2","2025年7月19日","福島","9R","開成山特別","芝2600m (右B)","14:35","晴","良","2","2","2","プルミエソルティ","牡3","牡","3","55.0","三浦","2:45.9","3/4","2.0","3.4","36.9","4-2-2-2","美浦斎藤誠","476(-4)","https://race.netkeiba.com/race/result.html?race_id=202503020709&rf=race_list"
"114","3","2025年7月19日","福島","9R","開成山特別","芝2600m (右B)","14:35","晴","良","3","4","4","ルークスヘリオス","牡6","牡","6","58.0","横山琉","2:46.1","1.1/2","4.0","7.3","37.2","1-1-1-1","美浦中川","490(+2)","https://race.netkeiba.com/race/result.html?race_id=202503020709&rf=race_list"
"115","4","2025年7月19日","福島","9R","開成山特別","芝2600m (右B)","14:35","晴","良","4","3","3","ビリングス","牡3","牡","3","55.0","戸崎圭","2:46.8","4","3.0","3.7","37.7","2-2-3-4","美浦手塚久","462(-12)","https://race.netkeiba.com/race/result.html?race_id=202503020709&rf=race_list"
"116","5","2025年7月19日","福島","9R","開成山特別","芝2600m (右B)","14:35","晴","良","5","1","1","ロードアフェット","牡4","牡","4","58.0","大野","2:47.2","2.1/2","7.0","20.3","37.2","8-8-8-7","美浦高柳瑞","450(-12)","https://race.netkeiba.com/race/result.html?race_id=202503020709&rf=race_list"
"117","6","2025年7月19日","福島","9R","開成山特別","芝2600m (右B)","14:35","晴","良","6","7","7","モアナフリューゲル","牝4","牝","4","56.0","津村","2:47.3","3/4","5.0","14.2","37.9","6-6-5-5","美浦和田勇","458(+4)","https://race.netkeiba.com/race/result.html?race_id=202503020709&rf=race_list"
"118","7","2025年7月19日","福島","9R","開成山特別","芝2600m (右B)","14:35","晴","良","7","6","6","タイセイアーサー","牡7","牡","7","58.0","菊沢","2:48.0","4","8.0","67.3","38.7","4-5-5-5","美浦青木","478(-4)","https://race.netkeiba.com/race/result.html?race_id=202503020709&rf=race_list"
"119","8","2025年7月19日","福島","9R","開成山特別","芝2600m (右B)","14:35","晴","良","8","8","8","ハチワレ","牝3","牝","3","53.0","今村","2:48.6","3.1/2","6.0","18.7","38.8","6-7-7-7","栗東寺島","452(0)","https://race.netkeiba.com/race/result.html?race_id=202503020709&rf=race_list"
"120","1","2025年7月19日","福島","10R","米沢特別","ダ1150m (右)","15:10","晴","良","1","2","3","ワークソング","牡4","牡","4","58.0","三浦","1:08.9","","4.0","8.6","36.0","10-10","栗東牧浦","474(-8)","https://race.netkeiba.com/race/result.html?race_id=202503020710&rf=race_list"
"121","2","2025年7月19日","福島","10R","米沢特別","ダ1150m (右)","15:10","晴","良","2","3","5","アスクアイルビゼア","牡4","牡","4","58.0","菅原明","1:09.0","3/4","3.0","4.2","36.4","6-5","栗東矢作","464(-8)","https://race.netkeiba.com/race/result.html?race_id=202503020710&rf=race_list"
"122","3","2025年7月19日","福島","10R","米沢特別","ダ1150m (右)","15:10","晴","良","3","3","6","ビッグドリーム","牡4","牡","4","58.0","田辺","1:09.0","アタマ","5.0","12.2","36.9","1-1","栗東西園正","530(-2)","https://race.netkeiba.com/race/result.html?race_id=202503020710&rf=race_list"
"123","4","2025年7月19日","福島","10R","米沢特別","ダ1150m (右)","15:10","晴","良","4","1","1","イナフセド","牡5","牡","5","58.0","原","1:09.1","クビ","6.0","16.6","36.7","4-3","栗東小林","486(+10)","https://race.netkeiba.com/race/result.html?race_id=202503020710&rf=race_list"
"124","5","2025年7月19日","福島","10R","米沢特別","ダ1150m (右)","15:10","晴","良","5","5","10","ルージュアズライト","牝5","牝","5","56.0","荻野極","1:09.1","クビ","2.0","3.8","36.7","4-5","美浦森一","448(-8)","https://race.netkeiba.com/race/result.html?race_id=202503020710&rf=race_list"
"125","6","2025年7月19日","福島","10R","米沢特別","ダ1150m (右)","15:10","晴","良","6","2","4","ミロワール","牝6","牝","6","56.0","小沢","1:09.5","2.1/2","8.0","33.9","36.8","9-5","栗東河嶋","462(-18)","https://race.netkeiba.com/race/result.html?race_id=202503020710&rf=race_list"
"126","7","2025年7月19日","福島","10R","米沢特別","ダ1150m (右)","15:10","晴","良","7","5","9","ランウインディ","牝4","牝","4","56.0","津村","1:09.5","ハナ","7.0","22.8","37.2","3-3","栗東中尾","460(-12)","https://race.netkeiba.com/race/result.html?race_id=202503020710&rf=race_list"
"127","8","2025年7月19日","福島","10R","米沢特別","ダ1150m (右)","15:10","晴","良","8","1","2","ロイヤルダンス","牡7","牡","7","58.0","杉原","1:09.7","1","15.0","274.0","36.0","14-11","美浦清水英","504(-2)","https://race.netkeiba.com/race/result.html?race_id=202503020710&rf=race_list"
"128","9","2025年7月19日","福島","10R","米沢特別","ダ1150m (右)","15:10","晴","良","9","6","12","カネショウレジェン","牡3","牡","3","55.0","横山琉","1:09.7","クビ","1.0","3.1","37.1","6-8","美浦稲垣","488(+6)","https://race.netkeiba.com/race/result.html?race_id=202503020710&rf=race_list"
"129","10","2025年7月19日","福島","10R","米沢特別","ダ1150m (右)","15:10","晴","良","10","4","7","ヘルメース","牡4","牡","4","58.0","菊沢","1:09.8","クビ","10.0","46.7","37.7","2-2","美浦伊藤圭","484(-1)","https://race.netkeiba.com/race/result.html?race_id=202503020710&rf=race_list"
"130","11","2025年7月19日","福島","10R","米沢特別","ダ1150m (右)","15:10","晴","良","11","6","11","セキテイオー","牡6","牡","6","58.0","江田照","1:09.9","1/2","11.0","56.6","35.5","16-15","美浦田中剛","476(0)","https://race.netkeiba.com/race/result.html?race_id=202503020710&rf=race_list"
"131","12","2025年7月19日","福島","10R","米沢特別","ダ1150m (右)","15:10","晴","良","12","8","15","サイモンギフト","牡5","牡","5","58.0","石橋脩","1:09.9","アタマ","14.0","80.9","36.4","13-13","美浦勢司","494(-2)","https://race.netkeiba.com/race/result.html?race_id=202503020710&rf=race_list"
"132","13","2025年7月19日","福島","10R","米沢特別","ダ1150m (右)","15:10","晴","良","13","8","16","ヴィクトリーロード","牡5","牡","5","58.0","内田博","1:10.3","2.1/2","12.0","61.7","36.5","15-14","美浦畠山","482(0)","https://race.netkeiba.com/race/result.html?race_id=202503020710&rf=race_list"
"133","14","2025年7月19日","福島","10R","米沢特別","ダ1150m (右)","15:10","晴","良","14","4","8","ヤングワールド","牡5","牡","5","58.0","嶋田","1:10.4","3/4","16.0","279.1","37.4","11-11","美浦手塚久","576(+8)","https://race.netkeiba.com/race/result.html?race_id=202503020710&rf=race_list"
"134","15","2025年7月19日","福島","10R","米沢特別","ダ1150m (右)","15:10","晴","良","15","7","14","ニシノクラウン","セ4","セ","4","58.0","石川","1:10.4","ハナ","9.0","41.3","37.8","6-8","美浦相沢","466(0)","https://race.netkeiba.com/race/result.html?race_id=202503020710&rf=race_list"
"135","16","2025年7月19日","福島","10R","米沢特別","ダ1150m (右)","15:10","晴","良","16","7","13","ブライトルピナス","牝4","牝","4","56.0","武藤","1:11.2","5","13.0","75.7","38.2","11-16","栗東東田","456(-10)","https://race.netkeiba.com/race/result.html?race_id=202503020710&rf=race_list"
"136","1","2025年7月19日","福島","11R","阿武隈S","芝1800m (右B)","15:45","晴","良","1","2","2","アンリーロード","牝5","牝","5","53.0","荻野極","1:49.6","","4.0","9.3","35.5","7-6-5-5","栗東茶木","482(0)","https://race.netkeiba.com/race/result.html?race_id=202503020711&rf=race_list"
"137","2","2025年7月19日","福島","11R","阿武隈S","芝1800m (右B)","15:45","晴","良","2","1","1","ワイドアラジン","牡5","牡","5","57.0","小沢","1:49.7","1/2","2.0","4.8","35.7","5-5-5-5","栗東奥村豊","482(0)","https://race.netkeiba.com/race/result.html?race_id=202503020711&rf=race_list"
"138","3","2025年7月19日","福島","11R","阿武隈S","芝1800m (右B)","15:45","晴","良","3","6","7","ユキノロイヤル","牡4","牡","4","56.0","石橋脩","1:49.7","クビ","3.0","5.5","36.0","4-4-3-4","美浦小野","460(+4)","https://race.netkeiba.com/race/result.html?race_id=202503020711&rf=race_list"
"139","4","2025年7月19日","福島","11R","阿武隈S","芝1800m (右B)","15:45","晴","良","4","8","10","ディープリッチ","牡7","牡","7","53.0","武藤","1:49.9","1.1/4","10.0","134.5","36.4","1-1-1-1","美浦小島","526(0)","https://race.netkeiba.com/race/result.html?race_id=202503020711&rf=race_list"
"140","5","2025年7月19日","福島","11R","阿武隈S","芝1800m (右B)","15:45","晴","良","5","4","4","イケイケドンドン","牡5","牡","5","55.0","大野","1:50.1","1.1/4","5.0","9.4","35.8","6-6-7-7","美浦松山","470(0)","https://race.netkeiba.com/race/result.html?race_id=202503020711&rf=race_list"
"141","6","2025年7月19日","福島","11R","阿武隈S","芝1800m (右B)","15:45","晴","良","6","8","11","ボーモンド","牡4","牡","4","56.0","戸崎圭","1:50.1","クビ","1.0","2.2","36.5","2-2-2-2","美浦国枝","484(-2)","https://race.netkeiba.com/race/result.html?race_id=202503020711&rf=race_list"
"142","7","2025年7月19日","福島","11R","阿武隈S","芝1800m (右B)","15:45","晴","良","7","3","3","ココクレーター","牝5","牝","5","54.0","杉原","1:50.2","3/4","7.0","15.6","35.8","9-8-7-7","美浦浅利","434(-12)","https://race.netkeiba.com/race/result.html?race_id=202503020711&rf=race_list"
"143","8","2025年7月19日","福島","11R","阿武隈S","芝1800m (右B)","15:45","晴","良","8","5","5","グラニット","牡5","牡","5","55.0","丸田","1:50.6","2","6.0","13.4","36.8","3-3-3-2","美浦大和田","468(+2)","https://race.netkeiba.com/race/result.html?race_id=202503020711&rf=race_list"
"144","9","2025年7月19日","福島","11R","阿武隈S","芝1800m (右B)","15:45","晴","良","9","7","9","ダニーデン","牡5","牡","5","55.0","石川","1:50.7","3/4","8.0","19.1","36.1","7-8-9-9","美浦辻","502(-2)","https://race.netkeiba.com/race/result.html?race_id=202503020711&rf=race_list"
"145","10","2025年7月19日","福島","11R","阿武隈S","芝1800m (右B)","15:45","晴","良","10","6","6","ロジマンボ","牡6","牡","6","53.0","内田博","1:50.8","1/2","9.0","95.6","35.7","10-10-10-10","美浦古賀","492(-2)","https://race.netkeiba.com/race/result.html?race_id=202503020711&rf=race_list"
"146","11","2025年7月19日","福島","11R","阿武隈S","芝1800m (右B)","15:45","晴","良","除外","7","8","マイネルティグレ","牡4","牡","4","56.0","津村","","","","","","","栗東西園正","478(+2)","https://race.netkeiba.com/race/result.html?race_id=202503020711&rf=race_list"
"147","1","2025年7月19日","福島","12R","3歳以上1勝クラス","ダ1150m (右)","16:30","晴","良","1","8","10","グラスブランシュ","牝4","牝","4","56.0","大野","1:09.8","","3.0","10.3","35.6","10-10","美浦松山","454(-12)","https://race.netkeiba.com/race/result.html?race_id=202503020712&rf=race_list"
"148","2","2025年7月19日","福島","12R","3歳以上1勝クラス","ダ1150m (右)","16:30","晴","良","2","5","5","オオゾラヒバリ","牝4","牝","4","56.0","野中","1:09.8","クビ","9.0","132.3","36.4","6-6","美浦根本","460(0)","https://race.netkeiba.com/race/result.html?race_id=202503020712&rf=race_list"
"149","3","2025年7月19日","福島","12R","3歳以上1勝クラス","ダ1150m (右)","16:30","晴","良","3","3","3","ピコテンダー","牝3","牝","3","52.0","石川","1:09.9","1/2","1.0","1.5","36.9","3-4","美浦上原佑","484(+2)","https://race.netkeiba.com/race/result.html?race_id=202503020712&rf=race_list"
"150","4","2025年7月19日","福島","12R","3歳以上1勝クラス","ダ1150m (右)","16:30","晴","良","4","6","7","アルヴァレス","牡4","牡","4","58.0","津村","1:09.9","アタマ","7.0","33.0","36.6","5-5","美浦奥村武","466(+4)","https://race.netkeiba.com/race/result.html?race_id=202503020712&rf=race_list"
"151","5","2025年7月19日","福島","12R","3歳以上1勝クラス","ダ1150m (右)","16:30","晴","良","5","1","1","オコジュ","牝5","牝","5","56.0","嶋田","1:10.1","1.1/4","6.0","29.3","37.4","1-1","美浦矢嶋","470(0)","https://race.netkeiba.com/race/result.html?race_id=202503020712&rf=race_list"
"152","6","2025年7月19日","福島","12R","3歳以上1勝クラス","ダ1150m (右)","16:30","晴","良","6","4","4","エコロヴァイス","牡3","牡","3","55.0","三浦","1:10.2","1/2","2.0","3.4","37.2","3-3","美浦堀","492(+8)","https://race.netkeiba.com/race/result.html?race_id=202503020712&rf=race_list"
"153","7","2025年7月19日","福島","12R","3歳以上1勝クラス","ダ1150m (右)","16:30","晴","良","7","6","6","キボウノホシ","セ6","セ","6","58.0","菊沢","1:10.2","ハナ","4.0","18.3","36.5","8-8","美浦奥平","486(-2)","https://race.netkeiba.com/race/result.html?race_id=202503020712&rf=race_list"
"154","8","2025年7月19日","福島","12R","3歳以上1勝クラス","ダ1150m (右)","16:30","晴","良","8","7","8","スターチスブーケ","牝4","牝","4","53.0","▲石田","1:10.3","クビ","8.0","52.0","36.5","8-8","美浦田中勝","502(+12)","https://race.netkeiba.com/race/result.html?race_id=202503020712&rf=race_list"
"155","9","2025年7月19日","福島","12R","3歳以上1勝クラス","ダ1150m (右)","16:30","晴","良","9","7","9","ニシノルミリオン","牡4","牡","4","55.0","▲土田","1:10.5","1.1/4","10.0","185.5","37.7","2-2","美浦加藤和","486(+2)","https://race.netkeiba.com/race/result.html?race_id=202503020712&rf=race_list"
"156","10","2025年7月19日","福島","12R","3歳以上1勝クラス","ダ1150m (右)","16:30","晴","良","10","8","11","サザンレイク","牝5","牝","5","53.0","▲水沼","1:11.4","5","5.0","24.8","37.9","6-6","美浦根本","476(-12)","https://race.netkeiba.com/race/result.html?race_id=202503020712&rf=race_list"
"157","11","2025年7月19日","福島","12R","3歳以上1勝クラス","ダ1150m (右)","16:30","晴","良","11","2","2","アイファーチーター","牡7","牡","7","55.0","▲佐藤","1:13.1","10","11.0","200.1","37.5","11-11","美浦的場","474(-6)","https://race.netkeiba.com/race/result.html?race_id=202503020712&rf=race_list"
"158","1","2025年7月19日","小倉","1R","2歳未勝利","芝1800m (右A)","10:01","晴","稍","1","4","4","ディーリライズ","牡2","牡","2","54.0","☆高杉","1:50.9","","3.0","3.4","36.2","4-6-5-4","栗東緒方","460(0)","https://race.netkeiba.com/race/result.html?race_id=202510020701&rf=race_list"
"159","2","2025年7月19日","小倉","1R","2歳未勝利","芝1800m (右A)","10:01","晴","稍","2","1","1","コロナドブリッジ","牡2","牡","2","55.0","亀田","1:51.0","クビ","1.0","2.5","36.9","1-1-1-1","栗東庄野","512(0)","https://race.netkeiba.com/race/result.html?race_id=202510020701&rf=race_list"
"160","3","2025年7月19日","小倉","1R","2歳未勝利","芝1800m (右A)","10:01","晴","稍","3","3","3","ダイシンデリー","牡2","牡","2","55.0","松山","1:51.3","2","2.0","2.9","37.2","2-3-2-2","栗東池添","452(-6)","https://race.netkeiba.com/race/result.html?race_id=202510020701&rf=race_list"
"161","4","2025年7月19日","小倉","1R","2歳未勝利","芝1800m (右A)","10:01","晴","稍","4","2","2","リヒトミューレ","牡2","牡","2","55.0","幸","1:52.6","8","4.0","7.5","38.5","2-2-2-3","栗東中村","494(+4)","https://race.netkeiba.com/race/result.html?race_id=202510020701&rf=race_list"
"162","5","2025年7月19日","小倉","1R","2歳未勝利","芝1800m (右A)","10:01","晴","稍","5","8","10","ムルーデ","牝2","牝","2","54.0","☆吉村","1:53.4","5","5.0","33.9","38.9","7-3-4-5","栗東藤野","438(-2)","https://race.netkeiba.com/race/result.html?race_id=202510020701&rf=race_list"
"163","6","2025年7月19日","小倉","1R","2歳未勝利","芝1800m (右A)","10:01","晴","稍","6","8","9","ファインブルー","牝2","牝","2","55.0","和田竜","1:53.9","3","6.0","59.7","38.8","9-8-8-7","栗東藤野","428(+6)","https://race.netkeiba.com/race/result.html?race_id=202510020701&rf=race_list"
"164","7","2025年7月19日","小倉","1R","2歳未勝利","芝1800m (右A)","10:01","晴","稍","7","6","6","ニシノイーグレット","牡2","牡","2","51.0","★河原田","1:55.1","7","8.0","96.1","39.9","9-8-8-9","美浦小手川","406(+2)","https://race.netkeiba.com/race/result.html?race_id=202510020701&rf=race_list"
"165","8","2025年7月19日","小倉","1R","2歳未勝利","芝1800m (右A)","10:01","晴","稍","8","5","5","テーオールーラー","牡2","牡","2","55.0","田口","1:55.6","3","7.0","66.5","40.8","8-6-7-6","栗東清水久","418(0)","https://race.netkeiba.com/race/result.html?race_id=202510020701&rf=race_list"
"166","9","2025年7月19日","小倉","1R","2歳未勝利","芝1800m (右A)","10:01","晴","稍","9","7","7","コパノバハマ","牡2","牡","2","55.0","小崎","1:55.9","2","10.0","150.8","41.2","4-3-5-7","栗東松永幹","432(-4)","https://race.netkeiba.com/race/result.html?race_id=202510020701&rf=race_list"
"167","10","2025年7月19日","小倉","1R","2歳未勝利","芝1800m (右A)","10:01","晴","稍","10","7","8","カシノプロスペリテ","牝2","牝","2","55.0","秋山稔","1:59.1","大","9.0","122.8","43.4","4-8-10-10","美浦蛯名利","416(+10)","https://race.netkeiba.com/race/result.html?race_id=202510020701&rf=race_list"
"168","1","2025年7月19日","小倉","2R","3歳未勝利","ダ1000m (右)","10:35","晴","重","1","3","3","アスコットアイ","牝3","牝","3","54.0","☆高杉","0:57.8","","2.0","3.5","35.3","2-2","栗東緒方","436(+2)","https://race.netkeiba.com/race/result.html?race_id=202510020702&rf=race_list"
"169","2","2025年7月19日","小倉","2R","3歳未勝利","ダ1000m (右)","10:35","晴","重","2","6","10","アルムチャーチル","牡3","牡","3","57.0","幸","0:57.8","1/2","4.0","8.7","35.1","3-3","栗東北出","466(-8)","https://race.netkeiba.com/race/result.html?race_id=202510020702&rf=race_list"
"170","3","2025年7月19日","小倉","2R","3歳未勝利","ダ1000m (右)","10:35","晴","重","3","6","9","アイファーモービル","牡3","牡","3","57.0","坂井","0:57.9","1/2","1.0","2.9","35.1","4-3","栗東井上","458(-8)","https://race.netkeiba.com/race/result.html?race_id=202510020702&rf=race_list"
"171","4","2025年7月19日","小倉","2R","3歳未勝利","ダ1000m (右)","10:35","晴","重","4","7","11","シュテルンビルト","牡3","牡","3","57.0","松山","0:58.2","1.1/2","3.0","4.1","35.3","5-5","栗東森田","462(+4)","https://race.netkeiba.com/race/result.html?race_id=202510020702&rf=race_list"
"172","5","2025年7月19日","小倉","2R","3歳未勝利","ダ1000m (右)","10:35","晴","重","5","5","8","レイワエポック","牝3","牝","3","55.0","亀田","0:58.9","4","9.0","62.4","36.4","1-1","栗東高柳大","428(+10)","https://race.netkeiba.com/race/result.html?race_id=202510020702&rf=race_list"
"173","6","2025年7月19日","小倉","2R","3歳未勝利","ダ1000m (右)","10:35","晴","重","6","4","5","ダーカザンブラック","牝3","牝","3","52.0","▲田山","0:58.9","クビ","7.0","19.7","35.9","5-6","栗東坂口","446(0)","https://race.netkeiba.com/race/result.html?race_id=202510020702&rf=race_list"
"174","7","2025年7月19日","小倉","2R","3歳未勝利","ダ1000m (右)","10:35","晴","重","7","4","6","ウインクルホープ","牝3","牝","3","55.0","長岡","0:59.2","1.1/2","11.0","227.4","35.9","8-6","栗東高橋亮","416(-6)","https://race.netkeiba.com/race/result.html?race_id=202510020702&rf=race_list"
"175","8","2025年7月19日","小倉","2R","3歳未勝利","ダ1000m (右)","10:35","晴","重","8","8","14","ブライトノヴァ","牡3","牡","3","57.0","小崎","0:59.9","4","6.0","15.7","36.7","7-8","栗東茶木","480(-2)","https://race.netkeiba.com/race/result.html?race_id=202510020702&rf=race_list"
"176","9","2025年7月19日","小倉","2R","3歳未勝利","ダ1000m (右)","10:35","晴","重","9","3","4","アースノイド","牡3","牡","3","57.0","秋山稔","0:59.9","クビ","5.0","10.2","36.0","10-9","栗東杉山佳","466(+12)","https://race.netkeiba.com/race/result.html?race_id=202510020702&rf=race_list"
"177","10","2025年7月19日","小倉","2R","3歳未勝利","ダ1000m (右)","10:35","晴","重","10","8","13","トーアカフウ","牝3","牝","3","54.0","☆吉村","1:00.5","3.1/2","8.0","48.2","36.7","10-11","栗東牧田","424(-2)","https://race.netkeiba.com/race/result.html?race_id=202510020702&rf=race_list"
"178","11","2025年7月19日","小倉","2R","3歳未勝利","ダ1000m (右)","10:35","晴","重","11","5","7","メイショウハント","牡3","牡","3","53.0","★河原田","1:00.8","2","12.0","229.7","37.3","9-9","栗東石橋","436(-4)","https://race.netkeiba.com/race/result.html?race_id=202510020702&rf=race_list"
"179","12","2025年7月19日","小倉","2R","3歳未勝利","ダ1000m (右)","10:35","晴","重","12","2","2","メイショウワタユキ","牝3","牝","3","52.0","▲川端","1:01.2","2.1/2","14.0","279.0","37.3","10-12","栗東安達","438(-4)","https://race.netkeiba.com/race/result.html?race_id=202510020702&rf=race_list"
"180","13","2025年7月19日","小倉","2R","3歳未勝利","ダ1000m (右)","10:35","晴","重","13","7","12","ココナッツリゾート","牝3","牝","3","53.0","◇永島","1:01.3","クビ","10.0","115.0","37.2","13-12","栗東畑端","402(0)","https://race.netkeiba.com/race/result.html?race_id=202510020702&rf=race_list"
"181","14","2025年7月19日","小倉","2R","3歳未勝利","ダ1000m (右)","10:35","晴","重","14","1","1","ダイユウブルー","牝3","牝","3","55.0","城戸","1:02.1","5","13.0","262.0","37.7","14-12","栗東荒川","400(+2)","https://race.netkeiba.com/race/result.html?race_id=202510020702&rf=race_list"
"182","1","2025年7月19日","小倉","3R","3歳未勝利","芝2000m (右A)","11:05","晴","稍","1","7","14","ドマーネ","牝3","牝","3","55.0","国分恭","2:02.8","","10.0","60.4","36.3","12-12-10-9","栗東辻野","436(-2)","https://race.netkeiba.com/race/result.html?race_id=202510020703&rf=race_list"
"183","2","2025年7月19日","小倉","3R","3歳未勝利","芝2000m (右A)","11:05","晴","稍","2","8","17","ジョリーピクシー","牝3","牝","3","51.0","★河原田","2:02.8","ハナ","9.0","41.9","36.0","16-16-14-9","栗東笹田","452(+10)","https://race.netkeiba.com/race/result.html?race_id=202510020703&rf=race_list"
"184","3","2025年7月19日","小倉","3R","3歳未勝利","芝2000m (右A)","11:05","晴","稍","3","7","15","アイスモント","牝3","牝","3","55.0","坂井","2:03.1","1.3/4","1.0","2.6","37.2","3-3-2-1","栗東宮本","438(+2)","https://race.netkeiba.com/race/result.html?race_id=202510020703&rf=race_list"
"185","4","2025年7月19日","小倉","3R","3歳未勝利","芝2000m (右A)","11:05","晴","稍","4","1","1","ダノンフィオーレ","牝3","牝","3","55.0","松山","2:03.2","1/2","4.0","9.4","36.9","5-5-6-6","栗東藤原","454(0)","https://race.netkeiba.com/race/result.html?race_id=202510020703&rf=race_list"
"186","5","2025年7月19日","小倉","3R","3歳未勝利","芝2000m (右A)","11:05","晴","稍","5","7","13","ポジターノ","牝3","牝","3","54.0","☆高杉","2:03.3","1/2","6.0","30.6","37.1","5-5-6-6","栗東飯田","414(+2)","https://race.netkeiba.com/race/result.html?race_id=202510020703&rf=race_list"
"187","6","2025年7月19日","小倉","3R","3歳未勝利","芝2000m (右A)","11:05","晴","稍","6","4","8","オメガストリーム","牝3","牝","3","53.0","◇永島","2:03.5","3/4","12.0","81.6","37.3","16-17-6-6","栗東今野","472(+2)","https://race.netkeiba.com/race/result.html?race_id=202510020703&rf=race_list"
"188","7","2025年7月19日","小倉","3R","3歳未勝利","芝2000m (右A)","11:05","晴","稍","7","2","4","ルージュサンセール","牝3","牝","3","54.0","☆西塚","2:03.7","1.1/4","17.0","220.7","36.6","12-15-18-16","栗東松永幹","482(+4)","https://race.netkeiba.com/race/result.html?race_id=202510020703&rf=race_list"
"189","8","2025年7月19日","小倉","3R","3歳未勝利","芝2000m (右A)","11:05","晴","稍","8","1","2","ニューヤンキー","牝3","牝","3","55.0","和田竜","2:03.8","1","2.0","3.5","37.8","3-3-5-4","栗東中内田","492(+4)","https://race.netkeiba.com/race/result.html?race_id=202510020703&rf=race_list"
"190","9","2025年7月19日","小倉","3R","3歳未勝利","芝2000m (右A)","11:05","晴","稍","9","3","5","ショウナンマハト","牝3","牝","3","54.0","☆吉村","2:03.9","1/2","15.0","114.0","37.4","8-9-10-9","栗東清水久","440(-2)","https://race.netkeiba.com/race/result.html?race_id=202510020703&rf=race_list"
"191","10","2025年7月19日","小倉","3R","3歳未勝利","芝2000m (右A)","11:05","晴","稍","10","5","9","シェーラ","牝3","牝","3","55.0","田口","2:03.9","クビ","8.0","38.6","37.1","12-13-14-12","栗東牧田","418(-2)","https://race.netkeiba.com/race/result.html?race_id=202510020703&rf=race_list"
"192","11","2025年7月19日","小倉","3R","3歳未勝利","芝2000m (右A)","11:05","晴","稍","11","5","10","メイショウサノサ","牝3","牝","3","55.0","酒井","2:04.0","1/2","7.0","32.3","37.5","8-9-10-14","栗東庄野","436(+4)","https://race.netkeiba.com/race/result.html?race_id=202510020703&rf=race_list"
"193","12","2025年7月19日","小倉","3R","3歳未勝利","芝2000m (右A)","11:05","晴","稍","12","8","18","ミッキータンバリン","牝3","牝","3","55.0","松若","2:04.1","クビ","13.0","97.8","38.4","1-1-1-2","栗東池添","438(-8)","https://race.netkeiba.com/race/result.html?race_id=202510020703&rf=race_list"
"194","13","2025年7月19日","小倉","3R","3歳未勝利","芝2000m (右A)","11:05","晴","稍","13","6","12","ピリナマアナ","牝3","牝","3","55.0","幸","2:04.1","クビ","5.0","12.2","38.3","18-18-2-4","栗東橋口","438(0)","https://race.netkeiba.com/race/result.html?race_id=202510020703&rf=race_list"
"195","14","2025年7月19日","小倉","3R","3歳未勝利","芝2000m (右A)","11:05","晴","稍","14","8","16","スイートゥンビター","牝3","牝","3","52.0","▲田山","2:04.5","2","14.0","108.6","38.3","5-5-6-12","栗東辻野","408(0)","https://race.netkeiba.com/race/result.html?race_id=202510020703&rf=race_list"
"196","15","2025年7月19日","小倉","3R","3歳未勝利","芝2000m (右A)","11:05","晴","稍","15","2","3","ピュアコレクション","牝3","牝","3","55.0","長岡","2:04.7","1.1/4","16.0","181.7","38.0","8-9-14-14","栗東小椋","436(-8)","https://race.netkeiba.com/race/result.html?race_id=202510020703&rf=race_list"
"197","16","2025年7月19日","小倉","3R","3歳未勝利","芝2000m (右A)","11:05","晴","稍","16","4","7","エルモドンナ","牝3","牝","3","55.0","高倉","2:04.8","1/2","11.0","79.5","37.8","12-13-17-16","栗東杉山晴","458(-2)","https://race.netkeiba.com/race/result.html?race_id=202510020703&rf=race_list"
"198","17","2025年7月19日","小倉","3R","3歳未勝利","芝2000m (右A)","11:05","晴","稍","17","3","6","ディナーラッシュ","牝3","牝","3","55.0","川田","2:06.1","8","3.0","4.7","40.3","2-2-2-2","栗東寺島","454(-4)","https://race.netkeiba.com/race/result.html?race_id=202510020703&rf=race_list"
"199","18","2025年7月19日","小倉","3R","3歳未勝利","芝2000m (右A)","11:05","晴","稍","18","6","11","メイショウクレピス","牝3","牝","3","55.0","角田和","2:06.7","3.1/2","18.0","367.8","40.2","8-8-10-18","栗東本田","502(0)","https://race.netkeiba.com/race/result.html?race_id=202510020703&rf=race_list"
"200","1","2025年7月19日","小倉","4R","3歳未勝利","芝1800m (右A)","11:35","晴","稍","1","7","13","レインオンミー","牡3","牡","3","57.0","和田竜","1:50.9","","6.0","13.7","35.9","8-7-6-5","栗東福永","474(-10)","https://race.netkeiba.com/race/result.html?race_id=202510020704&rf=race_list"
"201","2","2025年7月19日","小倉","4R","3歳未勝利","芝1800m (右A)","11:35","晴","稍","2","2","3","エアビッグマム","牝3","牝","3","54.0","☆西塚","1:51.0","1/2","5.0","12.9","36.2","3-3-4-3","栗東笹田","506(+4)","https://race.netkeiba.com/race/result.html?race_id=202510020704&rf=race_list"
"202","3","2025年7月19日","小倉","4R","3歳未勝利","芝1800m (右A)","11:35","晴","稍","3","3","5","メイショウアイル","牡3","牡","3","57.0","秋山稔","1:51.3","1.1/2","4.0","7.9","35.9","7-9-9-7","栗東高橋忠","480(+2)","https://race.netkeiba.com/race/result.html?race_id=202510020704&rf=race_list"
"203","4","2025年7月19日","小倉","4R","3歳未勝利","芝1800m (右A)","11:35","晴","稍","4","8","15","バリアシオン","牝3","牝","3","55.0","幸","1:51.3","ハナ","7.0","19.0","36.8","1-1-1-1","栗東西園正","480(-6)","https://race.netkeiba.com/race/result.html?race_id=202510020704&rf=race_list"
"204","5","2025年7月19日","小倉","4R","3歳未勝利","芝1800m (右A)","11:35","晴","稍","5","6","11","サフランクイン","牝3","牝","3","55.0","高倉","1:51.5","1.1/2","12.0","72.4","36.6","8-5-4-5","栗東渡辺","430(+4)","https://race.netkeiba.com/race/result.html?race_id=202510020704&rf=race_list"
"205","6","2025年7月19日","小倉","4R","3歳未勝利","芝1800m (右A)","11:35","晴","稍","6","1","1","アドラビーレ","牝3","牝","3","55.0","松山","1:51.5","アタマ","2.0","3.6","35.8","8-10-12-9","栗東石坂","436(-8)","https://race.netkeiba.com/race/result.html?race_id=202510020704&rf=race_list"
"206","7","2025年7月19日","小倉","4R","3歳未勝利","芝1800m (右A)","11:35","晴","稍","7","5","9","ジュンライトニング","牡3","牡","3","56.0","☆吉村","1:51.6","クビ","1.0","3.3","36.9","4-3-3-3","栗東清水久","442(0)","https://race.netkeiba.com/race/result.html?race_id=202510020704&rf=race_list"
"207","8","2025年7月19日","小倉","4R","3歳未勝利","芝1800m (右A)","11:35","晴","稍","8","2","4","エコロアテナ","牝3","牝","3","55.0","団野","1:51.6","クビ","3.0","4.8","37.0","2-2-2-2","栗東須貝","430(-6)","https://race.netkeiba.com/race/result.html?race_id=202510020704&rf=race_list"
"208","9","2025年7月19日","小倉","4R","3歳未勝利","芝1800m (右A)","11:35","晴","稍","9","1","2","シャヴィット","牝3","牝","3","55.0","小崎","1:51.7","クビ","8.0","23.0","35.7","15-15-13-12","栗東小椋","470(+6)","https://race.netkeiba.com/race/result.html?race_id=202510020704&rf=race_list"
"209","10","2025年7月19日","小倉","4R","3歳未勝利","芝1800m (右A)","11:35","晴","稍","10","4","7","ノボリディアマン","牡3","牡","3","57.0","中井","1:51.7","クビ","10.0","57.1","36.5","11-10-7-7","栗東緒方","450(+10)","https://race.netkeiba.com/race/result.html?race_id=202510020704&rf=race_list"
"210","11","2025年7月19日","小倉","4R","3歳未勝利","芝1800m (右A)","11:35","晴","稍","11","8","16","マットーネロッソ","牝3","牝","3","52.0","▲田山","1:51.9","1.1/4","14.0","82.9","36.5","4-5-9-10","栗東中尾","466(-4)","https://race.netkeiba.com/race/result.html?race_id=202510020704&rf=race_list"
"211","12","2025年7月19日","小倉","4R","3歳未勝利","芝1800m (右A)","11:35","晴","稍","12","6","12","モズラッキー","牝3","牝","3","51.0","★河原田","1:52.4","3","9.0","48.8","36.4","12-13-13-14","栗東牧浦","426(-6)","https://race.netkeiba.com/race/result.html?race_id=202510020704&rf=race_list"
"212","13","2025年7月19日","小倉","4R","3歳未勝利","芝1800m (右A)","11:35","晴","稍","13","7","14","レッドソルテ","牡3","牡","3","57.0","酒井","1:52.5","1/2","11.0","66.6","37.0","12-12-11-10","栗東須貝","478(+10)","https://race.netkeiba.com/race/result.html?race_id=202510020704&rf=race_list"
"213","14","2025年7月19日","小倉","4R","3歳未勝利","芝1800m (右A)","11:35","晴","稍","14","4","8","ユアマイスター","牝3","牝","3","55.0","国分恭","1:54.6","大","13.0","80.5","39.4","4-7-7-12","栗東森田","424(-2)","https://race.netkeiba.com/race/result.html?race_id=202510020704&rf=race_list"
"214","15","2025年7月19日","小倉","4R","3歳未勝利","芝1800m (右A)","11:35","晴","稍","15","5","10","アンファング","牡3","牡","3","57.0","川須","1:54.7","1/2","16.0","193.7","37.8","16-16-16-15","栗東森田","500(-8)","https://race.netkeiba.com/race/result.html?race_id=202510020704&rf=race_list"
"215","16","2025年7月19日","小倉","4R","3歳未勝利","芝1800m (右A)","11:35","晴","稍","16","3","6","テーオーニルソン","牝3","牝","3","53.0","◇永島","1:56.4","10","15.0","168.1","39.7","14-14-15-15","栗東梅田","446(-2)","https://race.netkeiba.com/race/result.html?race_id=202510020704&rf=race_list"
"216","1","2025年7月19日","小倉","5R","2歳新馬","芝1200m (右A)","12:25","晴","良","1","8","8","ナムラドロン","牡2","牡","2","55.0","松山","1:11.0","","2.0","3.1","36.2","1-2","栗東鈴木孝","472(0)","https://race.netkeiba.com/race/result.html?race_id=202510020705&rf=race_list"
"217","2","2025年7月19日","小倉","5R","2歳新馬","芝1200m (右A)","12:25","晴","良","2","5","5","アウトザロー","牡2","牡","2","55.0","和田竜","1:11.1","クビ","7.0","39.6","36.1","5-4","栗東藤野","472(0)","https://race.netkeiba.com/race/result.html?race_id=202510020705&rf=race_list"
"218","3","2025年7月19日","小倉","5R","2歳新馬","芝1200m (右A)","12:25","晴","良","3","4","4","フルムーン","牡2","牡","2","54.0","☆高杉","1:11.1","アタマ","1.0","2.4","36.3","2-2","栗東藤岡","460(0)","https://race.netkeiba.com/race/result.html?race_id=202510020705&rf=race_list"
"219","4","2025年7月19日","小倉","5R","2歳新馬","芝1200m (右A)","12:25","晴","良","4","7","7","サンタクローチェ","牝2","牝","2","55.0","城戸","1:11.7","3.1/2","9.0","61.6","36.6","5-4","栗東西村","446(0)","https://race.netkeiba.com/race/result.html?race_id=202510020705&rf=race_list"
"220","5","2025年7月19日","小倉","5R","2歳新馬","芝1200m (右A)","12:25","晴","良","5","2","2","シュタルク","牡2","牡","2","55.0","団野","1:12.1","2.1/2","3.0","3.6","37.3","2-1","栗東河嶋","478(0)","https://race.netkeiba.com/race/result.html?race_id=202510020705&rf=race_list"
"221","6","2025年7月19日","小倉","5R","2歳新馬","芝1200m (右A)","12:25","晴","良","6","6","6","ジャストアダッシュ","牡2","牡","2","55.0","松若","1:12.3","1.1/4","5.0","13.7","37.5","2-6","栗東藤野","468(0)","https://race.netkeiba.com/race/result.html?race_id=202510020705&rf=race_list"
"222","7","2025年7月19日","小倉","5R","2歳新馬","芝1200m (右A)","12:25","晴","良","7","8","9","エンジェルグラース","牝2","牝","2","53.0","◇永島","1:12.3","クビ","6.0","37.9","36.5","9-9","栗東高橋康","436(0)","https://race.netkeiba.com/race/result.html?race_id=202510020705&rf=race_list"
"223","8","2025年7月19日","小倉","5R","2歳新馬","芝1200m (右A)","12:25","晴","良","8","3","3","シャンデヴィーニュ","牝2","牝","2","55.0","幸","1:12.5","1.1/4","4.0","11.7","37.5","5-6","栗東秋山","442(0)","https://race.netkeiba.com/race/result.html?race_id=202510020705&rf=race_list"
"224","9","2025年7月19日","小倉","5R","2歳新馬","芝1200m (右A)","12:25","晴","良","9","1","1","テイエムスワーブ","牝2","牝","2","55.0","川須","1:13.3","5","8.0","45.5","37.9","8-8","栗東小椋","412(0)","https://race.netkeiba.com/race/result.html?race_id=202510020705&rf=race_list"
"225","1","2025年7月19日","小倉","6R","3歳未勝利","ダ1700m (右)","12:55","晴","重","1","7","14","カルミアクラウン","牝3","牝","3","52.0","▲田山","1:45.0","","4.0","6.2","37.7","3-3-3-3","栗東吉岡","434(-2)","https://race.netkeiba.com/race/result.html?race_id=202510020706&rf=race_list"
"226","2","2025年7月19日","小倉","6R","3歳未勝利","ダ1700m (右)","12:55","晴","重","2","7","13","シュパネントウィル","牡3","牡","3","57.0","川田","1:45.0","クビ","2.0","4.5","37.9","2-2-2-2","栗東吉村","490(-2)","https://race.netkeiba.com/race/result.html?race_id=202510020706&rf=race_list"
"227","3","2025年7月19日","小倉","6R","3歳未勝利","ダ1700m (右)","12:55","晴","重","3","3","5","アルデフォックス","セ3","セ","3","56.0","☆高杉","1:45.2","1","3.0","5.3","38.4","1-1-1-1","栗東藤岡","518(-2)","https://race.netkeiba.com/race/result.html?race_id=202510020706&rf=race_list"
"228","4","2025年7月19日","小倉","6R","3歳未勝利","ダ1700m (右)","12:55","晴","重","4","8","15","ストラーダレアーレ","牡3","牡","3","55.0","◇永島","1:45.3","クビ","6.0","16.6","37.6","7-7-7-7","栗東大久保","486(-8)","https://race.netkeiba.com/race/result.html?race_id=202510020706&rf=race_list"
"229","5","2025年7月19日","小倉","6R","3歳未勝利","ダ1700m (右)","12:55","晴","重","5","3","6","ゼンノソブリン","牡3","牡","3","57.0","田口","1:45.5","1.1/2","9.0","31.6","38.1","3-3-3-4","栗東四位","488(+8)","https://race.netkeiba.com/race/result.html?race_id=202510020706&rf=race_list"
"230","6","2025年7月19日","小倉","6R","3歳未勝利","ダ1700m (右)","12:55","晴","重","6","4","8","マナエトレ","牡3","牡","3","56.0","☆吉村","1:45.5","ハナ","5.0","8.7","38.0","6-5-5-5","栗東清水久","470(-4)","https://race.netkeiba.com/race/result.html?race_id=202510020706&rf=race_list"
"231","7","2025年7月19日","小倉","6R","3歳未勝利","ダ1700m (右)","12:55","晴","重","7","1","1","インマイブラッド","牝3","牝","3","55.0","川須","1:45.5","ハナ","11.0","122.2","37.9","7-7-7-7","栗東中尾","420(+2)","https://race.netkeiba.com/race/result.html?race_id=202510020706&rf=race_list"
"232","8","2025年7月19日","小倉","6R","3歳未勝利","ダ1700m (右)","12:55","晴","重","8","1","2","ダシータピット","牡3","牡","3","53.0","★河原田","1:45.7","1.1/4","7.0","20.5","37.3","13-12-12-12","栗東中竹","468(+11)","https://race.netkeiba.com/race/result.html?race_id=202510020706&rf=race_list"
"233","9","2025年7月19日","小倉","6R","3歳未勝利","ダ1700m (右)","12:55","晴","重","9","5","10","ドウジャスティ","牡3","牡","3","57.0","坂井","1:45.9","1","1.0","3.0","38.4","3-5-5-5","栗東池江","488(-2)","https://race.netkeiba.com/race/result.html?race_id=202510020706&rf=race_list"
"234","10","2025年7月19日","小倉","6R","3歳未勝利","ダ1700m (右)","12:55","晴","重","10","8","16","エイシンキャロッツ","牡3","牡","3","57.0","和田竜","1:46.0","1","8.0","21.7","38.0","9-10-10-10","栗東小崎","462(-2)","https://race.netkeiba.com/race/result.html?race_id=202510020706&rf=race_list"
"235","11","2025年7月19日","小倉","6R","3歳未勝利","ダ1700m (右)","12:55","晴","重","11","2","4","チュウワロンドン","牡3","牡","3","57.0","加藤","1:48.2","大","16.0","392.8","40.3","11-10-10-9","栗東庄野","476(-6)","https://race.netkeiba.com/race/result.html?race_id=202510020706&rf=race_list"
"236","12","2025年7月19日","小倉","6R","3歳未勝利","ダ1700m (右)","12:55","晴","重","12","4","7","キャットサンライズ","牝3","牝","3","55.0","中井","1:48.3","1/2","13.0","183.6","40.5","9-9-9-10","栗東庄野","460(+16)","https://race.netkeiba.com/race/result.html?race_id=202510020706&rf=race_list"
"237","13","2025年7月19日","小倉","6R","3歳未勝利","ダ1700m (右)","12:55","晴","重","13","6","11","リライトヒストリー","牡3","牡","3","57.0","幸","1:48.6","1.3/4","15.0","244.3","39.3","14-14-14-14","栗東安達","468(0)","https://race.netkeiba.com/race/result.html?race_id=202510020706&rf=race_list"
"238","14","2025年7月19日","小倉","6R","3歳未勝利","ダ1700m (右)","12:55","晴","重","14","6","12","ボンショワ","牝3","牝","3","55.0","角田和","1:48.7","クビ","14.0","213.0","40.2","12-12-12-13","栗東長谷川","486(-18)","https://race.netkeiba.com/race/result.html?race_id=202510020706&rf=race_list"
"239","15","2025年7月19日","小倉","6R","3歳未勝利","ダ1700m (右)","12:55","晴","重","15","2","3","インザスカイ","牡3","牡","3","57.0","岩田康","1:49.5","5","10.0","49.7","38.9","15-15-15-15","栗東佐藤悠","504(-2)","https://race.netkeiba.com/race/result.html?race_id=202510020706&rf=race_list"
"240","16","2025年7月19日","小倉","6R","3歳未勝利","ダ1700m (右)","12:55","晴","重","16","5","9","ゴールドエンペラー","牡3","牡","3","54.0","▲川端","1:49.5","ハナ","12.0","151.5","38.9","16-16-15-15","栗東羽月","500(-16)","https://race.netkeiba.com/race/result.html?race_id=202510020706&rf=race_list"
"241","1","2025年7月19日","小倉","7R","3歳以上1勝クラス","芝1200m (右A)","13:25","晴","良","1","3","3","レディメローラ","牝5","牝","5","56.0","和田竜","1:08.9","","8.0","40.5","35.0","6-5","栗東北出","414(-4)","https://race.netkeiba.com/race/result.html?race_id=202510020707&rf=race_list"
"242","2","2025年7月19日","小倉","7R","3歳以上1勝クラス","芝1200m (右A)","13:25","晴","良","2","2","2","ジェニファー","牝4","牝","4","53.0","▲田山","1:09.1","1","3.0","6.4","35.7","2-2","栗東浜田","458(0)","https://race.netkeiba.com/race/result.html?race_id=202510020707&rf=race_list"
"243","3","2025年7月19日","小倉","7R","3歳以上1勝クラス","芝1200m (右A)","13:25","晴","良","3","1","1","アンダースコア","牡3","牡","3","55.0","田口","1:09.1","クビ","5.0","14.2","35.3","5-5","栗東庄野","456(+4)","https://race.netkeiba.com/race/result.html?race_id=202510020707&rf=race_list"
"244","4","2025年7月19日","小倉","7R","3歳以上1勝クラス","芝1200m (右A)","13:25","晴","良","4","7","7","バニーラビット","牡3","牡","3","55.0","団野","1:09.1","ハナ","6.0","15.1","34.9","7-7","栗東武幸","496(+10)","https://race.netkeiba.com/race/result.html?race_id=202510020707&rf=race_list"
"245","5","2025年7月19日","小倉","7R","3歳以上1勝クラス","芝1200m (右A)","13:25","晴","良","5","8","9","デボラ","牝3","牝","3","51.0","◇永島","1:09.6","3","2.0","4.9","36.0","3-3","栗東西園正","468(+4)","https://race.netkeiba.com/race/result.html?race_id=202510020707&rf=race_list"
"246","6","2025年7月19日","小倉","7R","3歳以上1勝クラス","芝1200m (右A)","13:25","晴","良","6","4","4","ファルシオン","牝5","牝","5","52.0","★河原田","1:09.7","1/2","7.0","37.3","35.4","7-8","栗東羽月","450(+8)","https://race.netkeiba.com/race/result.html?race_id=202510020707&rf=race_list"
"247","7","2025年7月19日","小倉","7R","3歳以上1勝クラス","芝1200m (右A)","13:25","晴","良","7","5","5","ナムライリス","牝4","牝","4","56.0","角田和","1:09.8","1/2","4.0","12.6","35.3","9-9","栗東中竹","442(-4)","https://race.netkeiba.com/race/result.html?race_id=202510020707&rf=race_list"
"248","8","2025年7月19日","小倉","7R","3歳以上1勝クラス","芝1200m (右A)","13:25","晴","良","8","6","6","ベルビースタローン","牝3","牝","3","53.0","川田","1:09.8","クビ","1.0","1.6","36.3","3-3","栗東西村","500(-2)","https://race.netkeiba.com/race/result.html?race_id=202510020707&rf=race_list"
"249","9","2025年7月19日","小倉","7R","3歳以上1勝クラス","芝1200m (右A)","13:25","晴","良","9","8","8","ミジョカスマイル","牝3","牝","3","53.0","加藤","1:10.3","3","9.0","213.6","37.0","1-1","栗東庄野","448(+4)","https://race.netkeiba.com/race/result.html?race_id=202510020707&rf=race_list"
"250","1","2025年7月19日","小倉","8R","3歳以上1勝クラス","芝2000m (右A)","13:55","晴","良","1","1","1","マトラコーニッシュ","牝3","牝","3","53.0","松山","2:02.5","","3.0","4.6","36.0","6-6-7-7","栗東池添","434(-2)","https://race.netkeiba.com/race/result.html?race_id=202510020708&rf=race_list"
"251","2","2025年7月19日","小倉","8R","3歳以上1勝クラス","芝2000m (右A)","13:55","晴","良","2","7","7","サタデーサンライズ","牝3","牝","3","53.0","坂井","2:02.9","2.1/2","1.0","2.7","36.8","2-2-2-2","栗東石坂","442(0)","https://race.netkeiba.com/race/result.html?race_id=202510020708&rf=race_list"
"252","3","2025年7月19日","小倉","8R","3歳以上1勝クラス","芝2000m (右A)","13:55","晴","良","3","8","9","サイレントグルーヴ","牝4","牝","4","56.0","角田和","2:03.1","1","4.0","5.3","36.8","3-5-4-3","栗東角田","498(+6)","https://race.netkeiba.com/race/result.html?race_id=202510020708&rf=race_list"
"253","4","2025年7月19日","小倉","8R","3歳以上1勝クラス","芝2000m (右A)","13:55","晴","良","4","2","2","ブルーミングローズ","牝3","牝","3","53.0","幸","2:03.3","1.1/4","7.0","18.6","36.8","8-8-7-7","栗東高野","456(0)","https://race.netkeiba.com/race/result.html?race_id=202510020708&rf=race_list"
"254","5","2025年7月19日","小倉","8R","3歳以上1勝クラス","芝2000m (右A)","13:55","晴","良","5","3","3","サラダ","牝3","牝","3","53.0","高倉","2:03.4","1","6.0","14.7","37.1","9-10-4-3","栗東武英","444(+2)","https://race.netkeiba.com/race/result.html?race_id=202510020708&rf=race_list"
"255","6","2025年7月19日","小倉","8R","3歳以上1勝クラス","芝2000m (右A)","13:55","晴","良","6","7","8","モルティフレーバー","牝3","牝","3","52.0","☆吉村","2:04.3","5","5.0","10.1","38.3","1-1-1-1","栗東清水久","454(0)","https://race.netkeiba.com/race/result.html?race_id=202510020708&rf=race_list"
"256","7","2025年7月19日","小倉","8R","3歳以上1勝クラス","芝2000m (右A)","13:55","晴","良","7","8","10","オリバナム","牝3","牝","3","53.0","団野","2:04.3","ハナ","2.0","4.3","38.2","3-3-2-3","栗東斉藤崇","482(+12)","https://race.netkeiba.com/race/result.html?race_id=202510020708&rf=race_list"
"257","8","2025年7月19日","小倉","8R","3歳以上1勝クラス","芝2000m (右A)","13:55","晴","良","8","4","4","ルージュサリナス","牝4","牝","4","54.0","◇永島","2:04.6","1.3/4","10.0","108.1","37.7","9-9-10-9","栗東加藤公","418(-12)","https://race.netkeiba.com/race/result.html?race_id=202510020708&rf=race_list"
"258","9","2025年7月19日","小倉","8R","3歳以上1勝クラス","芝2000m (右A)","13:55","晴","良","9","6","6","マハナ","牝4","牝","4","55.0","☆西塚","2:04.7","1/2","8.0","69.4","38.1","6-6-9-9","栗東井上","434(0)","https://race.netkeiba.com/race/result.html?race_id=202510020708&rf=race_list"
"259","10","2025年7月19日","小倉","8R","3歳以上1勝クラス","芝2000m (右A)","13:55","晴","良","10","5","5","グラヴィテ","牝7","牝","7","53.0","▲川端","2:04.7","アタマ","9.0","76.4","38.5","3-3-4-6","栗東藤野","484(-12)","https://race.netkeiba.com/race/result.html?race_id=202510020708&rf=race_list"
"260","1","2025年7月19日","小倉","9R","ひまわり賞","芝1200m (右A)","14:25","晴","良","1","6","12","アンヘリータス","牝2","牝","2","55.0","川田","1:10.3","","3.0","5.5","36.1","2-2","栗東吉村","418(+4)","https://race.netkeiba.com/race/result.html?race_id=202510020709&rf=race_list"
"261","2","2025年7月19日","小倉","9R","ひまわり賞","芝1200m (右A)","14:25","晴","良","2","4","8","ダイチノナポリ","牝2","牝","2","53.0","太宰","1:10.4","1","5.0","19.5","36.0","5-5","栗東畑端","424(-4)","https://race.netkeiba.com/race/result.html?race_id=202510020709&rf=race_list"
"262","3","2025年7月19日","小倉","9R","ひまわり賞","芝1200m (右A)","14:25","晴","良","3","1","1","カラクニダケ","牡2","牡","2","55.0","幸","1:10.5","1/2","1.0","1.6","36.2","3-5","栗東谷","478(+2)","https://race.netkeiba.com/race/result.html?race_id=202510020709&rf=race_list"
"263","4","2025年7月19日","小倉","9R","ひまわり賞","芝1200m (右A)","14:25","晴","良","4","8","18","アクティングエリア","牝2","牝","2","53.0","和田竜","1:10.6","クビ","8.0","36.1","36.2","5-3","美浦天間","446(+4)","https://race.netkeiba.com/race/result.html?race_id=202510020709&rf=race_list"
"264","5","2025年7月19日","小倉","9R","ひまわり賞","芝1200m (右A)","14:25","晴","良","5","8","17","エイシンディアマン","牝2","牝","2","55.0","高倉","1:10.7","1/2","6.0","23.1","36.4","3-3","栗東中尾","444(-2)","https://race.netkeiba.com/race/result.html?race_id=202510020709&rf=race_list"
"265","6","2025年7月19日","小倉","9R","ひまわり賞","芝1200m (右A)","14:25","晴","良","6","3","6","ウイントッペン","牡2","牡","2","53.0","松山","1:11.1","2.1/2","2.0","4.6","36.3","12-5","栗東西園正","482(+8)","https://race.netkeiba.com/race/result.html?race_id=202510020709&rf=race_list"
"266","7","2025年7月19日","小倉","9R","ひまわり賞","芝1200m (右A)","14:25","晴","良","7","2","4","ナンテヒダ","牡2","牡","2","53.0","川須","1:11.3","1.1/4","9.0","110.4","36.7","8-9","栗東中尾","442(-4)","https://race.netkeiba.com/race/result.html?race_id=202510020709&rf=race_list"
"267","8","2025年7月19日","小倉","9R","ひまわり賞","芝1200m (右A)","14:25","晴","良","8","7","13","ニシノメイホウ","牡2","牡","2","53.0","亀田","1:11.3","アタマ","4.0","19.0","36.1","15-15","栗東北出","374(-2)","https://race.netkeiba.com/race/result.html?race_id=202510020709&rf=race_list"
"268","9","2025年7月19日","小倉","9R","ひまわり賞","芝1200m (右A)","14:25","晴","良","9","6","11","コウユーネロガ","牝2","牝","2","53.0","団野","1:11.3","アタマ","7.0","24.9","36.8","5-5","栗東斉藤崇","436(+6)","https://race.netkeiba.com/race/result.html?race_id=202510020709&rf=race_list"
"269","10","2025年7月19日","小倉","9R","ひまわり賞","芝1200m (右A)","14:25","晴","良","10","8","16","ダイラントウ","牡2","牡","2","53.0","長岡","1:11.6","2","16.0","279.4","36.9","9-9","栗東今野","464(-2)","https://race.netkeiba.com/race/result.html?race_id=202510020709&rf=race_list"
"270","11","2025年7月19日","小倉","9R","ひまわり賞","芝1200m (右A)","14:25","晴","良","11","1","2","アメアメフレフレ","牝2","牝","2","53.0","国分優","1:11.9","1.1/2","10.0","154.0","37.0","12-13","栗東大根田","404(+12)","https://race.netkeiba.com/race/result.html?race_id=202510020709&rf=race_list"
"271","12","2025年7月19日","小倉","9R","ひまわり賞","芝1200m (右A)","14:25","晴","良","12","2","3","ラムールデュヴォン","牡2","牡","2","53.0","松若","1:11.9","クビ","11.0","166.0","37.0","12-11","美浦堀内","444(-2)","https://race.netkeiba.com/race/result.html?race_id=202510020709&rf=race_list"
"272","13","2025年7月19日","小倉","9R","ひまわり賞","芝1200m (右A)","14:25","晴","良","13","3","5","アポロマインド","牡2","牡","2","53.0","西塚","1:11.9","クビ","15.0","270.5","37.2","9-11","栗東笹田","466(-12)","https://race.netkeiba.com/race/result.html?race_id=202510020709&rf=race_list"
"273","14","2025年7月19日","小倉","9R","ひまわり賞","芝1200m (右A)","14:25","晴","良","14","4","7","カシノユメミヅキ","牡2","牡","2","53.0","川端","1:12.1","1.1/4","18.0","354.1","38.0","1-1","美浦和田雄","500(-2)","https://race.netkeiba.com/race/result.html?race_id=202510020709&rf=race_list"
"274","15","2025年7月19日","小倉","9R","ひまわり賞","芝1200m (右A)","14:25","晴","良","15","5","9","ラブデウザ","牝2","牝","2","53.0","国分恭","1:12.5","2.1/2","14.0","203.9","37.3","15-18","美浦加藤和","400(+8)","https://race.netkeiba.com/race/result.html?race_id=202510020709&rf=race_list"
"275","16","2025年7月19日","小倉","9R","ひまわり賞","芝1200m (右A)","14:25","晴","良","16","5","10","エイヨーニニギ","牡2","牡","2","55.0","山田貴","1:12.8","1.1/2","13.0","185.1","38.1","9-13","地方北村欣","440(0)","https://race.netkeiba.com/race/result.html?race_id=202510020709&rf=race_list"
"276","17","2025年7月19日","小倉","9R","ひまわり賞","芝1200m (右A)","14:25","晴","良","17","7","15","ニシカラキタユウマ","牡2","牡","2","55.0","金山昇","1:13.0","1.1/2","12.0","167.1","37.8","15-15","地方池田忠","446(-5)","https://race.netkeiba.com/race/result.html?race_id=202510020709&rf=race_list"
"277","18","2025年7月19日","小倉","9R","ひまわり賞","芝1200m (右A)","14:25","晴","良","18","7","14","カシノサスケ","牡2","牡","2","53.0","田口","1:13.1","1/2","17.0","333.3","37.9","15-15","栗東谷","428(-10)","https://race.netkeiba.com/race/result.html?race_id=202510020709&rf=race_list"
"278","1","2025年7月19日","小倉","10R","熊本城特別","ダ1700m (右)","15:01","曇","重","1","8","15","レイナデアルシーラ","牝3","牝","3","53.0","田口","1:43.2","","1.0","3.0","36.7","1-1-1-1","栗東西園正","500(+4)","https://race.netkeiba.com/race/result.html?race_id=202510020710&rf=race_list"
"279","2","2025年7月19日","小倉","10R","熊本城特別","ダ1700m (右)","15:01","曇","重","2","8","16","ジューンエオス","牝3","牝","3","53.0","高倉","1:43.4","1.1/2","4.0","6.5","36.8","2-2-2-2","栗東武英","486(0)","https://race.netkeiba.com/race/result.html?race_id=202510020710&rf=race_list"
"280","3","2025年7月19日","小倉","10R","熊本城特別","ダ1700m (右)","15:01","曇","重","3","3","5","コパノアントニオ","牡4","牡","4","58.0","団野","1:44.0","3.1/2","6.0","13.7","36.7","9-10-9-6","栗東梅田","468(-10)","https://race.netkeiba.com/race/result.html?race_id=202510020710&rf=race_list"
"281","4","2025年7月19日","小倉","10R","熊本城特別","ダ1700m (右)","15:01","曇","重","4","2","3","イサナ","牡3","牡","3","55.0","松山","1:44.1","1/2","3.0","6.4","37.3","5-3-3-3","栗東橋口","516(+8)","https://race.netkeiba.com/race/result.html?race_id=202510020710&rf=race_list"
"282","5","2025年7月19日","小倉","10R","熊本城特別","ダ1700m (右)","15:01","曇","重","5","6","11","レッドダンルース","牡5","牡","5","58.0","川田","1:44.2","1/2","5.0","7.6","37.2","12-12-6-3","栗東福永","476(+2)","https://race.netkeiba.com/race/result.html?race_id=202510020710&rf=race_list"
"283","6","2025年7月19日","小倉","10R","熊本城特別","ダ1700m (右)","15:01","曇","重","6","3","6","メイショウカシワデ","牡4","牡","4","58.0","岩田康","1:44.7","3","7.0","15.5","37.4","11-11-9-9","栗東角田","452(-4)","https://race.netkeiba.com/race/result.html?race_id=202510020710&rf=race_list"
"284","7","2025年7月19日","小倉","10R","熊本城特別","ダ1700m (右)","15:01","曇","重","7","5","9","ネーヴェフレスカ","牝3","牝","3","53.0","和田竜","1:44.8","3/4","2.0","5.0","37.9","6-6-5-3","栗東石坂","434(-6)","https://race.netkeiba.com/race/result.html?race_id=202510020710&rf=race_list"
"285","8","2025年7月19日","小倉","10R","熊本城特別","ダ1700m (右)","15:01","曇","重","8","7","13","プウスカンドゥール","牝5","牝","5","56.0","国分優","1:45.1","1.1/2","9.0","43.4","37.6","13-12-13-11","栗東坂口","456(-6)","https://race.netkeiba.com/race/result.html?race_id=202510020710&rf=race_list"
"286","9","2025年7月19日","小倉","10R","熊本城特別","ダ1700m (右)","15:01","曇","重","9","4","8","スカイドゥエラー","牡7","牡","7","58.0","幸","1:45.1","クビ","11.0","80.1","37.4","16-16-14-11","栗東谷","444(-10)","https://race.netkeiba.com/race/result.html?race_id=202510020710&rf=race_list"
"287","10","2025年7月19日","小倉","10R","熊本城特別","ダ1700m (右)","15:01","曇","重","10","5","10","ジーニアスバローズ","牡5","牡","5","58.0","吉村","1:45.2","1/2","8.0","18.9","38.1","9-8-7-6","栗東辻野","460(-2)","https://race.netkeiba.com/race/result.html?race_id=202510020710&rf=race_list"
"288","11","2025年7月19日","小倉","10R","熊本城特別","ダ1700m (右)","15:01","曇","重","11","2","4","マサハヤウォルズ","牡5","牡","5","58.0","中井","1:45.2","クビ","14.0","130.0","38.1","7-7-7-9","栗東今野","466(-2)","https://race.netkeiba.com/race/result.html?race_id=202510020710&rf=race_list"
"289","12","2025年7月19日","小倉","10R","熊本城特別","ダ1700m (右)","15:01","曇","重","12","4","7","トゥーテイルズ","牝5","牝","5","56.0","小崎","1:45.4","1","12.0","83.8","38.0","7-8-12-11","栗東藤原","476(+10)","https://race.netkeiba.com/race/result.html?race_id=202510020710&rf=race_list"
"290","13","2025年7月19日","小倉","10R","熊本城特別","ダ1700m (右)","15:01","曇","重","13","6","12","サヴァビアン","牡7","牡","7","58.0","角田和","1:45.6","1","16.0","197.3","37.9","15-14-14-14","栗東羽月","442(0)","https://race.netkeiba.com/race/result.html?race_id=202510020710&rf=race_list"
"291","14","2025年7月19日","小倉","10R","熊本城特別","ダ1700m (右)","15:01","曇","重","14","1","2","タイセイミニスター","牡4","牡","4","58.0","高杉","1:45.6","クビ","10.0","60.7","37.9","14-14-14-14","栗東大橋","490(+14)","https://race.netkeiba.com/race/result.html?race_id=202510020710&rf=race_list"
"292","15","2025年7月19日","小倉","10R","熊本城特別","ダ1700m (右)","15:01","曇","重","15","7","14","サクハル","牡6","牡","6","58.0","長岡","1:46.4","5","15.0","132.2","39.6","3-3-3-6","栗東今野","488(-18)","https://race.netkeiba.com/race/result.html?race_id=202510020710&rf=race_list"
"293","16","2025年7月19日","小倉","10R","熊本城特別","ダ1700m (右)","15:01","曇","重","16","1","1","インジケーター","牡4","牡","4","58.0","松若","1:47.2","5","13.0","110.5","39.9","3-3-9-16","栗東高橋康","498(-8)","https://race.netkeiba.com/race/result.html?race_id=202510020710&rf=race_list"
"294","1","2025年7月19日","小倉","11R","テレQ杯","芝1200m (右A)","15:35","曇","良","1","1","1","エイムインライフ","牝5","牝","5","56.0","高杉","1:08.6","","8.0","20.2","34.9","1-1","栗東角田","482(-6)","https://race.netkeiba.com/race/result.html?race_id=202510020711&rf=race_list"
"295","2","2025年7月19日","小倉","11R","テレQ杯","芝1200m (右A)","15:35","曇","良","2","8","16","ワンダーキサラ","牝6","牝","6","56.0","太宰","1:08.7","1/2","6.0","17.1","34.1","16-16","栗東石橋","468(0)","https://race.netkeiba.com/race/result.html?race_id=202510020711&rf=race_list"
"296","3","2025年7月19日","小倉","11R","テレQ杯","芝1200m (右A)","15:35","曇","良","3","7","13","パクスロマーナ","牝5","牝","5","56.0","川須","1:08.7","クビ","9.0","23.2","34.7","5-5","栗東加藤公","436(0)","https://race.netkeiba.com/race/result.html?race_id=202510020711&rf=race_list"
"297","4","2025年7月19日","小倉","11R","テレQ杯","芝1200m (右A)","15:35","曇","良","4","8","17","シュタールヴィント","牡5","牡","5","58.0","松若","1:08.7","クビ","7.0","19.9","33.9","17-17","栗東矢作","436(-18)","https://race.netkeiba.com/race/result.html?race_id=202510020711&rf=race_list"
"298","5","2025年7月19日","小倉","11R","テレQ杯","芝1200m (右A)","15:35","曇","良","5","2","4","ミルテンベルク","牡4","牡","4","58.0","坂井","1:08.8","1/2","2.0","4.4","34.7","6-5","栗東武英","492(-4)","https://race.netkeiba.com/race/result.html?race_id=202510020711&rf=race_list"
"299","6","2025年7月19日","小倉","11R","テレQ杯","芝1200m (右A)","15:35","曇","良","6","8","15","レッドエヴァンス","セ4","セ","4","58.0","吉村","1:08.9","クビ","4.0","7.1","34.6","11-13","栗東東田","486(-4)","https://race.netkeiba.com/race/result.html?race_id=202510020711&rf=race_list"
"300","7","2025年7月19日","小倉","11R","テレQ杯","芝1200m (右A)","15:35","曇","良","7","4","7","アンクルクロス","牡4","牡","4","58.0","川田","1:09.0","1/2","1.0","3.7","34.9","6-8","栗東高橋亮","468(0)","https://race.netkeiba.com/race/result.html?race_id=202510020711&rf=race_list"
"301","8","2025年7月19日","小倉","11R","テレQ杯","芝1200m (右A)","15:35","曇","良","8","6","11","ニシノコウダイ","牡5","牡","5","58.0","団野","1:09.0","クビ","12.0","46.8","34.7","11-13","栗東長谷川","480(-8)","https://race.netkeiba.com/race/result.html?race_id=202510020711&rf=race_list"
"302","9","2025年7月19日","小倉","11R","テレQ杯","芝1200m (右A)","15:35","曇","良","9","3","6","セシリエプラージュ","牝4","牝","4","56.0","松山","1:09.0","クビ","3.0","4.5","35.2","2-3","栗東中村","430(+4)","https://race.netkeiba.com/race/result.html?race_id=202510020711&rf=race_list"
"303","10","2025年7月19日","小倉","11R","テレQ杯","芝1200m (右A)","15:35","曇","良","10","6","12","アルトシュタット","牡6","牡","6","58.0","岩田康","1:09.1","3/4","14.0","53.3","35.0","6-9","栗東安田","476(-4)","https://race.netkeiba.com/race/result.html?race_id=202510020711&rf=race_list"
"304","11","2025年7月19日","小倉","11R","テレQ杯","芝1200m (右A)","15:35","曇","良","11","4","8","メイショウフンケイ","牡7","牡","7","58.0","角田和","1:09.2","クビ","13.0","52.5","35.3","4-3","栗東高橋亮","536(-4)","https://race.netkeiba.com/race/result.html?race_id=202510020711&rf=race_list"
"305","12","2025年7月19日","小倉","11R","テレQ杯","芝1200m (右A)","15:35","曇","良","12","3","5","テーオーダヴィンチ","牡7","牡","7","58.0","田口","1:09.2","クビ","11.0","42.2","35.1","6-5","栗東岡田","494(-16)","https://race.netkeiba.com/race/result.html?race_id=202510020711&rf=race_list"
"306","13","2025年7月19日","小倉","11R","テレQ杯","芝1200m (右A)","15:35","曇","良","13","5","9","デイトナモード","牡5","牡","5","58.0","酒井","1:09.3","クビ","10.0","32.8","35.0","11-13","栗東千田","530(-4)","https://race.netkeiba.com/race/result.html?race_id=202510020711&rf=race_list"
"307","14","2025年7月19日","小倉","11R","テレQ杯","芝1200m (右A)","15:35","曇","良","14","7","14","トールキン","牡5","牡","5","58.0","幸","1:09.5","1","5.0","16.6","35.4","6-9","栗東西園正","500(0)","https://race.netkeiba.com/race/result.html?race_id=202510020711&rf=race_list"
"308","15","2025年7月19日","小倉","11R","テレQ杯","芝1200m (右A)","15:35","曇","良","15","2","3","プロスペリダード","牝5","牝","5","56.0","国分恭","1:09.5","ハナ","15.0","98.1","35.7","2-2","栗東西園翔","450(+6)","https://race.netkeiba.com/race/result.html?race_id=202510020711&rf=race_list"
"309","16","2025年7月19日","小倉","11R","テレQ杯","芝1200m (右A)","15:35","曇","良","16","5","10","メイショウクリフト","牡6","牡","6","58.0","西塚","1:09.9","2.1/2","16.0","138.6","35.6","11-9","栗東笹田","442(-16)","https://race.netkeiba.com/race/result.html?race_id=202510020711&rf=race_list"
"310","17","2025年7月19日","小倉","11R","テレQ杯","芝1200m (右A)","15:35","曇","良","17","1","2","ショウナンマッハ","セ6","セ","6","58.0","和田竜","1:10.1","1.1/2","17.0","202.3","35.8","11-9","栗東茶木","490(0)","https://race.netkeiba.com/race/result.html?race_id=202510020711&rf=race_list"
"311","1","2025年7月19日","小倉","12R","3歳以上1勝クラス","ダ1700m (右)","16:15","曇","重","1","3","6","グランキングオー","牡3","牡","3","53.0","◇永島","1:44.4","","4.0","8.6","36.1","1-1-1-1","栗東高橋康","458(+4)","https://race.netkeiba.com/race/result.html?race_id=202510020712&rf=race_list"
"312","2","2025年7月19日","小倉","12R","3歳以上1勝クラス","ダ1700m (右)","16:15","曇","重","2","6","11","ダノンヴェステル","牡3","牡","3","55.0","坂井","1:44.7","1.1/2","1.0","2.0","36.3","2-2-2-2","栗東高柳大","480(0)","https://race.netkeiba.com/race/result.html?race_id=202510020712&rf=race_list"
"313","3","2025年7月19日","小倉","12R","3歳以上1勝クラス","ダ1700m (右)","16:15","曇","重","3","3","5","テーオーライマン","牡3","牡","3","54.0","☆高杉","1:44.7","クビ","5.0","13.0","36.0","4-4-5-4","栗東宮","462(+6)","https://race.netkeiba.com/race/result.html?race_id=202510020712&rf=race_list"
"314","4","2025年7月19日","小倉","12R","3歳以上1勝クラス","ダ1700m (右)","16:15","曇","重","4","2","3","スリーキングス","牡3","牡","3","55.0","岩田康","1:44.8","クビ","6.0","13.5","36.1","4-4-5-4","栗東上村","492(-14)","https://race.netkeiba.com/race/result.html?race_id=202510020712&rf=race_list"
"315","5","2025年7月19日","小倉","12R","3歳以上1勝クラス","ダ1700m (右)","16:15","曇","重","5","8","15","ゼロスネーク","牡3","牡","3","55.0","松山","1:44.8","クビ","2.0","5.9","36.2","4-4-3-3","栗東四位","458(+12)","https://race.netkeiba.com/race/result.html?race_id=202510020712&rf=race_list"
"316","6","2025年7月19日","小倉","12R","3歳以上1勝クラス","ダ1700m (右)","16:15","曇","重","6","6","12","アートレスマインド","牡3","牡","3","55.0","亀田","1:45.0","1","7.0","17.0","36.1","7-8-8-6","栗東坂口","466(-2)","https://race.netkeiba.com/race/result.html?race_id=202510020712&rf=race_list"
"317","7","2025年7月19日","小倉","12R","3歳以上1勝クラス","ダ1700m (右)","16:15","曇","重","7","4","8","チャチャピンク","牡3","牡","3","55.0","幸","1:45.0","クビ","9.0","30.0","36.1","9-8-8-8","栗東北出","466(-6)","https://race.netkeiba.com/race/result.html?race_id=202510020712&rf=race_list"
"318","8","2025年7月19日","小倉","12R","3歳以上1勝クラス","ダ1700m (右)","16:15","曇","重","8","5","10","チムニートップス","牡3","牡","3","54.0","☆吉村","1:45.3","1.1/2","3.0","8.0","36.5","7-7-5-6","栗東杉山晴","486(-4)","https://race.netkeiba.com/race/result.html?race_id=202510020712&rf=race_list"
"319","9","2025年7月19日","小倉","12R","3歳以上1勝クラス","ダ1700m (右)","16:15","曇","重","9","4","7","タガノエクレール","牝4","牝","4","56.0","国分恭","1:45.3","クビ","11.0","110.6","36.4","9-8-8-8","栗東西園翔","470(0)","https://race.netkeiba.com/race/result.html?race_id=202510020712&rf=race_list"
"320","10","2025年7月19日","小倉","12R","3歳以上1勝クラス","ダ1700m (右)","16:15","曇","重","10","8","16","カールスタード","セ4","セ","4","58.0","田口","1:46.2","5","12.0","128.5","36.9","12-12-14-13","栗東吉岡","488(0)","https://race.netkeiba.com/race/result.html?race_id=202510020712&rf=race_list"
"321","11","2025年7月19日","小倉","12R","3歳以上1勝クラス","ダ1700m (右)","16:15","曇","重","11","5","9","タケノシンセイ","牡4","牡","4","58.0","小崎","1:46.2","ハナ","10.0","43.6","36.5","15-15-16-16","栗東井上","476(+4)","https://race.netkeiba.com/race/result.html?race_id=202510020712&rf=race_list"
"322","12","2025年7月19日","小倉","12R","3歳以上1勝クラス","ダ1700m (右)","16:15","曇","重","12","2","4","フォードテソーロ","牡5","牡","5","54.0","★河原田","1:46.5","1.3/4","14.0","214.6","37.3","12-12-12-12","栗東今野","482(+4)","https://race.netkeiba.com/race/result.html?race_id=202510020712&rf=race_list"
"323","13","2025年7月19日","小倉","12R","3歳以上1勝クラス","ダ1700m (右)","16:15","曇","重","13","1","1","メイショウクモイ","牡5","牡","5","58.0","団野","1:46.5","ハナ","8.0","19.5","37.5","11-11-11-11","栗東飯田","472(-6)","https://race.netkeiba.com/race/result.html?race_id=202510020712&rf=race_list"
"324","14","2025年7月19日","小倉","12R","3歳以上1勝クラス","ダ1700m (右)","16:15","曇","重","14","1","2","ソルアマゾン","牡4","牡","4","55.0","▲田山","1:46.5","アタマ","15.0","291.0","37.0","14-14-15-14","栗東小栗","464(+6)","https://race.netkeiba.com/race/result.html?race_id=202510020712&rf=race_list"
"325","15","2025年7月19日","小倉","12R","3歳以上1勝クラス","ダ1700m (右)","16:15","曇","重","15","7","14","スターメイデン","牝4","牝","4","56.0","長岡","1:46.7","1.1/4","16.0","320.0","38.2","3-3-3-8","栗東吉村","468(+4)","https://race.netkeiba.com/race/result.html?race_id=202510020712&rf=race_list"
"326","16","2025年7月19日","小倉","12R","3歳以上1勝クラス","ダ1700m (右)","16:15","曇","重","16","7","13","アンノウンウォリア","牡6","牡","6","58.0","和田竜","1:47.4","4","13.0","156.0","38.2","16-16-12-14","栗東平田","484(+8)","https://race.netkeiba.com/race/result.html?race_id=202510020712&rf=race_list"
"327","1","2025年7月19日","函館","1R","2歳未勝利","芝1800m (右B)","09:50","曇","良","1","7","9","スマートプリエール","牝2","牝","2","55.0","武豊","1:49.0","","1.0","1.1","34.9","4-4-3-2","栗東大久保","466(+2)","https://race.netkeiba.com/race/result.html?race_id=202502011101&rf=race_list"
"328","2","2025年7月19日","函館","1R","2歳未勝利","芝1800m (右B)","09:50","曇","良","2","1","1","ロイヤルタイム","牡2","牡","2","55.0","黛","1:49.7","4","8.0","122.4","35.4","4-5-4-4","美浦和田郎","442(+4)","https://race.netkeiba.com/race/result.html?race_id=202502011101&rf=race_list"
"329","3","2025年7月19日","函館","1R","2歳未勝利","芝1800m (右B)","09:50","曇","良","3","3","3","チェンドル","牝2","牝","2","51.0","★小林美","1:49.7","アタマ","5.0","37.5","36.0","1-1-1-1","美浦小手川","444(0)","https://race.netkeiba.com/race/result.html?race_id=202502011101&rf=race_list"
"330","4","2025年7月19日","函館","1R","2歳未勝利","芝1800m (右B)","09:50","曇","良","4","8","10","ティブロン","牡2","牡","2","55.0","北村友","1:49.8","1/2","2.0","11.1","35.4","6-5-4-4","美浦矢嶋","528(-10)","https://race.netkeiba.com/race/result.html?race_id=202502011101&rf=race_list"
"331","5","2025年7月19日","函館","1R","2歳未勝利","芝1800m (右B)","09:50","曇","良","5","2","2","ジャストビート","牝2","牝","2","55.0","丹内","1:50.0","1.1/4","3.0","11.8","35.1","7-7-8-6","栗東安達","416(-4)","https://race.netkeiba.com/race/result.html?race_id=202502011101&rf=race_list"
"332","6","2025年7月19日","函館","1R","2歳未勝利","芝1800m (右B)","09:50","曇","良","6","7","8","ラシッド","牡2","牡","2","55.0","佐々木","1:50.7","4","6.0","44.1","36.9","2-2-2-2","美浦杉浦","482(+2)","https://race.netkeiba.com/race/result.html?race_id=202502011101&rf=race_list"
"333","7","2025年7月19日","函館","1R","2歳未勝利","芝1800m (右B)","09:50","曇","良","7","8","11","シャインヴィーラ","牡2","牡","2","54.0","☆松本","1:50.8","3/4","7.0","87.0","35.9","9-9-8-8","栗東本田","468(-2)","https://race.netkeiba.com/race/result.html?race_id=202502011101&rf=race_list"
"334","8","2025年7月19日","函館","1R","2歳未勝利","芝1800m (右B)","09:50","曇","良","8","4","4","ブルームオブピース","牝2","牝","2","52.0","▲和田陽","1:50.9","クビ","10.0","212.5","35.8","9-10-10-11","栗東北出","434(0)","https://race.netkeiba.com/race/result.html?race_id=202502011101&rf=race_list"
"335","9","2025年7月19日","函館","1R","2歳未勝利","芝1800m (右B)","09:50","曇","良","9","5","5","トーセンシーギリヤ","牡2","牡","2","55.0","原田和","1:51.1","1.1/2","9.0","174.1","36.4","7-7-6-6","美浦小野","466(0)","https://race.netkeiba.com/race/result.html?race_id=202502011101&rf=race_list"
"336","10","2025年7月19日","函館","1R","2歳未勝利","芝1800m (右B)","09:50","曇","良","10","6","7","セレーノ","牝2","牝","2","55.0","鮫島駿","1:51.5","2","4.0","20.4","36.4","9-10-10-9","栗東高橋亮","444(0)","https://race.netkeiba.com/race/result.html?race_id=202502011101&rf=race_list"
"337","11","2025年7月19日","函館","1R","2歳未勝利","芝1800m (右B)","09:50","曇","良","11","6","6","サマーカムカム","牝2","牝","2","52.0","▲森田","1:51.6","3/4","11.0","330.2","36.8","3-3-7-9","美浦和田雄","406(+2)","https://race.netkeiba.com/race/result.html?race_id=202502011101&rf=race_list"
"338","1","2025年7月19日","函館","2R","3歳未勝利","ダ1000m (右)","10:25","曇","良","1","7","10","レストプレドゥモア","牝3","牝","3","55.0","斎藤","0:58.7","","4.0","6.7","35.5","2-2","栗東小林","460(0)","https://race.netkeiba.com/race/result.html?race_id=202502011102&rf=race_list"
"339","2","2025年7月19日","函館","2R","3歳未勝利","ダ1000m (右)","10:25","曇","良","2","1","1","ハイエンドモデル","牝3","牝","3","51.0","★小林美","0:59.3","4","1.0","2.1","36.2","1-1","美浦武藤","454(0)","https://race.netkeiba.com/race/result.html?race_id=202502011102&rf=race_list"
"340","3","2025年7月19日","函館","2R","3歳未勝利","ダ1000m (右)","10:25","曇","良","3","8","12","フルグライト","牡3","牡","3","54.0","▲鷲頭","0:59.7","2.1/2","5.0","15.1","34.9","12-12","美浦堀内","464(-10)","https://race.netkeiba.com/race/result.html?race_id=202502011102&rf=race_list"
"341","4","2025年7月19日","函館","2R","3歳未勝利","ダ1000m (右)","10:25","曇","良","4","6","8","バスキュラリティ","牡3","牡","3","57.0","鮫島駿","0:59.9","1.1/4","10.0","86.8","35.4","11-9","栗東羽月","460(0)","https://race.netkeiba.com/race/result.html?race_id=202502011102&rf=race_list"
"342","5","2025年7月19日","函館","2R","3歳未勝利","ダ1000m (右)","10:25","曇","良","5","3","3","オンサイト","牡3","牡","3","54.0","▲舟山","0:59.9","ハナ","7.0","31.7","36.0","7-6","美浦小西","464(+2)","https://race.netkeiba.com/race/result.html?race_id=202502011102&rf=race_list"
"343","6","2025年7月19日","函館","2R","3歳未勝利","ダ1000m (右)","10:25","曇","良","6","6","7","タマゴ","牝3","牝","3","55.0","佐々木","1:00.0","アタマ","2.0","4.0","36.6","3-3","栗東鈴木孝","422(+2)","https://race.netkeiba.com/race/result.html?race_id=202502011102&rf=race_list"
"344","7","2025年7月19日","函館","2R","3歳未勝利","ダ1000m (右)","10:25","曇","良","7","5","5","プレインコート","牝3","牝","3","52.0","▲森田","1:00.0","クビ","6.0","18.1","35.7","9-9","栗東吉岡","404(-6)","https://race.netkeiba.com/race/result.html?race_id=202502011102&rf=race_list"
"345","8","2025年7月19日","函館","2R","3歳未勝利","ダ1000m (右)","10:25","曇","良","8","8","11","ブラックエンパイア","牡3","牡","3","57.0","荻野琢","1:00.0","アタマ","12.0","120.5","36.2","5-4","美浦松永康","476(-4)","https://race.netkeiba.com/race/result.html?race_id=202502011102&rf=race_list"
"346","9","2025年7月19日","函館","2R","3歳未勝利","ダ1000m (右)","10:25","曇","良","9","7","9","テーオーリップマン","牡3","牡","3","54.0","▲橋木","1:00.0","ハナ","11.0","113.7","35.6","10-9","栗東藤野","520(-18)","https://race.netkeiba.com/race/result.html?race_id=202502011102&rf=race_list"
"347","10","2025年7月19日","函館","2R","3歳未勝利","ダ1000m (右)","10:25","曇","良","10","5","6","フォレストオール","牝3","牝","3","55.0","キング","1:00.1","クビ","3.0","5.9","36.0","8-8","美浦栗田","444(0)","https://race.netkeiba.com/race/result.html?race_id=202502011102&rf=race_list"
"348","11","2025年7月19日","函館","2R","3歳未勝利","ダ1000m (右)","10:25","曇","良","11","2","2","メイショウユウモウ","セ3","セ","3","54.0","▲和田陽","1:00.8","4","8.0","52.3","37.2","4-4","栗東西園正","438(+2)","https://race.netkeiba.com/race/result.html?race_id=202502011102&rf=race_list"
"349","12","2025年7月19日","函館","2R","3歳未勝利","ダ1000m (右)","10:25","曇","良","12","4","4","エーデルムート","牝3","牝","3","55.0","丹内","1:01.1","1.3/4","9.0","66.4","37.3","5-6","美浦矢野","454(+6)","https://race.netkeiba.com/race/result.html?race_id=202502011102&rf=race_list"
"350","1","2025年7月19日","函館","3R","3歳未勝利","ダ2400m (右)","10:55","曇","良","1","3","3","アルデツヨシ","セ3","セ","3","57.0","丹内","2:34.2","","7.0","22.0","38.0","1-1-1-1","美浦田中剛","468(0)","https://race.netkeiba.com/race/result.html?race_id=202502011103&rf=race_list"
"351","2","2025年7月19日","函館","3R","3歳未勝利","ダ2400m (右)","10:55","曇","良","2","6","8","マブアンドフェール","牡3","牡","3","57.0","横山武","2:34.8","3.1/2","2.0","4.1","37.8","3-3-4-3","美浦古賀","516(-2)","https://race.netkeiba.com/race/result.html?race_id=202502011103&rf=race_list"
"352","3","2025年7月19日","函館","3R","3歳未勝利","ダ2400m (右)","10:55","曇","良","3","4","4","ステイアンビシャス","牡3","牡","3","57.0","松岡","2:35.2","2.1/2","6.0","19.2","38.8","11-11-2-2","美浦堀内","492(0)","https://race.netkeiba.com/race/result.html?race_id=202502011103&rf=race_list"
"353","4","2025年7月19日","函館","3R","3歳未勝利","ダ2400m (右)","10:55","曇","良","4","1","1","ケイアイワイラーパ","牡3","牡","3","57.0","武豊","2:36.2","6","1.0","1.9","38.9","5-6-6-5","栗東野中","508(+6)","https://race.netkeiba.com/race/result.html?race_id=202502011103&rf=race_list"
"354","5","2025年7月19日","函館","3R","3歳未勝利","ダ2400m (右)","10:55","曇","良","5","5","5","ドルチェリターン","牡3","牡","3","57.0","北村友","2:36.3","1","3.0","6.8","38.9","12-12-6-6","栗東池添","462(+6)","https://race.netkeiba.com/race/result.html?race_id=202502011103&rf=race_list"
"355","6","2025年7月19日","函館","3R","3歳未勝利","ダ2400m (右)","10:55","曇","良","6","7","9","スナドケイ","牝3","牝","3","51.0","★小林美","2:36.7","2.1/2","9.0","99.7","39.1","9-9-8-9","美浦尾形","470(-10)","https://race.netkeiba.com/race/result.html?race_id=202502011103&rf=race_list"
"356","7","2025年7月19日","函館","3R","3歳未勝利","ダ2400m (右)","10:55","曇","良","7","6","7","クレヨンポップ","牡3","牡","3","57.0","古川吉","2:36.7","ハナ","11.0","207.9","39.7","3-3-4-6","美浦水野","486(0)","https://race.netkeiba.com/race/result.html?race_id=202502011103&rf=race_list"
"357","8","2025年7月19日","函館","3R","3歳未勝利","ダ2400m (右)","10:55","曇","良","8","5","6","チョウリニア","牝3","牝","3","52.0","▲古川奈","2:37.0","1.1/2","12.0","228.4","39.5","7-7-8-8","栗東羽月","438(+12)","https://race.netkeiba.com/race/result.html?race_id=202502011103&rf=race_list"
"358","9","2025年7月19日","函館","3R","3歳未勝利","ダ2400m (右)","10:55","曇","良","9","8","12","ハイアップグレード","牡3","牡","3","54.0","▲柴田裕","2:37.4","2.1/2","4.0","9.2","40.6","2-2-3-4","栗東谷","480(-4)","https://race.netkeiba.com/race/result.html?race_id=202502011103&rf=race_list"
"359","10","2025年7月19日","函館","3R","3歳未勝利","ダ2400m (右)","10:55","曇","良","10","8","11","スティレセイル","牝3","牝","3","55.0","キング","2:37.5","1","5.0","10.5","39.4","7-7-10-10","栗東福永","480(+20)","https://race.netkeiba.com/race/result.html?race_id=202502011103&rf=race_list"
"360","11","2025年7月19日","函館","3R","3歳未勝利","ダ2400m (右)","10:55","曇","良","11","2","2","ライジングショット","牡3","牡","3","57.0","川又","2:38.0","3","8.0","30.1","39.8","10-10-11-10","栗東吉村","522(-4)","https://race.netkeiba.com/race/result.html?race_id=202502011103&rf=race_list"
"361","12","2025年7月19日","函館","3R","3歳未勝利","ダ2400m (右)","10:55","曇","良","12","7","10","メアリーバローズ","牝3","牝","3","52.0","▲森田","2:40.4","大","10.0","168.4","41.9","5-5-12-12","栗東寺島","482(0)","https://race.netkeiba.com/race/result.html?race_id=202502011103&rf=race_list"
"362","1","2025年7月19日","函館","4R","3歳未勝利","芝1200m (右B)","11:25","晴","良","1","3","5","キントラダンサー","牝3","牝","3","55.0","横山和","1:08.3","","1.0","4.0","34.4","1-1","栗東長谷川","468(-4)","https://race.netkeiba.com/race/result.html?race_id=202502011104&rf=race_list"
"363","2","2025年7月19日","函館","4R","3歳未勝利","芝1200m (右B)","11:25","晴","良","2","2","3","マゴイチタ","セ3","セ","3","57.0","丹内","1:08.6","1.1/2","2.0","4.3","34.4","3-2","栗東武英","462(+8)","https://race.netkeiba.com/race/result.html?race_id=202502011104&rf=race_list"
"364","3","2025年7月19日","函館","4R","3歳未勝利","芝1200m (右B)","11:25","晴","良","3","4","6","ブラックティンカー","牝3","牝","3","55.0","吉田隼","1:08.9","2","4.0","5.9","34.7","3-2","美浦和田雄","450(+6)","https://race.netkeiba.com/race/result.html?race_id=202502011104&rf=race_list"
"365","4","2025年7月19日","函館","4R","3歳未勝利","芝1200m (右B)","11:25","晴","良","4","3","4","アンビシャスヨシノ","牡3","牡","3","56.0","☆松本","1:09.1","1.1/4","3.0","5.1","34.7","5-5","栗東吉田","468(+2)","https://race.netkeiba.com/race/result.html?race_id=202502011104&rf=race_list"
"366","5","2025年7月19日","函館","4R","3歳未勝利","芝1200m (右B)","11:25","晴","良","5","4","7","テーオーシュターデ","牝3","牝","3","52.0","▲橋木","1:09.2","クビ","11.0","59.7","34.5","7-8","栗東宮","436(-8)","https://race.netkeiba.com/race/result.html?race_id=202502011104&rf=race_list"
"367","6","2025年7月19日","函館","4R","3歳未勝利","芝1200m (右B)","11:25","晴","良","6","7","12","ジョーブラック","牡3","牡","3","57.0","浜中","1:09.2","アタマ","6.0","14.7","34.3","9-9","栗東清水久","498(+2)","https://race.netkeiba.com/race/result.html?race_id=202502011104&rf=race_list"
"368","7","2025年7月19日","函館","4R","3歳未勝利","芝1200m (右B)","11:25","晴","良","7","1","1","ロアヴィヴィエンヌ","セ3","セ","3","57.0","松岡","1:09.3","3/4","14.0","101.2","34.6","7-6","美浦本間","456(+4)","https://race.netkeiba.com/race/result.html?race_id=202502011104&rf=race_list"
"369","8","2025年7月19日","函館","4R","3歳未勝利","芝1200m (右B)","11:25","晴","良","8","6","11","ダイヤノゴトク","牝3","牝","3","52.0","▲森田","1:09.5","1","10.0","42.7","34.1","13-12","栗東小栗","448(0)","https://race.netkeiba.com/race/result.html?race_id=202502011104&rf=race_list"
"370","9","2025年7月19日","函館","4R","3歳未勝利","芝1200m (右B)","11:25","晴","良","9","5","9","ベールドインパクト","牡3","牡","3","54.0","▲舟山","1:09.6","3/4","8.0","21.1","33.6","14-14","美浦小島","456(0)","https://race.netkeiba.com/race/result.html?race_id=202502011104&rf=race_list"
"371","10","2025年7月19日","函館","4R","3歳未勝利","芝1200m (右B)","11:25","晴","良","10","2","2","ウェーヴレット","牝3","牝","3","52.0","▲鷲頭","1:09.7","3/4","13.0","64.3","34.5","12-12","美浦菊沢","428(-6)","https://race.netkeiba.com/race/result.html?race_id=202502011104&rf=race_list"
"372","11","2025年7月19日","函館","4R","3歳未勝利","芝1200m (右B)","11:25","晴","良","11","6","10","ガジュノリホワイト","牡3","牡","3","53.0","★小林美","1:09.7","アタマ","5.0","8.3","34.7","9-10","美浦尾形","456(+4)","https://race.netkeiba.com/race/result.html?race_id=202502011104&rf=race_list"
"373","12","2025年7月19日","函館","4R","3歳未勝利","芝1200m (右B)","11:25","晴","良","12","5","8","ダディーズグーグー","牡3","牡","3","57.0","藤岡佑","1:09.8","クビ","7.0","15.7","35.4","5-6","栗東畑端","486(-2)","https://race.netkeiba.com/race/result.html?race_id=202502011104&rf=race_list"
"374","13","2025年7月19日","函館","4R","3歳未勝利","芝1200m (右B)","11:25","晴","良","13","8","15","ラブカマクフィー","牝3","牝","3","52.0","▲柴田裕","1:09.8","アタマ","12.0","59.9","33.8","14-15","美浦田島","426(+6)","https://race.netkeiba.com/race/result.html?race_id=202502011104&rf=race_list"
"375","14","2025年7月19日","函館","4R","3歳未勝利","芝1200m (右B)","11:25","晴","良","14","8","14","メイショウハボマイ","牡3","牡","3","54.0","▲和田陽","1:10.2","2","15.0","156.1","35.3","9-10","栗東本田","470(+4)","https://race.netkeiba.com/race/result.html?race_id=202502011104&rf=race_list"
"376","15","2025年7月19日","函館","4R","3歳未勝利","芝1200m (右B)","11:25","晴","良","15","7","13","マーゴットジェム","牝3","牝","3","52.0","▲古川奈","1:10.4","1.1/2","9.0","40.3","36.4","2-2","栗東今野","460(+6)","https://race.netkeiba.com/race/result.html?race_id=202502011104&rf=race_list"
"377","1","2025年7月19日","函館","5R","3歳未勝利","芝2000m (右B)","12:15","晴","良","1","2","4","ラブリーリディア","牝3","牝","3","55.0","横山武","1:59.9","","1.0","3.0","34.8","12-12-9-8","栗東中内田","444(+4)","https://race.netkeiba.com/race/result.html?race_id=202502011105&rf=race_list"
"378","2","2025年7月19日","函館","5R","3歳未勝利","芝2000m (右B)","12:15","晴","良","2","6","12","クランドゥイユ","牝3","牝","3","55.0","北村友","2:00.2","1.1/2","8.0","18.2","35.8","3-3-4-2","栗東前川","480(+4)","https://race.netkeiba.com/race/result.html?race_id=202502011105&rf=race_list"
"379","3","2025年7月19日","函館","5R","3歳未勝利","芝2000m (右B)","12:15","晴","良","3","7","14","ホウオウアーネスト","牡3","牡","3","57.0","横山和","2:00.3","1/2","6.0","14.4","35.7","4-4-5-4","栗東安田","488(-2)","https://race.netkeiba.com/race/result.html?race_id=202502011105&rf=race_list"
"380","4","2025年7月19日","函館","5R","3歳未勝利","芝2000m (右B)","12:15","晴","良","4","5","9","ハクサンミラクル","牡3","牡","3","57.0","黛","2:00.4","1","3.0","7.0","36.3","1-1-1-1","美浦武藤","472(-2)","https://race.netkeiba.com/race/result.html?race_id=202502011105&rf=race_list"
"381","5","2025年7月19日","函館","5R","3歳未勝利","芝2000m (右B)","12:15","晴","良","5","1","1","コンスピラシー","牝3","牝","3","55.0","原田和","2:00.5","1/2","10.0","30.0","35.7","9-9-7-6","美浦本間","460(0)","https://race.netkeiba.com/race/result.html?race_id=202502011105&rf=race_list"
"382","6","2025年7月19日","函館","5R","3歳未勝利","芝2000m (右B)","12:15","晴","良","6","8","15","スイートフェアリー","牝3","牝","3","52.0","▲鷲頭","2:00.8","1.1/2","2.0","4.2","36.2","9-9-5-4","栗東佐々木","438(-4)","https://race.netkeiba.com/race/result.html?race_id=202502011105&rf=race_list"
"383","7","2025年7月19日","函館","5R","3歳未勝利","芝2000m (右B)","12:15","晴","良","7","5","10","ルージュレアリーズ","牝3","牝","3","55.0","藤岡佑","2:00.9","3/4","5.0","13.5","35.5","13-13-12-10","栗東福永","438(+8)","https://race.netkeiba.com/race/result.html?race_id=202502011105&rf=race_list"
"384","8","2025年7月19日","函館","5R","3歳未勝利","芝2000m (右B)","12:15","晴","良","8","4","7","スペースリーガ","牡3","牡","3","54.0","▲柴田裕","2:01.0","1/2","16.0","318.9","36.1","5-5-7-8","美浦森一","460(+2)","https://race.netkeiba.com/race/result.html?race_id=202502011105&rf=race_list"
"385","9","2025年7月19日","函館","5R","3歳未勝利","芝2000m (右B)","12:15","晴","良","9","3","6","リュウゼツラン","牝3","牝","3","51.0","★小林美","2:01.1","3/4","9.0","20.8","36.8","15-13-2-2","美浦水野","446(+6)","https://race.netkeiba.com/race/result.html?race_id=202502011105&rf=race_list"
"386","10","2025年7月19日","函館","5R","3歳未勝利","芝2000m (右B)","12:15","晴","良","10","2","3","マージャング","牡3","牡","3","57.0","吉田隼","2:01.8","4","13.0","50.6","36.0","9-11-15-13","栗東矢作","474(-6)","https://race.netkeiba.com/race/result.html?race_id=202502011105&rf=race_list"
"387","11","2025年7月19日","函館","5R","3歳未勝利","芝2000m (右B)","12:15","晴","良","11","3","5","フィナルフェリス","牝3","牝","3","52.0","▲古川奈","2:01.8","アタマ","12.0","43.7","36.3","13-13-14-13","美浦武市","430(0)","https://race.netkeiba.com/race/result.html?race_id=202502011105&rf=race_list"
"388","12","2025年7月19日","函館","5R","3歳未勝利","芝2000m (右B)","12:15","晴","良","12","4","8","エリカブルージュ","牝3","牝","3","55.0","菱田","2:02.6","5","14.0","111.3","37.2","7-6-12-13","栗東杉山晴","430(-12)","https://race.netkeiba.com/race/result.html?race_id=202502011105&rf=race_list"
"389","13","2025年7月19日","函館","5R","3歳未勝利","芝2000m (右B)","12:15","晴","良","13","8","16","カズナリ","牡3","牡","3","57.0","佐々木","2:02.7","3/4","11.0","41.9","38.4","2-2-2-6","美浦中舘","490(+2)","https://race.netkeiba.com/race/result.html?race_id=202502011105&rf=race_list"
"390","14","2025年7月19日","函館","5R","3歳未勝利","芝2000m (右B)","12:15","晴","良","14","1","2","アレグランサ","牡3","牡","3","57.0","丹内","2:02.8","クビ","7.0","17.6","37.5","16-16-11-12","美浦栗田","482(-2)","https://race.netkeiba.com/race/result.html?race_id=202502011105&rf=race_list"
"391","15","2025年7月19日","函館","5R","3歳未勝利","芝2000m (右B)","12:15","晴","良","15","6","11","レイナサグラーダ","牝3","牝","3","52.0","▲和田陽","2:02.8","ハナ","15.0","191.8","37.1","7-8-15-16","栗東小栗","430(-6)","https://race.netkeiba.com/race/result.html?race_id=202502011105&rf=race_list"
"392","16","2025年7月19日","函館","5R","3歳未勝利","芝2000m (右B)","12:15","晴","良","16","7","13","クックパイン","牡3","牡","3","57.0","キング","2:03.1","1.3/4","4.0","7.8","38.0","5-6-9-10","美浦堀","510(-6)","https://race.netkeiba.com/race/result.html?race_id=202502011105&rf=race_list"
"393","1","2025年7月19日","函館","6R","3歳未勝利","ダ1700m (右)","12:45","晴","良","1","4","5","モリノアミーゴ","牝3","牝","3","51.0","★小林美","1:46.5","","9.0","19.5","38.6","7-8-7-6","美浦鈴木伸","464(-2)","https://race.netkeiba.com/race/result.html?race_id=202502011106&rf=race_list"
"394","2","2025年7月19日","函館","6R","3歳未勝利","ダ1700m (右)","12:45","晴","良","2","6","10","エポカリーナ","牡3","牡","3","54.0","▲古川奈","1:46.6","1/2","5.0","8.9","38.6","11-8-7-7","美浦土田","454(-2)","https://race.netkeiba.com/race/result.html?race_id=202502011106&rf=race_list"
"395","3","2025年7月19日","函館","6R","3歳未勝利","ダ1700m (右)","12:45","晴","良","3","5","7","エマージェンス","牡3","牡","3","57.0","佐々木","1:46.7","1/2","3.0","8.6","39.0","7-7-4-2","美浦堀内","504(+4)","https://race.netkeiba.com/race/result.html?race_id=202502011106&rf=race_list"
"396","4","2025年7月19日","函館","6R","3歳未勝利","ダ1700m (右)","12:45","晴","良","4","3","4","ハッピールンナ","牝3","牝","3","55.0","古川吉","1:46.8","1/2","8.0","19.2","38.5","9-10-9-7","栗東大根田","494(+2)","https://race.netkeiba.com/race/result.html?race_id=202502011106&rf=race_list"
"397","5","2025年7月19日","函館","6R","3歳未勝利","ダ1700m (右)","12:45","晴","良","5","8","13","ザハント","牡3","牡","3","57.0","横山武","1:46.8","アタマ","1.0","2.8","39.4","2-2-2-2","栗東田中克","490(+6)","https://race.netkeiba.com/race/result.html?race_id=202502011106&rf=race_list"
"398","6","2025年7月19日","函館","6R","3歳未勝利","ダ1700m (右)","12:45","晴","良","6","8","14","エルフェニックス","牡3","牡","3","57.0","鮫島駿","1:47.3","2.1/2","4.0","8.6","39.9","2-1-1-1","栗東浜田","486(-2)","https://race.netkeiba.com/race/result.html?race_id=202502011106&rf=race_list"
"399","7","2025年7月19日","函館","6R","3歳未勝利","ダ1700m (右)","12:45","晴","良","7","5","8","ヴァサヴォワール","牡3","牡","3","54.0","▲舟山","1:48.3","6","10.0","56.0","40.6","4-4-4-7","美浦宮田","524(+12)","https://race.netkeiba.com/race/result.html?race_id=202502011106&rf=race_list"
"400","8","2025年7月19日","函館","6R","3歳未勝利","ダ1700m (右)","12:45","晴","良","8","6","9","ノイシュタット","牡3","牡","3","57.0","丹内","1:48.6","1.3/4","6.0","10.6","41.1","5-4-2-4","美浦牧","480(0)","https://race.netkeiba.com/race/result.html?race_id=202502011106&rf=race_list"
"401","9","2025年7月19日","函館","6R","3歳未勝利","ダ1700m (右)","12:45","晴","良","9","3","3","ヒシカリナン","牡3","牡","3","57.0","武豊","1:48.6","クビ","2.0","4.1","40.9","5-4-4-4","栗東矢作","458(+8)","https://race.netkeiba.com/race/result.html?race_id=202502011106&rf=race_list"
"402","10","2025年7月19日","函館","6R","3歳未勝利","ダ1700m (右)","12:45","晴","良","10","7","11","サンライズミモザ","セ3","セ","3","56.0","☆松本","1:49.6","6","12.0","92.4","40.7","13-13-11-10","栗東安田","474(+6)","https://race.netkeiba.com/race/result.html?race_id=202502011106&rf=race_list"
"403","11","2025年7月19日","函館","6R","3歳未勝利","ダ1700m (右)","12:45","晴","良","11","7","12","キムタックフェイス","牡3","牡","3","57.0","菱田","1:49.9","1.3/4","11.0","61.9","41.7","11-10-9-10","栗東森田","488(-8)","https://race.netkeiba.com/race/result.html?race_id=202502011106&rf=race_list"
"404","12","2025年7月19日","函館","6R","3歳未勝利","ダ1700m (右)","12:45","晴","良","12","2","2","フジュム","セ3","セ","3","54.0","▲森田","1:49.9","アタマ","13.0","142.9","40.5","9-10-12-12","栗東茶木","508(-8)","https://race.netkeiba.com/race/result.html?race_id=202502011106&rf=race_list"
"405","13","2025年7月19日","函館","6R","3歳未勝利","ダ1700m (右)","12:45","晴","良","中止","4","6","グレインワーク","牡3","牡","3","54.0","▲和田陽","","","7.0","14.8","","1-2-12-13","栗東池添","510(+18)","https://race.netkeiba.com/race/result.html?race_id=202502011106&rf=race_list"
"406","14","2025年7月19日","函館","6R","3歳未勝利","ダ1700m (右)","12:45","晴","良","除外","1","1","ゴールドパートナー","牡3","牡","3","57.0","横山和","","","","","","","美浦嘉藤","466(-4)","https://race.netkeiba.com/race/result.html?race_id=202502011106&rf=race_list"
"407","1","2025年7月19日","函館","7R","3歳以上1勝クラス","芝1200m (右B)","13:15","晴","良","1","1","1","エスペシャリー","牝3","牝","3","53.0","横山和","1:08.2","","2.0","5.3","34.3","2-2","栗東四位","450(+4)","https://race.netkeiba.com/race/result.html?race_id=202502011107&rf=race_list"
"408","2","2025年7月19日","函館","7R","3歳以上1勝クラス","芝1200m (右B)","13:15","晴","良","2","1","2","ブルーアイドガール","牝4","牝","4","56.0","吉田隼","1:08.4","1.1/4","1.0","2.9","34.3","4-4","栗東吉岡","458(+2)","https://race.netkeiba.com/race/result.html?race_id=202502011107&rf=race_list"
"409","3","2025年7月19日","函館","7R","3歳以上1勝クラス","芝1200m (右B)","13:15","晴","良","3","5","9","ホウオウドルーリー","牝4","牝","4","56.0","斎藤","1:08.6","1","14.0","89.3","34.2","9-7","栗東宮","460(-10)","https://race.netkeiba.com/race/result.html?race_id=202502011107&rf=race_list"
"410","4","2025年7月19日","函館","7R","3歳以上1勝クラス","芝1200m (右B)","13:15","晴","良","4","4","7","グッバイウェーブ","牝3","牝","3","53.0","横山武","1:08.6","1/2","4.0","9.8","34.5","4-4","美浦中川","456(+6)","https://race.netkeiba.com/race/result.html?race_id=202502011107&rf=race_list"
"411","5","2025年7月19日","函館","7R","3歳以上1勝クラス","芝1200m (右B)","13:15","晴","良","5","6","12","クインズスピカ","牝4","牝","4","53.0","▲舟山","1:08.7","3/4","3.0","5.4","34.1","11-10","美浦村田","478(+6)","https://race.netkeiba.com/race/result.html?race_id=202502011107&rf=race_list"
"412","6","2025年7月19日","函館","7R","3歳以上1勝クラス","芝1200m (右B)","13:15","晴","良","6","6","11","イリスアスール","牝4","牝","4","52.0","★小林美","1:08.9","3/4","5.0","10.8","35.0","2-3","栗東角田","452(0)","https://race.netkeiba.com/race/result.html?race_id=202502011107&rf=race_list"
"413","7","2025年7月19日","函館","7R","3歳以上1勝クラス","芝1200m (右B)","13:15","晴","良","7","3","5","サンポーニャ","牝5","牝","5","56.0","佐々木","1:08.9","クビ","9.0","27.2","35.1","1-1","栗東池江","456(+8)","https://race.netkeiba.com/race/result.html?race_id=202502011107&rf=race_list"
"414","8","2025年7月19日","函館","7R","3歳以上1勝クラス","芝1200m (右B)","13:15","晴","良","8","5","10","エイシンオニキス","牝4","牝","4","56.0","川又","1:09.2","2","13.0","54.6","34.4","12-13","栗東渡辺","452(+10)","https://race.netkeiba.com/race/result.html?race_id=202502011107&rf=race_list"
"415","9","2025年7月19日","函館","7R","3歳以上1勝クラス","芝1200m (右B)","13:15","晴","良","9","2","4","シンデレラスマイル","牝5","牝","5","56.0","黛","1:09.2","ハナ","15.0","127.0","34.4","12-12","美浦武藤","444(-16)","https://race.netkeiba.com/race/result.html?race_id=202502011107&rf=race_list"
"416","10","2025年7月19日","函館","7R","3歳以上1勝クラス","芝1200m (右B)","13:15","晴","良","10","4","8","キタノクニカラ","牝3","牝","3","50.0","▲古川奈","1:09.3","クビ","8.0","21.5","34.2","14-13","美浦小島","394(+4)","https://race.netkeiba.com/race/result.html?race_id=202502011107&rf=race_list"
"417","11","2025年7月19日","函館","7R","3歳以上1勝クラス","芝1200m (右B)","13:15","晴","良","11","8","16","クイーンズデイ","牝3","牝","3","53.0","池添","1:09.3","クビ","7.0","16.5","35.2","4-4","栗東岡田","444(-6)","https://race.netkeiba.com/race/result.html?race_id=202502011107&rf=race_list"
"418","12","2025年7月19日","函館","7R","3歳以上1勝クラス","芝1200m (右B)","13:15","晴","良","12","8","15","エンプレスフレーム","牝3","牝","3","53.0","原田和","1:09.5","1.1/4","16.0","194.4","35.1","9-10","美浦上原博","446(0)","https://race.netkeiba.com/race/result.html?race_id=202502011107&rf=race_list"
"419","13","2025年7月19日","函館","7R","3歳以上1勝クラス","芝1200m (右B)","13:15","晴","良","13","3","6","ルージュレベッカ","牝4","牝","4","56.0","古川吉","1:09.6","クビ","10.0","34.2","34.2","16-16","栗東昆","458(-6)","https://race.netkeiba.com/race/result.html?race_id=202502011107&rf=race_list"
"420","14","2025年7月19日","函館","7R","3歳以上1勝クラス","芝1200m (右B)","13:15","晴","良","14","2","3","イリュージョン","牝5","牝","5","56.0","藤岡佑","1:09.6","クビ","11.0","37.4","34.5","14-13","美浦西田","482(+10)","https://race.netkeiba.com/race/result.html?race_id=202502011107&rf=race_list"
"421","15","2025年7月19日","函館","7R","3歳以上1勝クラス","芝1200m (右B)","13:15","晴","良","15","7","13","グランテレーズ","牝4","牝","4","56.0","鮫島駿","1:09.6","アタマ","12.0","44.5","35.5","4-7","栗東渡辺","466(-2)","https://race.netkeiba.com/race/result.html?race_id=202502011107&rf=race_list"
"422","16","2025年7月19日","函館","7R","3歳以上1勝クラス","芝1200m (右B)","13:15","晴","良","16","7","14","エリカエスティーム","牝4","牝","4","56.0","丹内","1:10.0","2","6.0","12.2","35.8","8-9","美浦宮田","538(+10)","https://race.netkeiba.com/race/result.html?race_id=202502011107&rf=race_list"
"423","1","2025年7月19日","函館","8R","3歳以上1勝クラス","ダ1700m (右)","13:45","晴","良","1","7","8","ライフゲート","セ3","セ","3","55.0","丹内","1:45.7","","1.0","1.9","37.4","2-2-2-2","美浦伊藤圭","514(0)","https://race.netkeiba.com/race/result.html?race_id=202502011108&rf=race_list"
"424","2","2025年7月19日","函館","8R","3歳以上1勝クラス","ダ1700m (右)","13:45","晴","良","2","8","9","カペルブリュッケ","牡3","牡","3","55.0","鮫島駿","1:45.8","クビ","2.0","5.1","37.3","6-6-3-3","栗東浜田","448(0)","https://race.netkeiba.com/race/result.html?race_id=202502011108&rf=race_list"
"425","3","2025年7月19日","函館","8R","3歳以上1勝クラス","ダ1700m (右)","13:45","晴","良","3","3","3","スノーホルンロード","セ6","セ","6","55.0","▲舟山","1:46.3","3","9.0","110.1","37.6","3-4-6-3","美浦清水英","512(0)","https://race.netkeiba.com/race/result.html?race_id=202502011108&rf=race_list"
"426","4","2025年7月19日","函館","8R","3歳以上1勝クラス","ダ1700m (右)","13:45","晴","良","4","1","1","ハミルトン","牡3","牡","3","55.0","北村友","1:46.3","アタマ","4.0","10.6","38.0","1-1-1-1","栗東高野","514(+2)","https://race.netkeiba.com/race/result.html?race_id=202502011108&rf=race_list"
"427","5","2025年7月19日","函館","8R","3歳以上1勝クラス","ダ1700m (右)","13:45","晴","良","5","2","2","メイショウソムリエ","牡4","牡","4","58.0","武豊","1:46.4","1/2","5.0","10.9","37.4","9-9-7-7","美浦蛯名正","522(0)","https://race.netkeiba.com/race/result.html?race_id=202502011108&rf=race_list"
"428","6","2025年7月19日","函館","8R","3歳以上1勝クラス","ダ1700m (右)","13:45","晴","良","6","4","4","メイショウタイピン","牡3","牡","3","55.0","池添","1:46.4","ハナ","3.0","5.6","37.9","5-4-3-6","栗東飯田","500(-2)","https://race.netkeiba.com/race/result.html?race_id=202502011108&rf=race_list"
"429","7","2025年7月19日","函館","8R","3歳以上1勝クラス","ダ1700m (右)","13:45","晴","良","7","7","7","ランスノーブル","牝5","牝","5","56.0","古川吉","1:46.6","1","7.0","19.3","37.6","7-6-7-7","美浦上原博","484(+6)","https://race.netkeiba.com/race/result.html?race_id=202502011108&rf=race_list"
"430","8","2025年7月19日","函館","8R","3歳以上1勝クラス","ダ1700m (右)","13:45","晴","良","8","6","6","アスゴッド","牡3","牡","3","52.0","▲古川奈","1:46.6","クビ","8.0","24.0","37.7","8-8-7-9","栗東矢作","494(+2)","https://race.netkeiba.com/race/result.html?race_id=202502011108&rf=race_list"
"431","9","2025年7月19日","函館","8R","3歳以上1勝クラス","ダ1700m (右)","13:45","晴","良","9","8","10","ルルシュシュ","牝5","牝","5","56.0","佐々木","1:46.7","1/2","6.0","12.5","38.3","3-3-3-3","美浦金成","512(+16)","https://race.netkeiba.com/race/result.html?race_id=202502011108&rf=race_list"
"432","10","2025年7月19日","函館","8R","3歳以上1勝クラス","ダ1700m (右)","13:45","晴","良","10","5","5","タイムレス","牝3","牝","3","53.0","藤懸","1:50.4","大","10.0","219.4","40.8","9-9-10-10","美浦根本","422(-4)","https://race.netkeiba.com/race/result.html?race_id=202502011108&rf=race_list"
"433","1","2025年7月19日","函館","9R","湯浜特別","芝1800m (右B)","14:15","晴","良","1","2","2","サクラファレル","牡3","牡","3","55.0","キング","1:46.4","","1.0","2.3","34.1","1-1-1-1","美浦堀","506(-2)","https://race.netkeiba.com/race/result.html?race_id=202502011109&rf=race_list"
"434","2","2025年7月19日","函館","9R","湯浜特別","芝1800m (右B)","14:15","晴","良","2","3","3","インパクトシー","牡3","牡","3","55.0","横山武","1:47.2","5","2.0","2.5","34.8","2-2-2-2","美浦大竹","526(0)","https://race.netkeiba.com/race/result.html?race_id=202502011109&rf=race_list"
"435","3","2025年7月19日","函館","9R","湯浜特別","芝1800m (右B)","14:15","晴","良","3","1","1","シンゼンカガ","牡3","牡","3","55.0","武豊","1:47.3","クビ","4.0","19.1","34.7","4-4-4-3","栗東荒川","446(-2)","https://race.netkeiba.com/race/result.html?race_id=202502011109&rf=race_list"
"436","4","2025年7月19日","函館","9R","湯浜特別","芝1800m (右B)","14:15","晴","良","4","5","8","ソルトブリーズ","牡4","牡","4","58.0","松岡","1:47.4","3/4","6.0","22.8","34.7","4-6-6-4","美浦田中剛","456(+8)","https://race.netkeiba.com/race/result.html?race_id=202502011109&rf=race_list"
"437","5","2025年7月19日","函館","9R","湯浜特別","芝1800m (右B)","14:15","晴","良","5","8","13","エリム","牝5","牝","5","56.0","原田和","1:47.5","1/2","14.0","376.3","34.4","11-11-10-9","美浦上原博","444(-12)","https://race.netkeiba.com/race/result.html?race_id=202502011109&rf=race_list"
"438","6","2025年7月19日","函館","9R","湯浜特別","芝1800m (右B)","14:15","晴","良","6","8","14","サンウリエル","牡4","牡","4","58.0","浜中","1:47.7","1.1/2","10.0","55.5","34.6","13-13-10-10","栗東宮本","478(-2)","https://race.netkeiba.com/race/result.html?race_id=202502011109&rf=race_list"
"439","7","2025年7月19日","函館","9R","湯浜特別","芝1800m (右B)","14:15","晴","良","7","6","10","ラウダブル","牡4","牡","4","58.0","鮫島駿","1:47.9","3/4","12.0","116.8","35.1","8-7-7-7","栗東池江","514(+2)","https://race.netkeiba.com/race/result.html?race_id=202502011109&rf=race_list"
"440","8","2025年7月19日","函館","9R","湯浜特別","芝1800m (右B)","14:15","晴","良","8","4","5","ツーエムクロノス","牡3","牡","3","55.0","松本","1:47.9","クビ","9.0","38.5","35.3","4-4-4-4","栗東本田","508(+2)","https://race.netkeiba.com/race/result.html?race_id=202502011109&rf=race_list"
"441","9","2025年7月19日","函館","9R","湯浜特別","芝1800m (右B)","14:15","晴","良","9","3","4","ヴィーナスバブル","牝3","牝","3","53.0","舟山","1:48.1","1","13.0","146.4","34.8","4-8-13-13","栗東東田","440(+6)","https://race.netkeiba.com/race/result.html?race_id=202502011109&rf=race_list"
"442","10","2025年7月19日","函館","9R","湯浜特別","芝1800m (右B)","14:15","晴","良","10","4","6","サトノブリジャール","牡3","牡","3","55.0","佐々木","1:48.3","1.1/4","3.0","7.3","35.4","9-9-7-10","栗東友道","464(0)","https://race.netkeiba.com/race/result.html?race_id=202502011109&rf=race_list"
"443","11","2025年7月19日","函館","9R","湯浜特別","芝1800m (右B)","14:15","晴","良","11","6","9","ゴーゴータカシ","牡3","牡","3","55.0","古川吉","1:48.3","クビ","7.0","23.0","35.5","9-10-7-7","美浦武井","484(+6)","https://race.netkeiba.com/race/result.html?race_id=202502011109&rf=race_list"
"444","12","2025年7月19日","函館","9R","湯浜特別","芝1800m (右B)","14:15","晴","良","12","7","11","サクラアドリア","牡3","牡","3","55.0","横山和","1:48.4","3/4","5.0","21.7","35.0","14-14-14-13","美浦尾関","494(+4)","https://race.netkeiba.com/race/result.html?race_id=202502011109&rf=race_list"
"445","13","2025年7月19日","函館","9R","湯浜特別","芝1800m (右B)","14:15","晴","良","13","7","12","スペシャルバニー","牝3","牝","3","53.0","斎藤","1:48.6","1.1/4","11.0","57.8","36.1","3-3-3-4","美浦田村","404(0)","https://race.netkeiba.com/race/result.html?race_id=202502011109&rf=race_list"
"446","14","2025年7月19日","函館","9R","湯浜特別","芝1800m (右B)","14:15","晴","良","14","5","7","ウインポセイドン","牡3","牡","3","55.0","丹内","1:48.9","1.1/2","8.0","34.9","35.8","12-12-10-10","栗東奥村豊","464(+2)","https://race.netkeiba.com/race/result.html?race_id=202502011109&rf=race_list"
"447","1","2025年7月19日","函館","10R","かもめ島特別","芝1800m (右B)","14:50","晴","良","1","3","3","ジョイフルニュース","牝3","牝","3","53.0","佐々木","1:46.7","","1.0","1.8","34.4","3-3-3-3","美浦大竹","456(+6)","https://race.netkeiba.com/race/result.html?race_id=202502011110&rf=race_list"
"448","2","2025年7月19日","函館","10R","かもめ島特別","芝1800m (右B)","14:50","晴","良","2","5","7","リラボニート","牝4","牝","4","56.0","藤岡佑","1:46.9","1.1/2","2.0","7.3","34.4","5-6-5-3","栗東須貝","466(+6)","https://race.netkeiba.com/race/result.html?race_id=202502011110&rf=race_list"
"449","3","2025年7月19日","函館","10R","かもめ島特別","芝1800m (右B)","14:50","晴","良","3","3","4","サクソンジェンヌ","牝4","牝","4","56.0","菱田","1:47.0","1/2","5.0","12.8","34.0","7-8-10-10","栗東高橋忠","464(-6)","https://race.netkeiba.com/race/result.html?race_id=202502011110&rf=race_list"
"450","4","2025年7月19日","函館","10R","かもめ島特別","芝1800m (右B)","14:50","晴","良","4","5","8","ピンクジン","牝5","牝","5","56.0","黛","1:47.2","1.1/4","8.0","27.6","34.2","10-10-10-10","美浦南田","438(+10)","https://race.netkeiba.com/race/result.html?race_id=202502011110&rf=race_list"
"451","5","2025年7月19日","函館","10R","かもめ島特別","芝1800m (右B)","14:50","晴","良","5","8","14","カテリーナ","牝4","牝","4","56.0","浜中","1:47.2","ハナ","3.0","7.8","34.4","7-8-8-7","栗東田中克","478(+10)","https://race.netkeiba.com/race/result.html?race_id=202502011110&rf=race_list"
"452","6","2025年7月19日","函館","10R","かもめ島特別","芝1800m (右B)","14:50","晴","良","6","1","1","ナムララジベラ","牝5","牝","5","56.0","小林脩","1:47.3","クビ","11.0","67.5","34.8","5-5-5-6","美浦石栗","488(+4)","https://race.netkeiba.com/race/result.html?race_id=202502011110&rf=race_list"
"453","7","2025年7月19日","函館","10R","かもめ島特別","芝1800m (右B)","14:50","晴","良","7","8","13","レッセパッセ","牝4","牝","4","56.0","斎藤","1:47.4","1/2","13.0","103.4","34.0","12-12-12-12","栗東西園翔","388(-2)","https://race.netkeiba.com/race/result.html?race_id=202502011110&rf=race_list"
"454","8","2025年7月19日","函館","10R","かもめ島特別","芝1800m (右B)","14:50","晴","良","8","4","6","コスモディナー","牝4","牝","4","56.0","松岡","1:47.5","1/2","12.0","78.1","34.8","9-7-8-7","美浦伊藤伸","472(-2)","https://race.netkeiba.com/race/result.html?race_id=202502011110&rf=race_list"
"455","9","2025年7月19日","函館","10R","かもめ島特別","芝1800m (右B)","14:50","晴","良","9","2","2","ムガ","牝6","牝","6","56.0","古川吉","1:47.5","クビ","14.0","128.1","34.1","13-12-12-12","栗東高橋一","456(-4)","https://race.netkeiba.com/race/result.html?race_id=202502011110&rf=race_list"
"456","10","2025年7月19日","函館","10R","かもめ島特別","芝1800m (右B)","14:50","晴","良","10","6","9","レイピカケ","牝4","牝","4","56.0","武豊","1:47.6","クビ","6.0","13.2","34.0","14-14-14-12","栗東野中","462(+4)","https://race.netkeiba.com/race/result.html?race_id=202502011110&rf=race_list"
"457","11","2025年7月19日","函館","10R","かもめ島特別","芝1800m (右B)","14:50","晴","良","11","4","5","オルノア","牝5","牝","5","56.0","横山和","1:47.6","クビ","7.0","16.1","35.2","3-4-5-7","栗東新谷","494(-2)","https://race.netkeiba.com/race/result.html?race_id=202502011110&rf=race_list"
"458","12","2025年7月19日","函館","10R","かもめ島特別","芝1800m (右B)","14:50","晴","良","12","7","11","テリオスサラ","牝4","牝","4","56.0","横山武","1:47.7","1/2","4.0","11.0","35.5","10-10-3-3","美浦高柳瑞","486(+2)","https://race.netkeiba.com/race/result.html?race_id=202502011110&rf=race_list"
"459","13","2025年7月19日","函館","10R","かもめ島特別","芝1800m (右B)","14:50","晴","良","13","6","10","ウインルピナス","牝5","牝","5","56.0","丹内","1:48.0","2","10.0","46.0","35.9","1-1-1-1","美浦鈴木伸","448(+8)","https://race.netkeiba.com/race/result.html?race_id=202502011110&rf=race_list"
"460","14","2025年7月19日","函館","10R","かもめ島特別","芝1800m (右B)","14:50","晴","良","14","7","12","ルーチェロッサ","牝5","牝","5","56.0","キング","1:48.1","クビ","9.0","38.0","36.0","2-2-2-2","美浦相沢","476(+6)","https://race.netkeiba.com/race/result.html?race_id=202502011110&rf=race_list"
"461","1","2025年7月19日","函館","11R","マリーンS","ダ1700m (右)","15:25","晴","良","1","3","3","ピュアキアン","牡4","牡","4","56.0","吉田豊","1:43.8","","3.0","5.8","36.8","1-1-2-2","美浦竹内","514(+6)","https://race.netkeiba.com/race/result.html?race_id=202502011111&rf=race_list"
"462","2","2025年7月19日","函館","11R","マリーンS","ダ1700m (右)","15:25","晴","良","2","2","2","テーオードレフォン","牡6","牡","6","58.0","丸山","1:44.1","1.3/4","5.0","6.6","36.7","3-3-4-3","栗東梅田","500(-4)","https://race.netkeiba.com/race/result.html?race_id=202502011111&rf=race_list"
"463","3","2025年7月19日","函館","11R","マリーンS","ダ1700m (右)","15:25","晴","良","3","5","8","レディントン","牡4","牡","4","56.0","横山武","1:44.1","アタマ","4.0","6.1","36.5","6-6-6-4","栗東杉山晴","490(+6)","https://race.netkeiba.com/race/result.html?race_id=202502011111&rf=race_list"
"464","4","2025年7月19日","函館","11R","マリーンS","ダ1700m (右)","15:25","晴","良","4","5","7","ペプチドソレイユ","牡5","牡","5","55.0","古川吉","1:44.3","1","8.0","24.9","37.4","13-11-1-1","栗東武英","484(0)","https://race.netkeiba.com/race/result.html?race_id=202502011111&rf=race_list"
"465","5","2025年7月19日","函館","11R","マリーンS","ダ1700m (右)","15:25","晴","良","5","4","6","ハビレ","牡4","牡","4","57.0","キング","1:44.3","クビ","2.0","4.9","36.5","9-9-9-9","美浦武井","512(+6)","https://race.netkeiba.com/race/result.html?race_id=202502011111&rf=race_list"
"466","6","2025年7月19日","函館","11R","マリーンS","ダ1700m (右)","15:25","晴","良","6","8","13","ダンテバローズ","牡5","牡","5","57.5","丹内","1:44.6","1.3/4","1.0","3.7","37.0","7-7-6-4","栗東上村","516(0)","https://race.netkeiba.com/race/result.html?race_id=202502011111&rf=race_list"
"467","7","2025年7月19日","函館","11R","マリーンS","ダ1700m (右)","15:25","晴","良","7","6","10","マリアナトレンチ","牡5","牡","5","55.0","鮫島駿","1:44.7","3/4","12.0","49.8","36.9","9-9-9-7","栗東東田","472(0)","https://race.netkeiba.com/race/result.html?race_id=202502011111&rf=race_list"
"468","8","2025年7月19日","函館","11R","マリーンS","ダ1700m (右)","15:25","晴","良","8","1","1","カンピオーネ","牡6","牡","6","55.0","浜中","1:44.7","ハナ","9.0","28.4","36.6","11-11-12-11","美浦栗田","512(0)","https://race.netkeiba.com/race/result.html?race_id=202502011111&rf=race_list"
"469","9","2025年7月19日","函館","11R","マリーンS","ダ1700m (右)","15:25","晴","良","9","6","9","ボルザコフスキー","牡6","牡","6","56.0","藤懸","1:45.0","1.3/4","14.0","144.4","36.6","14-14-14-14","栗東清水久","514(+2)","https://race.netkeiba.com/race/result.html?race_id=202502011111&rf=race_list"
"470","10","2025年7月19日","函館","11R","マリーンS","ダ1700m (右)","15:25","晴","良","10","8","14","ナチュラルハイ","牡5","牡","5","57.0","佐々木","1:45.3","1.1/2","7.0","16.4","37.6","8-8-6-9","美浦黒岩","488(-6)","https://race.netkeiba.com/race/result.html?race_id=202502011111&rf=race_list"
"471","11","2025年7月19日","函館","11R","マリーンS","ダ1700m (右)","15:25","晴","良","11","4","5","ショウナンライシン","牡5","牡","5","57.0","池添","1:45.4","1/2","10.0","37.9","37.3","12-11-12-13","美浦大竹","502(0)","https://race.netkeiba.com/race/result.html?race_id=202502011111&rf=race_list"
"472","12","2025年7月19日","函館","11R","マリーンS","ダ1700m (右)","15:25","晴","良","12","3","4","ワールドタキオン","牡7","牡","7","57.0","斎藤","1:45.6","1","6.0","12.7","38.4","2-2-3-4","美浦斎藤誠","504(-4)","https://race.netkeiba.com/race/result.html?race_id=202502011111&rf=race_list"
"473","13","2025年7月19日","函館","11R","マリーンS","ダ1700m (右)","15:25","晴","良","13","7","11","ジャスパーゴールド","セ7","セ","7","56.0","横山和","1:45.8","1.1/2","11.0","48.5","38.0","3-5-9-11","栗東森秀","462(-4)","https://race.netkeiba.com/race/result.html?race_id=202502011111&rf=race_list"
"474","14","2025年7月19日","函館","11R","マリーンS","ダ1700m (右)","15:25","晴","良","14","7","12","クラヴィコード","牝4","牝","4","51.0","小林美","1:46.0","3/4","13.0","67.1","38.5","3-3-4-7","栗東中村","496(+12)","https://race.netkeiba.com/race/result.html?race_id=202502011111&rf=race_list"
"475","1","2025年7月19日","函館","12R","3歳以上1勝クラス","芝1200m (右B)","16:05","晴","良","1","2","4","マジカルフェアリー","牝3","牝","3","53.0","キング","1:08.4","","4.0","7.4","34.7","3-2","栗東寺島","444(-8)","https://race.netkeiba.com/race/result.html?race_id=202502011112&rf=race_list"
"476","2","2025年7月19日","函館","12R","3歳以上1勝クラス","芝1200m (右B)","16:05","晴","良","2","1","2","ラセーヌシュメール","牝4","牝","4","56.0","佐々木","1:08.6","1.1/4","5.0","10.9","34.6","5-5","美浦杉浦","456(+6)","https://race.netkeiba.com/race/result.html?race_id=202502011112&rf=race_list"
"477","3","2025年7月19日","函館","12R","3歳以上1勝クラス","芝1200m (右B)","16:05","晴","良","3","2","3","クレセントウイング","セ5","セ","5","58.0","吉田豊","1:08.6","ハナ","8.0","27.2","34.1","10-10","美浦高橋文","470(+8)","https://race.netkeiba.com/race/result.html?race_id=202502011112&rf=race_list"
"478","4","2025年7月19日","函館","12R","3歳以上1勝クラス","芝1200m (右B)","16:05","晴","良","4","5","9","ミクストベリーズ","牡3","牡","3","55.0","横山武","1:08.7","アタマ","1.0","3.9","34.7","5-5","美浦伊藤圭","480(+4)","https://race.netkeiba.com/race/result.html?race_id=202502011112&rf=race_list"
"479","5","2025年7月19日","函館","12R","3歳以上1勝クラス","芝1200m (右B)","16:05","晴","良","5","1","1","ランスオブサウンド","牝5","牝","5","56.0","斎藤","1:08.8","1/2","11.0","31.0","34.5","8-8","栗東奥村豊","456(-6)","https://race.netkeiba.com/race/result.html?race_id=202502011112&rf=race_list"
"480","6","2025年7月19日","函館","12R","3歳以上1勝クラス","芝1200m (右B)","16:05","晴","良","6","3","6","マジカルシャイン","牝3","牝","3","53.0","武豊","1:08.8","クビ","2.0","4.2","33.9","15-15","栗東武英","492(+10)","https://race.netkeiba.com/race/result.html?race_id=202502011112&rf=race_list"
"481","7","2025年7月19日","函館","12R","3歳以上1勝クラス","芝1200m (右B)","16:05","晴","良","7","6","12","ビッグフラワー","牡4","牡","4","58.0","鮫島駿","1:09.0","1.1/4","6.0","12.1","34.8","8-8","美浦加藤征","492(-2)","https://race.netkeiba.com/race/result.html?race_id=202502011112&rf=race_list"
"482","8","2025年7月19日","函館","12R","3歳以上1勝クラス","芝1200m (右B)","16:05","晴","良","8","5","10","カップッチョ","牡8","牡","8","55.0","▲古川奈","1:09.0","ハナ","13.0","138.4","34.9","7-7","美浦南田","492(+2)","https://race.netkeiba.com/race/result.html?race_id=202502011112&rf=race_list"
"483","9","2025年7月19日","函館","12R","3歳以上1勝クラス","芝1200m (右B)","16:05","晴","良","9","4","7","ジーティースピカ","牝4","牝","4","53.0","▲柴田裕","1:09.1","クビ","16.0","313.1","35.2","4-4","美浦加藤和","478(0)","https://race.netkeiba.com/race/result.html?race_id=202502011112&rf=race_list"
"484","10","2025年7月19日","函館","12R","3歳以上1勝クラス","芝1200m (右B)","16:05","晴","良","10","3","5","アルマロクザン","牝5","牝","5","56.0","松岡","1:09.3","1.1/4","14.0","140.9","34.6","12-14","美浦伊藤伸","476(-2)","https://race.netkeiba.com/race/result.html?race_id=202502011112&rf=race_list"
"485","11","2025年7月19日","函館","12R","3歳以上1勝クラス","芝1200m (右B)","16:05","晴","良","11","8","16","ドランクマン","牡4","牡","4","57.0","☆松本","1:09.4","1/2","10.0","28.6","34.6","15-15","栗東新谷","458(0)","https://race.netkeiba.com/race/result.html?race_id=202502011112&rf=race_list"
"486","12","2025年7月19日","函館","12R","3歳以上1勝クラス","芝1200m (右B)","16:05","晴","良","12","8","15","スマッシュアウト","牡3","牡","3","51.0","★小林美","1:09.4","アタマ","3.0","4.4","36.0","2-1","美浦栗田","448(+4)","https://race.netkeiba.com/race/result.html?race_id=202502011112&rf=race_list"
"487","13","2025年7月19日","函館","12R","3歳以上1勝クラス","芝1200m (右B)","16:05","晴","良","13","7","13","ヴィヴァラリス","牝3","牝","3","50.0","▲鷲頭","1:09.6","1.1/4","7.0","24.9","34.9","12-12","美浦尾関","390(+8)","https://race.netkeiba.com/race/result.html?race_id=202502011112&rf=race_list"
"488","14","2025年7月19日","函館","12R","3歳以上1勝クラス","芝1200m (右B)","16:05","晴","良","14","6","11","オベイユアマスター","セ4","セ","4","58.0","丹内","1:09.7","クビ","9.0","28.2","35.1","12-12","栗東昆","460(-4)","https://race.netkeiba.com/race/result.html?race_id=202502011112&rf=race_list"
"489","15","2025年7月19日","函館","12R","3歳以上1勝クラス","芝1200m (右B)","16:05","晴","良","15","7","14","エスペラント","セ6","セ","6","58.0","丸山","1:10.4","4","12.0","51.8","35.9","10-10","美浦武藤","468(+2)","https://race.netkeiba.com/race/result.html?race_id=202502011112&rf=race_list"
"490","16","2025年7月19日","函館","12R","3歳以上1勝クラス","芝1200m (右B)","16:05","晴","良","16","4","8","ゴレイジョウ","牝5","牝","5","53.0","▲森田","1:12.6","大","15.0","192.1","39.2","1-2","美浦和田雄","464(+4)","https://race.netkeiba.com/race/result.html?race_id=202502011112&rf=race_list"
"491","1","2025年7月20日","福島","1R","3歳以上障害未勝利","障2770m (芝)","10:10","晴","良","1","5","7","マイネルメサイア","牡6","牡","6","60.0","上野","3:06.4","","4.0","6.7","13.5","2-2-3-3","美浦水野","492(+2)","https://race.netkeiba.com/race/result.html?race_id=202503020801&rf=race_list"
"492","2","2025年7月20日","福島","1R","3歳以上障害未勝利","障2770m (芝)","10:10","晴","良","2","7","11","カイコウ","セ4","セ","4","60.0","五十嵐","3:06.5","1/2","1.0","3.7","13.5","5-4-2-1","美浦田島","460(-6)","https://race.netkeiba.com/race/result.html?race_id=202503020801&rf=race_list"
"493","3","2025年7月20日","福島","1R","3歳以上障害未勝利","障2770m (芝)","10:10","晴","良","3","6","10","マルベリーシチー","牡5","牡","5","60.0","石神深","3:06.7","1.1/4","3.0","5.0","13.5","1-1-1-2","美浦奥平","500(0)","https://race.netkeiba.com/race/result.html?race_id=202503020801&rf=race_list"
"494","4","2025年7月20日","福島","1R","3歳以上障害未勝利","障2770m (芝)","10:10","晴","良","4","7","12","ローンウルフ","牡4","牡","4","60.0","大江圭","3:07.1","2.1/2","8.0","28.1","13.5","3-2-4-4","美浦武市","478(-4)","https://race.netkeiba.com/race/result.html?race_id=202503020801&rf=race_list"
"495","5","2025年7月20日","福島","1R","3歳以上障害未勝利","障2770m (芝)","10:10","晴","良","5","8","13","セファーラジエル","牡7","牡","7","60.0","中村","3:07.6","2.1/2","2.0","4.2","13.5","4-4-4-5","栗東高柳大","536(+8)","https://race.netkeiba.com/race/result.html?race_id=202503020801&rf=race_list"
"496","6","2025年7月20日","福島","1R","3歳以上障害未勝利","障2770m (芝)","10:10","晴","良","6","5","8","フェスティヴビーム","牡5","牡","5","60.0","草野","3:07.9","1.3/4","9.0","28.6","13.6","13-12-9-9","美浦畠山","470(-8)","https://race.netkeiba.com/race/result.html?race_id=202503020801&rf=race_list"
"497","7","2025年7月20日","福島","1R","3歳以上障害未勝利","障2770m (芝)","10:10","晴","良","7","3","4","ファベル","牡6","牡","6","60.0","小牧加","3:08.2","1.3/4","5.0","7.2","13.6","9-9-8-8","栗東小林","444(+6)","https://race.netkeiba.com/race/result.html?race_id=202503020801&rf=race_list"
"498","8","2025年7月20日","福島","1R","3歳以上障害未勝利","障2770m (芝)","10:10","晴","良","8","4","5","ホウオウユニコーン","牡6","牡","6","60.0","伴","3:08.3","3/4","6.0","14.9","13.6","7-6-6-6","美浦奥村武","492(-4)","https://race.netkeiba.com/race/result.html?race_id=202503020801&rf=race_list"
"499","9","2025年7月20日","福島","1R","3歳以上障害未勝利","障2770m (芝)","10:10","晴","良","9","3","3","サウンドブライアン","牡7","牡","7","60.0","小野寺","3:11.5","大","10.0","40.9","13.8","8-7-7-7","栗東加藤公","490(+6)","https://race.netkeiba.com/race/result.html?race_id=202503020801&rf=race_list"
"500","10","2025年7月20日","福島","1R","3歳以上障害未勝利","障2770m (芝)","10:10","晴","良","10","6","9","シンドバッド","牡5","牡","5","57.0","▲土田","3:12.1","3.1/2","13.0","135.2","13.9","10-10-11-11","美浦土田","488(-12)","https://race.netkeiba.com/race/result.html?race_id=202503020801&rf=race_list"
"501","11","2025年7月20日","福島","1R","3歳以上障害未勝利","障2770m (芝)","10:10","晴","良","11","2","2","インヴァリアンス","セ7","セ","7","60.0","金子","3:12.5","2.1/2","7.0","16.8","13.9","11-11-12-12","美浦尾関","466(-20)","https://race.netkeiba.com/race/result.html?race_id=202503020801&rf=race_list"
"502","12","2025年7月20日","福島","1R","3歳以上障害未勝利","障2770m (芝)","10:10","晴","良","12","8","14","モズクルードラゴン","牡6","牡","6","57.0","▲井上","3:13.0","3","14.0","153.5","13.9","6-7-9-10","美浦天間","480(-4)","https://race.netkeiba.com/race/result.html?race_id=202503020801&rf=race_list"
"503","13","2025年7月20日","福島","1R","3歳以上障害未勝利","障2770m (芝)","10:10","晴","良","13","4","6","リプレイ","牝4","牝","4","58.0","難波","3:14.0","6","11.0","76.7","14.0","12-14-13-13","美浦戸田","436(+2)","https://race.netkeiba.com/race/result.html?race_id=202503020801&rf=race_list"
"504","14","2025年7月20日","福島","1R","3歳以上障害未勝利","障2770m (芝)","10:10","晴","良","14","1","1","イチリュウオー","牡4","牡","4","57.0","▲水沼","3:15.2","7","12.0","76.7","14.1","13-13-13-14","美浦小西","456(-4)","https://race.netkeiba.com/race/result.html?race_id=202503020801&rf=race_list"
"505","1","2025年7月20日","福島","2R","3歳未勝利","ダ1700m (右)","10:45","晴","良","1","2","3","スターエンブレム","牡3","牡","3","57.0","菅原明","1:47.2","","3.0","4.8","38.6","5-4-4-4","美浦林","468(-14)","https://race.netkeiba.com/race/result.html?race_id=202503020802&rf=race_list"
"506","2","2025年7月20日","福島","2R","3歳未勝利","ダ1700m (右)","10:45","晴","良","2","7","12","カーフキック","牡3","牡","3","57.0","武藤","1:47.2","クビ","6.0","8.9","38.9","2-2-2-2","美浦高橋文","450(+4)","https://race.netkeiba.com/race/result.html?race_id=202503020802&rf=race_list"
"507","3","2025年7月20日","福島","2R","3歳未勝利","ダ1700m (右)","10:45","晴","良","3","7","13","パワーオブドリーム","セ3","セ","3","57.0","石川","1:47.4","1.1/4","4.0","8.0","39.2","1-1-1-1","美浦上原佑","448(0)","https://race.netkeiba.com/race/result.html?race_id=202503020802&rf=race_list"
"508","4","2025年7月20日","福島","2R","3歳未勝利","ダ1700m (右)","10:45","晴","良","4","5","9","ガンバレベアー","牝3","牝","3","55.0","内田博","1:47.5","クビ","2.0","4.7","39.0","8-7-4-4","美浦千葉","478(+4)","https://race.netkeiba.com/race/result.html?race_id=202503020802&rf=race_list"
"509","5","2025年7月20日","福島","2R","3歳未勝利","ダ1700m (右)","10:45","晴","良","5","8","15","コンヴァージョン","牡3","牡","3","57.0","大野","1:47.8","1.3/4","5.0","8.8","39.4","3-3-3-3","美浦上原博","448(-10)","https://race.netkeiba.com/race/result.html?race_id=202503020802&rf=race_list"
"510","6","2025年7月20日","福島","2R","3歳未勝利","ダ1700m (右)","10:45","晴","良","6","2","2","グロワールスカイ","牡3","牡","3","53.0","★谷原","1:47.9","1/2","9.0","22.5","38.5","11-10-10-9","美浦加藤士","480(-4)","https://race.netkeiba.com/race/result.html?race_id=202503020802&rf=race_list"
"511","7","2025年7月20日","福島","2R","3歳未勝利","ダ1700m (右)","10:45","晴","良","7","4","7","リドルトリガー","牝3","牝","3","53.0","◇今村","1:47.9","ハナ","10.0","28.0","38.7","13-12-9-9","美浦小島","472(-4)","https://race.netkeiba.com/race/result.html?race_id=202503020802&rf=race_list"
"512","8","2025年7月20日","福島","2R","3歳未勝利","ダ1700m (右)","10:45","晴","良","8","5","8","ワカミヤイリオス","牡3","牡","3","57.0","石橋脩","1:48.2","1.3/4","8.0","20.3","39.4","8-7-8-7","美浦矢野","472(+10)","https://race.netkeiba.com/race/result.html?race_id=202503020802&rf=race_list"
"513","9","2025年7月20日","福島","2R","3歳未勝利","ダ1700m (右)","10:45","晴","良","9","3","4","ミュージックマン","牡3","牡","3","57.0","横山琉","1:48.2","ハナ","1.0","4.4","39.7","5-6-4-4","美浦大和田","468(-4)","https://race.netkeiba.com/race/result.html?race_id=202503020802&rf=race_list"
"514","10","2025年7月20日","福島","2R","3歳未勝利","ダ1700m (右)","10:45","晴","良","10","8","14","フクチャンダイオウ","牡3","牡","3","57.0","江田照","1:49.1","5","13.0","140.2","40.5","3-4-4-8","美浦加藤征","530(0)","https://race.netkeiba.com/race/result.html?race_id=202503020802&rf=race_list"
"515","11","2025年7月20日","福島","2R","3歳未勝利","ダ1700m (右)","10:45","晴","良","11","3","5","トーアケルキラ","セ3","セ","3","54.0","▲石田","1:49.1","クビ","12.0","83.5","39.5","11-12-12-11","美浦辻","490(0)","https://race.netkeiba.com/race/result.html?race_id=202503020802&rf=race_list"
"516","12","2025年7月20日","福島","2R","3歳未勝利","ダ1700m (右)","10:45","晴","良","12","6","10","ホロヨイマンゲツ","牡3","牡","3","54.0","▲石神道","1:50.5","8","15.0","255.7","41.0","7-9-10-11","美浦深山","498(+8)","https://race.netkeiba.com/race/result.html?race_id=202503020802&rf=race_list"
"517","13","2025年7月20日","福島","2R","3歳未勝利","ダ1700m (右)","10:45","晴","良","13","4","6","コーシューパンジャ","牡3","牡","3","57.0","戸崎圭","1:50.5","1/2","7.0","11.1","40.7","15-15-13-11","美浦勢司","494(+6)","https://race.netkeiba.com/race/result.html?race_id=202503020802&rf=race_list"
"518","14","2025年7月20日","福島","2R","3歳未勝利","ダ1700m (右)","10:45","晴","良","14","1","1","リンガスマイル","牡3","牡","3","54.0","▲水沼","1:50.6","クビ","14.0","239.9","40.7","14-14-15-14","美浦西田","506(+8)","https://race.netkeiba.com/race/result.html?race_id=202503020802&rf=race_list"
"519","15","2025年7月20日","福島","2R","3歳未勝利","ダ1700m (右)","10:45","晴","良","15","6","11","タヤスアメリカン","牡3","牡","3","57.0","菊沢","1:51.8","7","11.0","62.4","42.1","8-10-13-15","美浦岩戸","494(+12)","https://race.netkeiba.com/race/result.html?race_id=202503020802&rf=race_list"
"520","1","2025年7月20日","福島","3R","2歳未勝利","芝1200m (右B)","11:15","晴","良","1","1","1","クリエープキー","牝2","牝","2","55.0","木幡巧","1:11.0","","2.0","2.1","35.5","2-2","美浦牧","440(+6)","https://race.netkeiba.com/race/result.html?race_id=202503020803&rf=race_list"
"521","2","2025年7月20日","福島","3R","2歳未勝利","芝1200m (右B)","11:15","晴","良","2","4","4","タイセイフレッサ","牝2","牝","2","55.0","戸崎圭","1:11.3","2","1.0","2.0","35.4","3-3","美浦斎藤誠","464(-4)","https://race.netkeiba.com/race/result.html?race_id=202503020803&rf=race_list"
"522","3","2025年7月20日","福島","3R","2歳未勝利","芝1200m (右B)","11:15","晴","良","3","2","2","フェイスリフト","牡2","牡","2","55.0","内田博","1:11.9","3.1/2","5.0","23.5","35.8","4-5","美浦嘉藤","436(-2)","https://race.netkeiba.com/race/result.html?race_id=202503020803&rf=race_list"
"523","4","2025年7月20日","福島","3R","2歳未勝利","芝1200m (右B)","11:15","晴","良","4","5","5","セイウンヤオヨロズ","牡2","牡","2","55.0","大野","1:12.0","1/2","4.0","22.5","35.7","6-5","美浦上原博","474(-2)","https://race.netkeiba.com/race/result.html?race_id=202503020803&rf=race_list"
"524","5","2025年7月20日","福島","3R","2歳未勝利","芝1200m (右B)","11:15","晴","良","5","6","6","トラスコンガーデン","牝2","牝","2","55.0","吉田豊","1:12.4","2","6.0","28.1","36.3","4-3","美浦竹内","438(0)","https://race.netkeiba.com/race/result.html?race_id=202503020803&rf=race_list"
"525","6","2025年7月20日","福島","3R","2歳未勝利","芝1200m (右B)","11:15","晴","良","6","3","3","ルクスアンジュ","牝2","牝","2","55.0","三浦","1:12.4","アタマ","3.0","5.5","37.1","1-1","美浦鹿戸","460(+2)","https://race.netkeiba.com/race/result.html?race_id=202503020803&rf=race_list"
"526","1","2025年7月20日","福島","4R","2歳未勝利","ダ1150m (右)","11:45","晴","良","1","8","8","ライフオブラクーン","牡2","牡","2","52.0","▲遠藤","1:09.1","","4.0","4.9","37.1","2-2","美浦村田","442(-2)","https://race.netkeiba.com/race/result.html?race_id=202503020804&rf=race_list"
"527","2","2025年7月20日","福島","4R","2歳未勝利","ダ1150m (右)","11:45","晴","良","2","2","2","チュラヴェール","牝2","牝","2","55.0","大野","1:09.9","5","2.0","4.0","37.6","3-3","美浦松山","444(+4)","https://race.netkeiba.com/race/result.html?race_id=202503020804&rf=race_list"
"528","3","2025年7月20日","福島","4R","2歳未勝利","ダ1150m (右)","11:45","晴","良","3","4","4","ボールドタワー","牡2","牡","2","55.0","横山琉","1:10.0","クビ","6.0","15.1","37.5","6-6","美浦鈴木慎","470(-4)","https://race.netkeiba.com/race/result.html?race_id=202503020804&rf=race_list"
"529","4","2025年7月20日","福島","4R","2歳未勝利","ダ1150m (右)","11:45","晴","良","4","1","1","ヴィビーム","牝2","牝","2","55.0","菊沢","1:10.5","3","3.0","4.3","38.3","3-3","美浦岩戸","436(0)","https://race.netkeiba.com/race/result.html?race_id=202503020804&rf=race_list"
"530","5","2025年7月20日","福島","4R","2歳未勝利","ダ1150m (右)","11:45","晴","良","5","7","7","ライヴマルガリータ","牝2","牝","2","55.0","木幡巧","1:10.9","2.1/2","1.0","2.8","38.7","3-3","美浦牧","452(+2)","https://race.netkeiba.com/race/result.html?race_id=202503020804&rf=race_list"
"531","6","2025年7月20日","福島","4R","2歳未勝利","ダ1150m (右)","11:45","晴","良","6","3","3","カイトヴァイター","牡2","牡","2","55.0","丸田","1:10.9","アタマ","5.0","7.9","38.9","1-1","美浦武市","434(0)","https://race.netkeiba.com/race/result.html?race_id=202503020804&rf=race_list"
"532","7","2025年7月20日","福島","4R","2歳未勝利","ダ1150m (右)","11:45","晴","良","7","6","6","ロココ","牝2","牝","2","55.0","丸山","1:11.4","3","8.0","69.5","38.5","8-7","美浦根本","434(-2)","https://race.netkeiba.com/race/result.html?race_id=202503020804&rf=race_list"
"533","8","2025年7月20日","福島","4R","2歳未勝利","ダ1150m (右)","11:45","晴","良","8","5","5","ドリームスマッシュ","牡2","牡","2","52.0","▲石田","1:13.0","10","7.0","53.1","40.4","7-8","美浦清水英","492(+4)","https://race.netkeiba.com/race/result.html?race_id=202503020804&rf=race_list"
"534","1","2025年7月20日","福島","5R","2歳新馬","芝2000m (右B)","12:35","晴","良","1","6","8","オブラプリーマ","牝2","牝","2","55.0","石橋脩","2:03.8","","7.0","18.2","35.8","9-9-7-4","美浦上原佑","406(0)","https://race.netkeiba.com/race/result.html?race_id=202503020805&rf=race_list"
"535","2","2025年7月20日","福島","5R","2歳新馬","芝2000m (右B)","12:35","晴","良","2","7","10","テルケンレンスキー","牡2","牡","2","55.0","木幡初","2:04.4","3.1/2","3.0","5.8","36.9","2-2-2-2","美浦竹内","474(0)","https://race.netkeiba.com/race/result.html?race_id=202503020805&rf=race_list"
"536","3","2025年7月20日","福島","5R","2歳新馬","芝2000m (右B)","12:35","晴","良","3","2","2","ショウナンダイン","牡2","牡","2","55.0","丸山","2:05.1","4","2.0","3.3","37.7","1-1-1-1","美浦森一","458(0)","https://race.netkeiba.com/race/result.html?race_id=202503020805&rf=race_list"
"537","4","2025年7月20日","福島","5R","2歳新馬","芝2000m (右B)","12:35","晴","良","4","8","13","シトリンテソーロ","牝2","牝","2","55.0","木幡巧","2:05.2","クビ","6.0","18.2","37.5","4-3-4-3","美浦武市","422(0)","https://race.netkeiba.com/race/result.html?race_id=202503020805&rf=race_list"
"538","5","2025年7月20日","福島","5R","2歳新馬","芝2000m (右B)","12:35","晴","良","5","8","12","エルアン","牡2","牡","2","55.0","三浦","2:05.2","アタマ","4.0","8.5","37.6","3-3-3-4","美浦浅利","432(0)","https://race.netkeiba.com/race/result.html?race_id=202503020805&rf=race_list"
"539","6","2025年7月20日","福島","5R","2歳新馬","芝2000m (右B)","12:35","晴","良","6","5","6","ポルフュロゲネトス","牡2","牡","2","55.0","戸崎圭","2:05.5","2","1.0","2.9","37.8","4-3-4-4","美浦矢嶋","528(0)","https://race.netkeiba.com/race/result.html?race_id=202503020805&rf=race_list"
"540","7","2025年7月20日","福島","5R","2歳新馬","芝2000m (右B)","12:35","晴","良","7","3","3","ストロングエース","牡2","牡","2","55.0","横山琉","2:05.7","1.1/4","13.0","124.2","37.5","9-9-10-7","美浦相沢","470(0)","https://race.netkeiba.com/race/result.html?race_id=202503020805&rf=race_list"
"541","8","2025年7月20日","福島","5R","2歳新馬","芝2000m (右B)","12:35","晴","良","8","7","11","ヤマタケボニータ","牡2","牡","2","55.0","原","2:07.4","10","11.0","72.8","39.4","7-7-7-7","美浦萱野","476(0)","https://race.netkeiba.com/race/result.html?race_id=202503020805&rf=race_list"
"542","9","2025年7月20日","福島","5R","2歳新馬","芝2000m (右B)","12:35","晴","良","9","5","7","スーパーチャイルド","牡2","牡","2","55.0","菊沢","2:07.7","1.1/2","10.0","61.7","40.0","4-3-4-7","美浦本間","486(0)","https://race.netkeiba.com/race/result.html?race_id=202503020805&rf=race_list"
"543","10","2025年7月20日","福島","5R","2歳新馬","芝2000m (右B)","12:35","晴","良","10","4","5","コスモナエマ","牝2","牝","2","55.0","津村","2:08.3","3.1/2","5.0","11.7","40.3","8-7-7-10","美浦手塚久","478(0)","https://race.netkeiba.com/race/result.html?race_id=202503020805&rf=race_list"
"544","11","2025年7月20日","福島","5R","2歳新馬","芝2000m (右B)","12:35","晴","良","11","1","1","ホッカイダイオー","牡2","牡","2","55.0","野中","2:08.3","アタマ","9.0","30.6","39.9","11-11-11-11","美浦奥平","488(0)","https://race.netkeiba.com/race/result.html?race_id=202503020805&rf=race_list"
"545","12","2025年7月20日","福島","5R","2歳新馬","芝2000m (右B)","12:35","晴","良","12","4","4","アポロンテソーロ","牡2","牡","2","55.0","菅原明","2:12.5","大","8.0","22.6","42.2","13-13-12-12","美浦嘉藤","462(0)","https://race.netkeiba.com/race/result.html?race_id=202503020805&rf=race_list"
"546","13","2025年7月20日","福島","5R","2歳新馬","芝2000m (右B)","12:35","晴","良","13","6","9","シスターブラック","牝2","牝","2","55.0","内田博","2:16.2","大","12.0","84.4","45.8","11-12-12-13","美浦西田","444(0)","https://race.netkeiba.com/race/result.html?race_id=202503020805&rf=race_list"
"547","1","2025年7月20日","福島","6R","3歳未勝利","芝1800m (右B)","13:05","晴","良","1","6","10","ウインベアトリス","牝3","牝","3","52.0","▲石神道","1:50.3","","3.0","6.2","35.9","1-1-1-1","美浦深山","450(+2)","https://race.netkeiba.com/race/result.html?race_id=202503020806&rf=race_list"
"548","2","2025年7月20日","福島","6R","3歳未勝利","芝1800m (右B)","13:05","晴","良","2","4","6","テンドリームガール","牝3","牝","3","55.0","石橋脩","1:50.5","1.1/4","6.0","21.8","34.9","8-9-12-10","美浦矢野","418(+8)","https://race.netkeiba.com/race/result.html?race_id=202503020806&rf=race_list"
"549","3","2025年7月20日","福島","6R","3歳未勝利","芝1800m (右B)","13:05","晴","良","3","4","5","キアラメンテ","牝3","牝","3","55.0","戸崎圭","1:50.5","アタマ","1.0","2.6","35.5","4-6-5-3","美浦鹿戸","428(0)","https://race.netkeiba.com/race/result.html?race_id=202503020806&rf=race_list"
"550","4","2025年7月20日","福島","6R","3歳未勝利","芝1800m (右B)","13:05","晴","良","4","7","12","エンゲルシュピール","牝3","牝","3","55.0","田辺","1:50.8","1.1/2","4.0","6.6","35.4","13-13-10-6","美浦田村","456(-2)","https://race.netkeiba.com/race/result.html?race_id=202503020806&rf=race_list"
"551","5","2025年7月20日","福島","6R","3歳未勝利","芝1800m (右B)","13:05","晴","良","5","5","8","ドルチェルナ","牝3","牝","3","55.0","大野","1:51.2","2.1/2","10.0","34.8","35.9","8-9-7-8","美浦辻","448(+6)","https://race.netkeiba.com/race/result.html?race_id=202503020806&rf=race_list"
"552","6","2025年7月20日","福島","6R","3歳未勝利","芝1800m (右B)","13:05","晴","良","6","2","2","クラインシュミット","牝3","牝","3","55.0","津村","1:51.4","1.1/4","9.0","32.2","36.0","11-11-10-10","美浦木村","474(+14)","https://race.netkeiba.com/race/result.html?race_id=202503020806&rf=race_list"
"553","7","2025年7月20日","福島","6R","3歳未勝利","芝1800m (右B)","13:05","晴","良","7","7","11","フィーユチャン","牝3","牝","3","55.0","三浦","1:51.6","1.1/4","2.0","3.7","37.0","2-2-2-2","美浦斎藤誠","442(-4)","https://race.netkeiba.com/race/result.html?race_id=202503020806&rf=race_list"
"554","8","2025年7月20日","福島","6R","3歳未勝利","芝1800m (右B)","13:05","晴","良","8","3","3","サンタアナウインド","牝3","牝","3","55.0","菊沢","1:51.7","1/2","13.0","154.5","35.9","14-13-14-12","美浦古賀","448(-2)","https://race.netkeiba.com/race/result.html?race_id=202503020806&rf=race_list"
"555","9","2025年7月20日","福島","6R","3歳未勝利","芝1800m (右B)","13:05","晴","良","9","8","13","ヌンルチル","牝3","牝","3","55.0","木幡巧","1:51.8","1/2","11.0","53.6","37.0","3-3-3-4","美浦勢司","462(-6)","https://race.netkeiba.com/race/result.html?race_id=202503020806&rf=race_list"
"556","10","2025年7月20日","福島","6R","3歳未勝利","芝1800m (右B)","13:05","晴","良","10","8","14","サルーポルティ","牝3","牝","3","55.0","菅原明","1:52.1","2","5.0","13.4","36.9","4-6-7-8","美浦国枝","402(-4)","https://race.netkeiba.com/race/result.html?race_id=202503020806&rf=race_list"
"557","11","2025年7月20日","福島","6R","3歳未勝利","芝1800m (右B)","13:05","晴","良","11","3","4","ディフューズ","牝3","牝","3","55.0","木幡育","1:52.4","1.3/4","7.0","26.0","37.5","4-3-5-6","美浦勢司","410(+2)","https://race.netkeiba.com/race/result.html?race_id=202503020806&rf=race_list"
"558","12","2025年7月20日","福島","6R","3歳未勝利","芝1800m (右B)","13:05","晴","良","12","5","7","ミサトレオネッサ","牝3","牝","3","55.0","長岡","1:52.9","3.1/2","12.0","101.1","37.4","11-11-12-12","美浦高橋文","432(0)","https://race.netkeiba.com/race/result.html?race_id=202503020806&rf=race_list"
"559","13","2025年7月20日","福島","6R","3歳未勝利","芝1800m (右B)","13:05","晴","良","13","1","1","アズーラ","牝3","牝","3","55.0","秋山稔","1:55.1","大","14.0","310.5","39.8","8-8-7-12","美浦佐藤吉","410(+12)","https://race.netkeiba.com/race/result.html?race_id=202503020806&rf=race_list"
"560","14","2025年7月20日","福島","6R","3歳未勝利","芝1800m (右B)","13:05","晴","良","14","6","9","アッサジャン","牝3","牝","3","55.0","丸山","1:57.8","大","8.0","30.5","43.0","4-3-3-4","美浦国枝","464(+18)","https://race.netkeiba.com/race/result.html?race_id=202503020806&rf=race_list"
"561","1","2025年7月20日","福島","7R","3歳未勝利","ダ1150m (右)","13:35","晴","良","1","5","9","アイドル","牝3","牝","3","55.0","津村","1:09.8","","1.0","1.9","37.5","4-5","美浦上原佑","488(0)","https://race.netkeiba.com/race/result.html?race_id=202503020807&rf=race_list"
"562","2","2025年7月20日","福島","7R","3歳未勝利","ダ1150m (右)","13:35","晴","良","2","7","12","エレレラナキラ","牡3","牡","3","57.0","石橋脩","1:09.8","クビ","6.0","18.2","37.7","2-2","美浦牧","446(0)","https://race.netkeiba.com/race/result.html?race_id=202503020807&rf=race_list"
"563","3","2025年7月20日","福島","7R","3歳未勝利","ダ1150m (右)","13:35","晴","良","3","2","2","アミラジオネ","牝3","牝","3","52.0","▲水沼","1:09.9","クビ","4.0","11.2","37.6","4-2","美浦西田","466(+2)","https://race.netkeiba.com/race/result.html?race_id=202503020807&rf=race_list"
"564","4","2025年7月20日","福島","7R","3歳未勝利","ダ1150m (右)","13:35","晴","良","4","7","13","フランシナテソーロ","牝3","牝","3","55.0","柴田大","1:10.4","3","5.0","15.8","38.1","4-5","美浦畠山","454(+2)","https://race.netkeiba.com/race/result.html?race_id=202503020807&rf=race_list"
"565","5","2025年7月20日","福島","7R","3歳未勝利","ダ1150m (右)","13:35","晴","良","5","8","15","ダイメイナガス","牝3","牝","3","55.0","菊沢","1:10.5","1/2","2.0","4.7","38.5","1-1","美浦本間","460(0)","https://race.netkeiba.com/race/result.html?race_id=202503020807&rf=race_list"
"566","6","2025年7月20日","福島","7R","3歳未勝利","ダ1150m (右)","13:35","晴","良","6","8","14","ホウオウブライツ","牡3","牡","3","57.0","横山琉","1:10.6","1/2","10.0","60.1","37.9","7-7","美浦稲垣","472(+6)","https://race.netkeiba.com/race/result.html?race_id=202503020807&rf=race_list"
"567","7","2025年7月20日","福島","7R","3歳未勝利","ダ1150m (右)","13:35","晴","良","7","4","6","メイデンヘッド","牝3","牝","3","55.0","丸田","1:10.6","ハナ","7.0","21.0","37.7","8-7","美浦大竹","440(+6)","https://race.netkeiba.com/race/result.html?race_id=202503020807&rf=race_list"
"568","8","2025年7月20日","福島","7R","3歳未勝利","ダ1150m (右)","13:35","晴","良","8","3","5","ウィルマテソーロ","牝3","牝","3","55.0","木幡巧","1:10.7","3/4","9.0","28.4","37.6","10-10","美浦稲垣","416(-14)","https://race.netkeiba.com/race/result.html?race_id=202503020807&rf=race_list"
"569","9","2025年7月20日","福島","7R","3歳未勝利","ダ1150m (右)","13:35","晴","良","9","4","7","ケイツータンカ","牡3","牡","3","53.0","★谷原","1:11.0","1.1/2","14.0","180.6","37.2","13-13","美浦清水英","454(0)","https://race.netkeiba.com/race/result.html?race_id=202503020807&rf=race_list"
"570","10","2025年7月20日","福島","7R","3歳未勝利","ダ1150m (右)","13:35","晴","良","10","3","4","グレートシューター","牡3","牡","3","54.0","▲遠藤","1:11.2","1.1/2","8.0","27.9","37.7","12-12","美浦伊藤伸","438(-10)","https://race.netkeiba.com/race/result.html?race_id=202503020807&rf=race_list"
"571","11","2025年7月20日","福島","7R","3歳未勝利","ダ1150m (右)","13:35","晴","良","11","2","3","ワンダーレジット","牡3","牡","3","54.0","▲石田","1:11.5","1.3/4","15.0","347.5","37.3","14-14","美浦斎藤誠","478(+10)","https://race.netkeiba.com/race/result.html?race_id=202503020807&rf=race_list"
"572","12","2025年7月20日","福島","7R","3歳未勝利","ダ1150m (右)","13:35","晴","良","12","5","8","マミーブルー","牝3","牝","3","52.0","▲佐藤","1:11.6","1/2","11.0","83.7","38.7","8-9","美浦杉浦","416(-20)","https://race.netkeiba.com/race/result.html?race_id=202503020807&rf=race_list"
"573","13","2025年7月20日","福島","7R","3歳未勝利","ダ1150m (右)","13:35","晴","良","13","6","10","スマイルインザサン","牝3","牝","3","55.0","原","1:12.3","4","13.0","139.7","39.2","10-11","美浦堀内","500(-8)","https://race.netkeiba.com/race/result.html?race_id=202503020807&rf=race_list"
"574","14","2025年7月20日","福島","7R","3歳未勝利","ダ1150m (右)","13:35","晴","良","14","6","11","ポム","牝3","牝","3","55.0","菅原明","1:12.4","クビ","3.0","7.0","40.3","2-2","美浦奥村武","446(+4)","https://race.netkeiba.com/race/result.html?race_id=202503020807&rf=race_list"
"575","15","2025年7月20日","福島","7R","3歳未勝利","ダ1150m (右)","13:35","晴","良","15","1","1","キタノゲルニカ","牡3","牡","3","57.0","小林凌","1:12.9","3","12.0","115.7","38.0","15-15","美浦小西","468(0)","https://race.netkeiba.com/race/result.html?race_id=202503020807&rf=race_list"
"576","1","2025年7月20日","福島","8R","3歳未勝利","芝1800m (右B)","14:05","晴","良","1","8","14","ポタリング","セ3","セ","3","57.0","江田照","1:51.0","","5.0","10.5","35.9","6-8-3-2","美浦武藤","426(-4)","https://race.netkeiba.com/race/result.html?race_id=202503020808&rf=race_list"
"577","2","2025年7月20日","福島","8R","3歳未勝利","芝1800m (右B)","14:05","晴","良","2","3","4","ヴィアトル","牝3","牝","3","55.0","石川","1:51.3","2","3.0","9.1","35.9","9-9-7-3","美浦上原佑","418(-6)","https://race.netkeiba.com/race/result.html?race_id=202503020808&rf=race_list"
"578","3","2025年7月20日","福島","8R","3歳未勝利","芝1800m (右B)","14:05","晴","良","3","1","1","マイネルアズーロ","牡3","牡","3","57.0","津村","1:51.6","1.1/2","2.0","2.5","35.8","12-11-10-10","美浦鹿戸","458(-2)","https://race.netkeiba.com/race/result.html?race_id=202503020808&rf=race_list"
"579","4","2025年7月20日","福島","8R","3歳未勝利","芝1800m (右B)","14:05","晴","良","4","5","7","ウインバーテックス","牡3","牡","3","57.0","菊沢","1:51.6","クビ","4.0","10.3","36.6","1-1-1-1","美浦清水英","456(-4)","https://race.netkeiba.com/race/result.html?race_id=202503020808&rf=race_list"
"580","5","2025年7月20日","福島","8R","3歳未勝利","芝1800m (右B)","14:05","晴","良","5","8","13","クリノフローレンス","牝3","牝","3","52.0","▲佐藤","1:52.0","2","14.0","219.9","36.9","4-5-3-5","美浦南田","440(-8)","https://race.netkeiba.com/race/result.html?race_id=202503020808&rf=race_list"
"581","6","2025年7月20日","福島","8R","3歳未勝利","芝1800m (右B)","14:05","晴","良","6","2","2","スペードギニー","牡3","牡","3","57.0","戸崎圭","1:52.1","1/2","1.0","2.4","36.2","13-13-10-11","美浦武井","466(-2)","https://race.netkeiba.com/race/result.html?race_id=202503020808&rf=race_list"
"582","7","2025年7月20日","福島","8R","3歳未勝利","芝1800m (右B)","14:05","晴","良","7","3","3","ノブノリオウ","牡3","牡","3","55.0","◇今村","1:52.1","ハナ","9.0","62.0","36.0","13-14-12-11","美浦久保田","450(+18)","https://race.netkeiba.com/race/result.html?race_id=202503020808&rf=race_list"
"583","8","2025年7月20日","福島","8R","3歳未勝利","芝1800m (右B)","14:05","晴","良","8","7","11","ウインエンデバー","牡3","牡","3","57.0","長岡","1:52.6","3","11.0","97.6","37.6","2-2-2-3","栗東吉田","456(-7)","https://race.netkeiba.com/race/result.html?race_id=202503020808&rf=race_list"
"584","9","2025年7月20日","福島","8R","3歳未勝利","芝1800m (右B)","14:05","晴","良","9","5","8","スノーリン","牡3","牡","3","57.0","原","1:52.6","クビ","7.0","47.4","37.3","6-7-7-8","美浦西田","466(-2)","https://race.netkeiba.com/race/result.html?race_id=202503020808&rf=race_list"
"585","10","2025年7月20日","福島","8R","3歳未勝利","芝1800m (右B)","14:05","晴","良","10","7","12","ハンクスター","牡3","牡","3","57.0","木幡育","1:52.7","1/2","8.0","52.1","36.2","11-12-14-13","美浦松永康","480(-2)","https://race.netkeiba.com/race/result.html?race_id=202503020808&rf=race_list"
"586","11","2025年7月20日","福島","8R","3歳未勝利","芝1800m (右B)","14:05","晴","良","11","6","9","セージブラッシュ","牡3","牡","3","57.0","柴田大","1:52.7","ハナ","10.0","79.6","37.4","6-5-7-8","美浦畠山","480(+6)","https://race.netkeiba.com/race/result.html?race_id=202503020808&rf=race_list"
"587","12","2025年7月20日","福島","8R","3歳未勝利","芝1800m (右B)","14:05","晴","良","12","4","6","ワウワウワウ","牡3","牡","3","57.0","木幡巧","1:52.9","1.1/4","6.0","20.2","37.7","4-3-6-5","美浦牧","496(0)","https://race.netkeiba.com/race/result.html?race_id=202503020808&rf=race_list"
"588","13","2025年7月20日","福島","8R","3歳未勝利","芝1800m (右B)","14:05","晴","良","13","6","10","ルラクソント","牡3","牡","3","54.0","▲石神道","1:53.4","3","12.0","113.6","38.3","3-3-3-5","美浦中川","484(+4)","https://race.netkeiba.com/race/result.html?race_id=202503020808&rf=race_list"
"589","14","2025年7月20日","福島","8R","3歳未勝利","芝1800m (右B)","14:05","晴","良","14","4","5","バークテソーロ","牡3","牡","3","57.0","武藤","1:55.2","大","13.0","181.9","39.1","10-10-12-14","美浦稲垣","442(+12)","https://race.netkeiba.com/race/result.html?race_id=202503020808&rf=race_list"
"590","1","2025年7月20日","福島","9R","南相馬特別","芝1200m (右B)","14:35","晴","良","1","6","7","スターウェーブ","牡3","牡","3","55.0","三浦","1:10.8","","3.0","3.8","34.8","2-2","美浦武井","506(+14)","https://race.netkeiba.com/race/result.html?race_id=202503020809&rf=race_list"
"591","2","2025年7月20日","福島","9R","南相馬特別","芝1200m (右B)","14:35","晴","良","2","5","5","セイウンデセオ","牝4","牝","4","56.0","今村","1:10.8","クビ","2.0","3.6","33.9","11-9","美浦小手川","488(-2)","https://race.netkeiba.com/race/result.html?race_id=202503020809&rf=race_list"
"592","3","2025年7月20日","福島","9R","南相馬特別","芝1200m (右B)","14:35","晴","良","3","6","6","ノーブルオリンポス","セ3","セ","3","55.0","武藤","1:11.3","2.1/2","4.0","6.2","35.5","1-1","美浦武藤","434(0)","https://race.netkeiba.com/race/result.html?race_id=202503020809&rf=race_list"
"593","4","2025年7月20日","福島","9R","南相馬特別","芝1200m (右B)","14:35","晴","良","4","7","8","マルモリディライト","牝5","牝","5","56.0","柴田大","1:11.3","ハナ","11.0","172.9","35.1","4-5","美浦畠山","480(-8)","https://race.netkeiba.com/race/result.html?race_id=202503020809&rf=race_list"
"594","5","2025年7月20日","福島","9R","南相馬特別","芝1200m (右B)","14:35","晴","良","5","7","9","ツィスカリーゼ","牡5","牡","5","58.0","的場","1:11.4","1/2","10.0","51.4","34.7","10-9","美浦的場","454(+2)","https://race.netkeiba.com/race/result.html?race_id=202503020809&rf=race_list"
"595","6","2025年7月20日","福島","9R","南相馬特別","芝1200m (右B)","14:35","晴","良","6","8","11","クリノゴッホ","セ5","セ","5","58.0","大野","1:11.4","ハナ","8.0","36.1","35.2","4-5","美浦岩戸","446(0)","https://race.netkeiba.com/race/result.html?race_id=202503020809&rf=race_list"
"596","7","2025年7月20日","福島","9R","南相馬特別","芝1200m (右B)","14:35","晴","良","7","8","10","ハッピーサプライズ","牡4","牡","4","58.0","菊沢","1:11.6","1.1/2","5.0","13.7","35.2","7-7","美浦佐藤吉","464(-6)","https://race.netkeiba.com/race/result.html?race_id=202503020809&rf=race_list"
"597","8","2025年7月20日","福島","9R","南相馬特別","芝1200m (右B)","14:35","晴","良","8","4","4","ラトルシェ","牝3","牝","3","53.0","菅原明","1:11.7","1/2","1.0","3.3","35.7","2-2","美浦菊川","468(0)","https://race.netkeiba.com/race/result.html?race_id=202503020809&rf=race_list"
"598","9","2025年7月20日","福島","9R","南相馬特別","芝1200m (右B)","14:35","晴","良","9","3","3","ブラヴィーノ","牡6","牡","6","58.0","横山琉","1:11.8","3/4","9.0","36.8","35.4","7-9","美浦天間","466(-2)","https://race.netkeiba.com/race/result.html?race_id=202503020809&rf=race_list"
"599","10","2025年7月20日","福島","9R","南相馬特別","芝1200m (右B)","14:35","晴","良","10","1","1","コムーネ","牝3","牝","3","53.0","石川","1:12.3","3","7.0","26.9","36.1","4-2","美浦奥平","420(+18)","https://race.netkeiba.com/race/result.html?race_id=202503020809&rf=race_list"
"600","11","2025年7月20日","福島","9R","南相馬特別","芝1200m (右B)","14:35","晴","良","11","2","2","ウイントールキン","牡4","牡","4","58.0","内田博","1:12.6","1.1/2","6.0","13.8","36.1","7-7","美浦天間","494(+6)","https://race.netkeiba.com/race/result.html?race_id=202503020809&rf=race_list"
"601","1","2025年7月20日","福島","10R","猪苗代特別","芝2000m (右B)","15:10","晴","良","1","7","7","ユキワリザクラ","牝4","牝","4","56.0","戸崎圭","2:03.7","","1.0","2.2","35.6","3-3-3-3","美浦田中剛","472(0)","https://race.netkeiba.com/race/result.html?race_id=202503020810&rf=race_list"
"602","2","2025年7月20日","福島","10R","猪苗代特別","芝2000m (右B)","15:10","晴","良","2","8","10","ミスティア","牝4","牝","4","56.0","武藤","2:03.8","1","4.0","6.5","35.2","8-8-7-5","美浦戸田","484(+8)","https://race.netkeiba.com/race/result.html?race_id=202503020810&rf=race_list"
"603","3","2025年7月20日","福島","10R","猪苗代特別","芝2000m (右B)","15:10","晴","良","3","8","9","プリズマジコ","牡4","牡","4","58.0","秋山稔","2:04.1","2","2.0","3.1","36.2","2-2-2-2","栗東高橋忠","452(+4)","https://race.netkeiba.com/race/result.html?race_id=202503020810&rf=race_list"
"604","4","2025年7月20日","福島","10R","猪苗代特別","芝2000m (右B)","15:10","晴","良","4","3","3","ヴァイルマティ","牝5","牝","5","56.0","石川","2:04.2","クビ","5.0","19.7","36.4","1-1-1-1","美浦鹿戸","508(0)","https://race.netkeiba.com/race/result.html?race_id=202503020810&rf=race_list"
"605","5","2025年7月20日","福島","10R","猪苗代特別","芝2000m (右B)","15:10","晴","良","5","7","8","マイネルトルファン","牡6","牡","6","58.0","柴田大","2:04.5","1.3/4","3.0","5.9","36.2","5-5-4-4","美浦粕谷","516(0)","https://race.netkeiba.com/race/result.html?race_id=202503020810&rf=race_list"
"606","6","2025年7月20日","福島","10R","猪苗代特別","芝2000m (右B)","15:10","晴","良","6","5","5","フロムナウオン","セ5","セ","5","58.0","津村","2:04.6","1","6.0","21.5","36.2","5-5-4-5","美浦手塚久","530(-22)","https://race.netkeiba.com/race/result.html?race_id=202503020810&rf=race_list"
"607","7","2025年7月20日","福島","10R","猪苗代特別","芝2000m (右B)","15:10","晴","良","7","4","4","フィデリオグリーン","牡9","牡","9","58.0","野中","2:05.2","3.1/2","9.0","122.1","36.5","9-9-8-7","美浦根本","492(-10)","https://race.netkeiba.com/race/result.html?race_id=202503020810&rf=race_list"
"608","8","2025年7月20日","福島","10R","猪苗代特別","芝2000m (右B)","15:10","晴","良","8","1","1","マーシャルポイント","セ4","セ","4","58.0","横山琉","2:06.7","9","8.0","37.4","38.0","5-5-8-9","美浦矢嶋","458(-20)","https://race.netkeiba.com/race/result.html?race_id=202503020810&rf=race_list"
"609","9","2025年7月20日","福島","10R","猪苗代特別","芝2000m (右B)","15:10","晴","良","9","6","6","デルバイス","牡6","牡","6","58.0","嶋田","2:07.4","4","10.0","204.7","37.8","10-10-10-10","美浦南田","454(+2)","https://race.netkeiba.com/race/result.html?race_id=202503020810&rf=race_list"
"610","10","2025年7月20日","福島","10R","猪苗代特別","芝2000m (右B)","15:10","晴","良","10","2","2","イサチルカゼニタツ","牡4","牡","4","58.0","内田博","2:10.9","大","7.0","35.7","42.5","3-3-4-7","美浦辻","490(-4)","https://race.netkeiba.com/race/result.html?race_id=202503020810&rf=race_list"
"611","1","2025年7月20日","福島","11R","福島テレビ賞","ダ1150m (右)","15:45","晴","良","1","7","10","シアージスト","牡6","牡","6","58.0","大野","1:07.3","","5.0","10.2","36.0","2-2","美浦堀","554(-4)","https://race.netkeiba.com/race/result.html?race_id=202503020811&rf=race_list"
"612","2","2025年7月20日","福島","11R","福島テレビ賞","ダ1150m (右)","15:45","晴","良","2","7","11","オーブルクール","牝4","牝","4","55.0","石橋脩","1:07.7","2.1/2","1.0","2.7","36.3","2-3","美浦矢野","474(+4)","https://race.netkeiba.com/race/result.html?race_id=202503020811&rf=race_list"
"613","3","2025年7月20日","福島","11R","福島テレビ賞","ダ1150m (右)","15:45","晴","良","3","8","12","コパノパサディナ","牡5","牡","5","57.0","木幡巧","1:07.8","1/2","12.0","103.2","35.7","8-8","美浦上原博","538(-2)","https://race.netkeiba.com/race/result.html?race_id=202503020811&rf=race_list"
"614","4","2025年7月20日","福島","11R","福島テレビ賞","ダ1150m (右)","15:45","晴","良","4","8","13","レディフォース","牝5","牝","5","55.0","長岡","1:07.9","クビ","7.0","13.2","36.3","4-5","栗東杉山佳","522(-2)","https://race.netkeiba.com/race/result.html?race_id=202503020811&rf=race_list"
"615","5","2025年7月20日","福島","11R","福島テレビ賞","ダ1150m (右)","15:45","晴","良","5","3","3","イスラアネーロ","牡6","牡","6","58.0","田辺","1:07.9","クビ","4.0","9.1","36.3","4-4","栗東吉村","452(0)","https://race.netkeiba.com/race/result.html?race_id=202503020811&rf=race_list"
"616","6","2025年7月20日","福島","11R","福島テレビ賞","ダ1150m (右)","15:45","晴","良","6","5","6","エコロガイア","牡4","牡","4","57.0","津村","1:08.0","1/2","6.0","11.6","36.0","6-5","栗東森秀","480(+4)","https://race.netkeiba.com/race/result.html?race_id=202503020811&rf=race_list"
"617","7","2025年7月20日","福島","11R","福島テレビ賞","ダ1150m (右)","15:45","晴","良","7","6","8","エスカル","牡4","牡","4","57.0","菅原明","1:08.2","3/4","2.0","5.2","35.6","10-10","栗東森秀","498(-2)","https://race.netkeiba.com/race/result.html?race_id=202503020811&rf=race_list"
"618","8","2025年7月20日","福島","11R","福島テレビ賞","ダ1150m (右)","15:45","晴","良","8","1","1","グッジョブ","牡5","牡","5","57.0","戸崎圭","1:08.2","ハナ","3.0","6.1","35.2","12-12","栗東牧浦","448(+2)","https://race.netkeiba.com/race/result.html?race_id=202503020811&rf=race_list"
"619","9","2025年7月20日","福島","11R","福島テレビ賞","ダ1150m (右)","15:45","晴","良","9","5","7","エランティス","牝5","牝","5","55.0","加藤","1:08.2","クビ","9.0","22.3","37.0","1-1","栗東杉山晴","492(+4)","https://race.netkeiba.com/race/result.html?race_id=202503020811&rf=race_list"
"620","10","2025年7月20日","福島","11R","福島テレビ賞","ダ1150m (右)","15:45","晴","良","10","4","4","タイセイブレイズ","牡7","牡","7","57.0","三浦","1:08.3","クビ","11.0","60.5","35.2","12-12","栗東牧浦","474(-4)","https://race.netkeiba.com/race/result.html?race_id=202503020811&rf=race_list"
"621","11","2025年7月20日","福島","11R","福島テレビ賞","ダ1150m (右)","15:45","晴","良","11","6","9","メズメライザー","セ6","セ","6","57.0","石川","1:08.4","3/4","10.0","27.4","36.5","6-5","栗東千田","522(-10)","https://race.netkeiba.com/race/result.html?race_id=202503020811&rf=race_list"
"622","12","2025年7月20日","福島","11R","福島テレビ賞","ダ1150m (右)","15:45","晴","良","12","2","2","ルクスメテオール","牡5","牡","5","57.0","内田博","1:08.9","2.1/2","8.0","20.5","36.5","9-9","栗東小林","488(0)","https://race.netkeiba.com/race/result.html?race_id=202503020811&rf=race_list"
"623","13","2025年7月20日","福島","11R","福島テレビ賞","ダ1150m (右)","15:45","晴","良","13","4","5","スパイダーゴールド","牡6","牡","6","57.0","江田照","1:09.1","1.1/4","13.0","146.9","36.5","10-10","美浦鹿戸","510(+6)","https://race.netkeiba.com/race/result.html?race_id=202503020811&rf=race_list"
"624","1","2025年7月20日","福島","12R","3歳以上1勝クラス","ダ1700m (右)","16:30","晴","良","1","6","10","ブルータス","牡3","牡","3","55.0","戸崎圭","1:45.4","","1.0","3.6","37.0","2-2-2-2","美浦高柳瑞","458(-8)","https://race.netkeiba.com/race/result.html?race_id=202503020812&rf=race_list"
"625","2","2025年7月20日","福島","12R","3歳以上1勝クラス","ダ1700m (右)","16:30","晴","良","2","7","12","ラヴアンドライク","牝3","牝","3","53.0","原","1:45.7","1.3/4","4.0","5.5","37.4","1-1-1-1","美浦稲垣","470(-10)","https://race.netkeiba.com/race/result.html?race_id=202503020812&rf=race_list"
"626","3","2025年7月20日","福島","12R","3歳以上1勝クラス","ダ1700m (右)","16:30","晴","良","3","5","9","マテンロウブレイブ","牡3","牡","3","55.0","太宰","1:45.8","アタマ","3.0","4.9","36.1","13-13-12-8","栗東高橋亮","484(+6)","https://race.netkeiba.com/race/result.html?race_id=202503020812&rf=race_list"
"627","4","2025年7月20日","福島","12R","3歳以上1勝クラス","ダ1700m (右)","16:30","晴","良","4","4","7","メリークリスマス","牡3","牡","3","55.0","菊沢","1:46.2","2","2.0","4.2","37.5","5-5-4-3","美浦小手川","486(+12)","https://race.netkeiba.com/race/result.html?race_id=202503020812&rf=race_list"
"628","5","2025年7月20日","福島","12R","3歳以上1勝クラス","ダ1700m (右)","16:30","晴","良","5","2","3","シュレン","牝3","牝","3","53.0","三浦","1:46.5","2","5.0","9.7","37.6","7-7-6-4","美浦千葉","380(-6)","https://race.netkeiba.com/race/result.html?race_id=202503020812&rf=race_list"
"629","6","2025年7月20日","福島","12R","3歳以上1勝クラス","ダ1700m (右)","16:30","晴","良","6","3","5","マリンバンカー","牡4","牡","4","58.0","岩部","1:46.8","1.3/4","7.0","21.9","38.1","4-3-4-4","美浦南田","494(-14)","https://race.netkeiba.com/race/result.html?race_id=202503020812&rf=race_list"
"630","7","2025年7月20日","福島","12R","3歳以上1勝クラス","ダ1700m (右)","16:30","晴","良","7","7","13","ラッキーヤース","牡4","牡","4","58.0","津村","1:47.1","1.3/4","9.0","38.9","38.0","9-8-8-8","美浦鈴木伸","466(+2)","https://race.netkeiba.com/race/result.html?race_id=202503020812&rf=race_list"
"631","8","2025年7月20日","福島","12R","3歳以上1勝クラス","ダ1700m (右)","16:30","晴","良","8","8","15","ウッドショック","牡6","牡","6","58.0","田辺","1:47.3","3/4","8.0","30.1","38.2","7-8-8-10","美浦杉浦","504(-18)","https://race.netkeiba.com/race/result.html?race_id=202503020812&rf=race_list"
"632","9","2025年7月20日","福島","12R","3歳以上1勝クラス","ダ1700m (右)","16:30","晴","良","9","4","6","ブレットフライ","牡6","牡","6","58.0","木幡巧","1:47.4","3/4","10.0","46.3","38.2","9-10-10-10","美浦萱野","516(-2)","https://race.netkeiba.com/race/result.html?race_id=202503020812&rf=race_list"
"633","10","2025年7月20日","福島","12R","3歳以上1勝クラス","ダ1700m (右)","16:30","晴","良","10","2","2","チュラビックタイム","牡3","牡","3","55.0","横山琉","1:47.5","3/4","11.0","49.8","38.2","11-11-10-10","美浦斎藤誠","486(-2)","https://race.netkeiba.com/race/result.html?race_id=202503020812&rf=race_list"
"634","11","2025年7月20日","福島","12R","3歳以上1勝クラス","ダ1700m (右)","16:30","晴","良","11","3","4","キレナイカ","牡5","牡","5","58.0","丸山","1:48.1","3.1/2","12.0","124.5","38.4","14-14-12-13","栗東須貝","526(+10)","https://race.netkeiba.com/race/result.html?race_id=202503020812&rf=race_list"
"635","12","2025年7月20日","福島","12R","3歳以上1勝クラス","ダ1700m (右)","16:30","晴","良","12","5","8","サイモンプレジール","牡4","牡","4","58.0","秋山稔","1:48.4","2","15.0","300.0","39.6","5-5-6-7","美浦加藤和","490(0)","https://race.netkeiba.com/race/result.html?race_id=202503020812&rf=race_list"
"636","13","2025年7月20日","福島","12R","3歳以上1勝クラス","ダ1700m (右)","16:30","晴","良","13","8","14","ブリックンクリック","セ3","セ","3","55.0","菅原明","1:49.1","4","6.0","11.9","40.5","2-3-3-4","美浦中舘","458(-2)","https://race.netkeiba.com/race/result.html?race_id=202503020812&rf=race_list"
"637","14","2025年7月20日","福島","12R","3歳以上1勝クラス","ダ1700m (右)","16:30","晴","良","14","1","1","ゴンドワナ","セ5","セ","5","58.0","内田博","1:49.4","1.3/4","14.0","167.4","38.7","15-15-15-14","美浦小島","474(-4)","https://race.netkeiba.com/race/result.html?race_id=202503020812&rf=race_list"
"638","15","2025年7月20日","福島","12R","3歳以上1勝クラス","ダ1700m (右)","16:30","晴","良","15","6","11","マッハレイジング","牡3","牡","3","53.0","◇今村","1:50.9","9","13.0","134.4","40.9","11-11-14-14","栗東小崎","470(0)","https://race.netkeiba.com/race/result.html?race_id=202503020812&rf=race_list"
"639","1","2025年7月20日","小倉","1R","2歳未勝利","ダ1000m (右)","10:01","晴","稍","1","8","11","ローズカリス","牝2","牝","2","55.0","田口","0:58.4","","3.0","7.0","35.6","1-1","栗東大橋","434(0)","https://race.netkeiba.com/race/result.html?race_id=202510020801&rf=race_list"
"640","2","2025年7月20日","小倉","1R","2歳未勝利","ダ1000m (右)","10:01","晴","稍","2","8","10","ゴーゴーシャチョウ","牝2","牝","2","55.0","団野","0:59.6","7","2.0","2.6","36.7","2-2","栗東森秀","462(0)","https://race.netkeiba.com/race/result.html?race_id=202510020801&rf=race_list"
"641","3","2025年7月20日","小倉","1R","2歳未勝利","ダ1000m (右)","10:01","晴","稍","3","5","5","コパノロケット","牡2","牡","2","55.0","小崎","1:00.4","5","4.0","13.6","37.2","4-4","栗東福永","448(-2)","https://race.netkeiba.com/race/result.html?race_id=202510020801&rf=race_list"
"642","4","2025年7月20日","小倉","1R","2歳未勝利","ダ1000m (右)","10:01","晴","稍","4","1","1","シーキングザバース","牝2","牝","2","55.0","幸","1:00.5","クビ","9.0","49.2","37.4","3-2","美浦村田","434(0)","https://race.netkeiba.com/race/result.html?race_id=202510020801&rf=race_list"
"643","5","2025年7月20日","小倉","1R","2歳未勝利","ダ1000m (右)","10:01","晴","稍","5","7","8","オトコノロマン","牡2","牡","2","55.0","坂井","1:01.0","3","1.0","2.2","37.8","4-5","栗東新谷","484(-12)","https://race.netkeiba.com/race/result.html?race_id=202510020801&rf=race_list"
"644","6","2025年7月20日","小倉","1R","2歳未勝利","ダ1000m (右)","10:01","晴","稍","6","6","6","カシノハンゾウ","牡2","牡","2","54.0","☆吉村","1:01.0","クビ","5.0","18.6","37.7","7-7","美浦蛯名利","448(-6)","https://race.netkeiba.com/race/result.html?race_id=202510020801&rf=race_list"
"645","7","2025年7月20日","小倉","1R","2歳未勝利","ダ1000m (右)","10:01","晴","稍","7","2","2","ダイシンヨーク","牝2","牝","2","54.0","☆高杉","1:01.3","2","6.0","20.9","37.3","10-10","栗東吉田","478(0)","https://race.netkeiba.com/race/result.html?race_id=202510020801&rf=race_list"
"646","8","2025年7月20日","小倉","1R","2歳未勝利","ダ1000m (右)","10:01","晴","稍","8","3","3","カシノフレックス","牡2","牡","2","55.0","松若","1:01.4","クビ","8.0","23.4","38.0","7-8","栗東牧田","444(-2)","https://race.netkeiba.com/race/result.html?race_id=202510020801&rf=race_list"
"647","9","2025年7月20日","小倉","1R","2歳未勝利","ダ1000m (右)","10:01","晴","稍","9","7","9","ウインロズパレード","牝2","牝","2","55.0","和田竜","1:01.4","クビ","10.0","128.4","38.2","4-5","栗東吉田","446(+2)","https://race.netkeiba.com/race/result.html?race_id=202510020801&rf=race_list"
"648","10","2025年7月20日","小倉","1R","2歳未勝利","ダ1000m (右)","10:01","晴","稍","10","6","7","スマートバニー","牝2","牝","2","55.0","小沢","1:02.1","4","7.0","22.5","38.5","9-9","栗東寺島","480(0)","https://race.netkeiba.com/race/result.html?race_id=202510020801&rf=race_list"
"649","11","2025年7月20日","小倉","1R","2歳未勝利","ダ1000m (右)","10:01","晴","稍","11","4","4","ナンゴクモンジュー","牝2","牝","2","55.0","藤懸","1:03.9","大","11.0","383.6","38.5","11-11","栗東小崎","396(+2)","https://race.netkeiba.com/race/result.html?race_id=202510020801&rf=race_list"
"650","1","2025年7月20日","小倉","2R","3歳未勝利","芝1200m (右A)","10:35","晴","良","1","1","1","ワインクーラー","牝3","牝","3","55.0","坂井","1:09.0","","2.0","4.4","34.9","15-13","栗東石橋","454(+2)","https://race.netkeiba.com/race/result.html?race_id=202510020802&rf=race_list"
"651","2","2025年7月20日","小倉","2R","3歳未勝利","芝1200m (右A)","10:35","晴","良","2","2","4","セガンティーニ","牝3","牝","3","54.0","☆吉村","1:09.2","1","3.0","5.6","35.7","6-5","栗東坂口","468(+4)","https://race.netkeiba.com/race/result.html?race_id=202510020802&rf=race_list"
"652","3","2025年7月20日","小倉","2R","3歳未勝利","芝1200m (右A)","10:35","晴","良","3","7","14","マローソ","牝3","牝","3","55.0","小崎","1:09.4","1","4.0","12.1","36.3","2-2","栗東牧田","500(+2)","https://race.netkeiba.com/race/result.html?race_id=202510020802&rf=race_list"
"653","4","2025年7月20日","小倉","2R","3歳未勝利","芝1200m (右A)","10:35","晴","良","4","7","13","エリカサンタモニカ","牝3","牝","3","55.0","幸","1:09.4","クビ","15.0","64.8","35.4","14-13","栗東茶木","450(-2)","https://race.netkeiba.com/race/result.html?race_id=202510020802&rf=race_list"
"654","5","2025年7月20日","小倉","2R","3歳未勝利","芝1200m (右A)","10:35","晴","良","5","3","6","パリコレジェンヌ","牝3","牝","3","55.0","田口","1:09.4","アタマ","11.0","37.9","36.0","4-3","栗東鈴木孝","452(-6)","https://race.netkeiba.com/race/result.html?race_id=202510020802&rf=race_list"
"655","6","2025年7月20日","小倉","2R","3歳未勝利","芝1200m (右A)","10:35","晴","良","6","8","16","ベルヴィヴァン","牝3","牝","3","55.0","岩田康","1:09.5","1/2","10.0","30.9","36.1","4-3","栗東西村","468(-2)","https://race.netkeiba.com/race/result.html?race_id=202510020802&rf=race_list"
"656","7","2025年7月20日","小倉","2R","3歳未勝利","芝1200m (右A)","10:35","晴","良","7","2","3","ハツコイサイダー","牝3","牝","3","52.0","▲田山","1:09.5","アタマ","5.0","14.1","36.0","6-7","栗東吉岡","474(-4)","https://race.netkeiba.com/race/result.html?race_id=202510020802&rf=race_list"
"657","8","2025年7月20日","小倉","2R","3歳未勝利","芝1200m (右A)","10:35","晴","良","8","5","10","コンタンゴ","牡3","牡","3","57.0","松山","1:09.6","1/2","1.0","3.1","35.8","11-7","栗東藤原","440(+4)","https://race.netkeiba.com/race/result.html?race_id=202510020802&rf=race_list"
"658","9","2025年7月20日","小倉","2R","3歳未勝利","芝1200m (右A)","10:35","晴","良","9","8","17","トウカイリュタン","牝3","牝","3","55.0","亀田","1:09.7","クビ","7.0","18.2","35.8","12-11","栗東北出","392(0)","https://race.netkeiba.com/race/result.html?race_id=202510020802&rf=race_list"
"659","10","2025年7月20日","小倉","2R","3歳未勝利","芝1200m (右A)","10:35","晴","良","10","5","9","コスモエンエン","牡3","牡","3","57.0","国分優","1:10.0","1.3/4","16.0","100.0","36.1","12-11","栗東西園正","484(0)","https://race.netkeiba.com/race/result.html?race_id=202510020802&rf=race_list"
"660","11","2025年7月20日","小倉","2R","3歳未勝利","芝1200m (右A)","10:35","晴","良","11","6","12","メイショウマサツラ","牡3","牡","3","57.0","和田竜","1:10.3","1.3/4","6.0","14.1","37.4","1-1","栗東本田","494(-6)","https://race.netkeiba.com/race/result.html?race_id=202510020802&rf=race_list"
"661","12","2025年7月20日","小倉","2R","3歳未勝利","芝1200m (右A)","10:35","晴","良","12","6","11","マサウッドテール","牡3","牡","3","56.0","☆高杉","1:10.7","2.1/2","8.0","18.5","37.0","9-10","栗東河嶋","466(-2)","https://race.netkeiba.com/race/result.html?race_id=202510020802&rf=race_list"
"662","13","2025年7月20日","小倉","2R","3歳未勝利","芝1200m (右A)","10:35","晴","良","13","1","2","ミッキーサークル","牝3","牝","3","51.0","★河原田","1:10.8","3/4","14.0","56.6","37.2","9-13","栗東東田","440(-2)","https://race.netkeiba.com/race/result.html?race_id=202510020802&rf=race_list"
"663","14","2025年7月20日","小倉","2R","3歳未勝利","芝1200m (右A)","10:35","晴","良","14","4","7","カナメイシ","牝3","牝","3","55.0","松若","1:10.8","ハナ","18.0","376.9","35.9","18-18","栗東北出","454(-6)","https://race.netkeiba.com/race/result.html?race_id=202510020802&rf=race_list"
"664","15","2025年7月20日","小倉","2R","3歳未勝利","芝1200m (右A)","10:35","晴","良","15","3","5","バレアレス","牡3","牡","3","57.0","小沢","1:10.8","クビ","12.0","39.9","36.2","17-16","栗東橋口","514(0)","https://race.netkeiba.com/race/result.html?race_id=202510020802&rf=race_list"
"665","16","2025年7月20日","小倉","2R","3歳未勝利","芝1200m (右A)","10:35","晴","良","16","7","15","ジューンアレグロ","牡3","牡","3","55.0","◇永島","1:11.1","1.1/2","13.0","52.6","36.6","16-16","栗東松下","426(-4)","https://race.netkeiba.com/race/result.html?race_id=202510020802&rf=race_list"
"666","17","2025年7月20日","小倉","2R","3歳未勝利","芝1200m (右A)","10:35","晴","良","17","4","8","クアトロイヴェール","牡3","牡","3","57.0","藤懸","1:11.3","1.1/4","17.0","135.6","38.0","3-7","栗東庄野","450(-3)","https://race.netkeiba.com/race/result.html?race_id=202510020802&rf=race_list"
"667","18","2025年7月20日","小倉","2R","3歳未勝利","芝1200m (右A)","10:35","晴","良","18","8","18","ラッキーカムカム","牝3","牝","3","55.0","団野","1:11.5","1","9.0","25.2","38.0","6-5","栗東中村","454(-6)","https://race.netkeiba.com/race/result.html?race_id=202510020802&rf=race_list"
"668","1","2025年7月20日","小倉","3R","3歳未勝利","ダ1700m (右)","11:05","晴","稍","1","5","10","エイシンマールス","牡3","牡","3","57.0","和田竜","1:46.1","","1.0","3.0","38.8","2-2-2-2","栗東今野","472(+4)","https://race.netkeiba.com/race/result.html?race_id=202510020803&rf=race_list"
"669","2","2025年7月20日","小倉","3R","3歳未勝利","ダ1700m (右)","11:05","晴","稍","2","8","15","シェーネアウゲン","牝3","牝","3","55.0","幸","1:46.7","3.1/2","5.0","8.2","39.2","3-3-3-3","栗東清水久","492(0)","https://race.netkeiba.com/race/result.html?race_id=202510020803&rf=race_list"
"670","3","2025年7月20日","小倉","3R","3歳未勝利","ダ1700m (右)","11:05","晴","稍","3","4","8","ライラックデューン","牝3","牝","3","55.0","鮫島良","1:47.4","4","10.0","41.6","39.6","9-7-5-5","栗東緒方","466(+8)","https://race.netkeiba.com/race/result.html?race_id=202510020803&rf=race_list"
"671","4","2025年7月20日","小倉","3R","3歳未勝利","ダ1700m (右)","11:05","晴","稍","4","4","7","アイブリンク","牝3","牝","3","55.0","松若","1:47.6","1.1/2","9.0","28.7","39.4","11-11-10-11","栗東大久保","464(-2)","https://race.netkeiba.com/race/result.html?race_id=202510020803&rf=race_list"
"672","5","2025年7月20日","小倉","3R","3歳未勝利","ダ1700m (右)","11:05","晴","稍","5","2","4","ビーム","牡3","牡","3","57.0","岩田康","1:47.7","クビ","2.0","5.0","40.2","4-3-3-4","栗東上村","488(+2)","https://race.netkeiba.com/race/result.html?race_id=202510020803&rf=race_list"
"673","6","2025年7月20日","小倉","3R","3歳未勝利","ダ1700m (右)","11:05","晴","稍","6","3","5","ミダスリスト","牝3","牝","3","55.0","松山","1:48.0","1.1/2","3.0","6.9","39.8","12-12-10-6","栗東新谷","506(-10)","https://race.netkeiba.com/race/result.html?race_id=202510020803&rf=race_list"
"674","7","2025年7月20日","小倉","3R","3歳未勝利","ダ1700m (右)","11:05","晴","稍","7","1","2","メイショウボナンザ","牝3","牝","3","55.0","亀田","1:48.0","クビ","13.0","93.1","40.8","1-1-1-1","栗東石橋","480(-6)","https://race.netkeiba.com/race/result.html?race_id=202510020803&rf=race_list"
"675","8","2025年7月20日","小倉","3R","3歳未勝利","ダ1700m (右)","11:05","晴","稍","8","8","16","ワンダーキュイラス","牡3","牡","3","56.0","☆西塚","1:48.1","1/2","16.0","416.7","40.1","8-9-8-8","栗東笹田","428(+2)","https://race.netkeiba.com/race/result.html?race_id=202510020803&rf=race_list"
"676","9","2025年7月20日","小倉","3R","3歳未勝利","ダ1700m (右)","11:05","晴","稍","9","6","11","ベルピルエット","牝3","牝","3","55.0","角田和","1:48.5","2.1/2","6.0","9.9","40.6","6-7-8-8","栗東四位","474(-8)","https://race.netkeiba.com/race/result.html?race_id=202510020803&rf=race_list"
"677","10","2025年7月20日","小倉","3R","3歳未勝利","ダ1700m (右)","11:05","晴","稍","10","6","12","ディザーヴユー","牝3","牝","3","55.0","小沢","1:48.6","1","14.0","106.2","40.4","9-9-10-11","栗東吉村","470(0)","https://race.netkeiba.com/race/result.html?race_id=202510020803&rf=race_list"
"678","11","2025年7月20日","小倉","3R","3歳未勝利","ダ1700m (右)","11:05","晴","稍","11","2","3","ダズラー","牡3","牡","3","57.0","小崎","1:48.8","3/4","12.0","59.0","38.9","15-15-16-16","栗東渡辺","532(-10)","https://race.netkeiba.com/race/result.html?race_id=202510020803&rf=race_list"
"679","12","2025年7月20日","小倉","3R","3歳未勝利","ダ1700m (右)","11:05","晴","稍","12","1","1","ガンナール","牡3","牡","3","53.0","★河原田","1:49.3","3","15.0","278.6","39.6","16-16-15-14","栗東宮本","480(+4)","https://race.netkeiba.com/race/result.html?race_id=202510020803&rf=race_list"
"680","13","2025年7月20日","小倉","3R","3歳未勝利","ダ1700m (右)","11:05","晴","稍","13","3","6","ウィラコチャ","牡3","牡","3","57.0","中井","1:49.3","クビ","11.0","51.4","39.7","14-14-14-14","栗東中内田","520(0)","https://race.netkeiba.com/race/result.html?race_id=202510020803&rf=race_list"
"681","14","2025年7月20日","小倉","3R","3歳未勝利","ダ1700m (右)","11:05","晴","稍","14","5","9","タールベルク","牡3","牡","3","56.0","☆吉村","1:49.5","3/4","4.0","7.9","41.8","6-5-5-6","栗東杉山晴","504(-4)","https://race.netkeiba.com/race/result.html?race_id=202510020803&rf=race_list"
"682","15","2025年7月20日","小倉","3R","3歳未勝利","ダ1700m (右)","11:05","晴","稍","15","7","13","ジャスタパーティー","セ3","セ","3","56.0","☆高杉","1:50.3","5","8.0","26.9","42.0","12-13-13-13","栗東杉山晴","460(-6)","https://race.netkeiba.com/race/result.html?race_id=202510020803&rf=race_list"
"683","16","2025年7月20日","小倉","3R","3歳未勝利","ダ1700m (右)","11:05","晴","稍","16","7","14","ジューンセレッソ","牝3","牝","3","55.0","高倉","1:51.1","5","7.0","12.7","43.4","4-5-5-8","栗東武英","402(-4)","https://race.netkeiba.com/race/result.html?race_id=202510020803&rf=race_list"
"684","1","2025年7月20日","小倉","4R","3歳未勝利","芝2000m (右A)","11:35","晴","良","1","2","3","サミダレナイツ","牡3","牡","3","57.0","岩田康","2:03.2","","2.0","6.6","35.9","12-11-9-5","栗東谷","482(+2)","https://race.netkeiba.com/race/result.html?race_id=202510020804&rf=race_list"
"685","2","2025年7月20日","小倉","4R","3歳未勝利","芝2000m (右A)","11:35","晴","良","2","6","11","クラヴァンス","牡3","牡","3","57.0","北村友","2:03.3","3/4","7.0","12.8","36.9","1-1-1-1","栗東友道","474(0)","https://race.netkeiba.com/race/result.html?race_id=202510020804&rf=race_list"
"686","3","2025年7月20日","小倉","4R","3歳未勝利","芝2000m (右A)","11:35","晴","良","3","3","6","マイネルビスマルク","牡3","牡","3","57.0","松若","2:03.3","アタマ","9.0","17.0","35.7","14-15-13-9","栗東梅田","488(+20)","https://race.netkeiba.com/race/result.html?race_id=202510020804&rf=race_list"
"687","4","2025年7月20日","小倉","4R","3歳未勝利","芝2000m (右A)","11:35","晴","良","4","8","18","リーティアコナル","牡3","牡","3","57.0","小崎","2:03.5","1.1/4","6.0","11.3","36.4","7-7-6-7","栗東友道","486(0)","https://race.netkeiba.com/race/result.html?race_id=202510020804&rf=race_list"
"688","5","2025年7月20日","小倉","4R","3歳未勝利","芝2000m (右A)","11:35","晴","良","5","8","17","グローサートラウム","牡3","牡","3","57.0","古川吉","2:03.7","1","13.0","150.6","35.7","18-17-16-14","栗東武幸","482(+6)","https://race.netkeiba.com/race/result.html?race_id=202510020804&rf=race_list"
"689","6","2025年7月20日","小倉","4R","3歳未勝利","芝2000m (右A)","11:35","晴","良","6","4","8","レイデラティエラ","牡3","牡","3","57.0","国分優","2:03.8","クビ","8.0","14.5","37.0","5-5-4-5","栗東小崎","460(-6)","https://race.netkeiba.com/race/result.html?race_id=202510020804&rf=race_list"
"690","7","2025年7月20日","小倉","4R","3歳未勝利","芝2000m (右A)","11:35","晴","良","7","7","15","キャスパインパクト","牡3","牡","3","56.0","☆吉村","2:03.8","アタマ","10.0","30.0","37.1","3-3-3-3","栗東清水久","440(-8)","https://race.netkeiba.com/race/result.html?race_id=202510020804&rf=race_list"
"691","8","2025年7月20日","小倉","4R","3歳未勝利","芝2000m (右A)","11:35","晴","良","8","5","9","ヴォイスオブゼウス","牡3","牡","3","57.0","坂井","2:03.8","クビ","1.0","2.6","36.5","12-13-9-9","栗東矢作","456(+8)","https://race.netkeiba.com/race/result.html?race_id=202510020804&rf=race_list"
"692","9","2025年7月20日","小倉","4R","3歳未勝利","芝2000m (右A)","11:35","晴","良","9","7","13","キーチファイター","牡3","牡","3","57.0","団野","2:03.9","クビ","4.0","10.1","37.3","2-2-2-2","栗東斉藤崇","480(+8)","https://race.netkeiba.com/race/result.html?race_id=202510020804&rf=race_list"
"693","10","2025年7月20日","小倉","4R","3歳未勝利","芝2000m (右A)","11:35","晴","良","10","3","5","メイショウヨリキリ","牡3","牡","3","57.0","田口","2:03.9","クビ","11.0","51.4","36.6","7-7-9-12","栗東池添","464(0)","https://race.netkeiba.com/race/result.html?race_id=202510020804&rf=race_list"
"694","11","2025年7月20日","小倉","4R","3歳未勝利","芝2000m (右A)","11:35","晴","良","11","1","2","ウィズプライド","牡3","牡","3","57.0","加藤聡","2:04.0","1/2","17.0","399.6","36.2","14-14-14-14","栗東浜田","452(-4)","https://race.netkeiba.com/race/result.html?race_id=202510020804&rf=race_list"
"695","12","2025年7月20日","小倉","4R","3歳未勝利","芝2000m (右A)","11:35","晴","良","12","1","1","ポテチ","牡3","牡","3","57.0","和田竜","2:04.2","1.1/4","3.0","6.8","37.4","4-4-4-4","栗東鈴木孝","400(-4)","https://race.netkeiba.com/race/result.html?race_id=202510020804&rf=race_list"
"696","13","2025年7月20日","小倉","4R","3歳未勝利","芝2000m (右A)","11:35","晴","良","13","5","10","アバットゥータ","牡3","牡","3","57.0","角田和","2:04.7","3","15.0","176.6","36.5","16-18-17-17","栗東中竹","472(+6)","https://race.netkeiba.com/race/result.html?race_id=202510020804&rf=race_list"
"697","14","2025年7月20日","小倉","4R","3歳未勝利","芝2000m (右A)","11:35","晴","良","14","4","7","スエズマックス","牡3","牡","3","57.0","藤懸","2:04.9","1.1/4","16.0","291.2","37.1","16-16-14-16","栗東田中克","486(0)","https://race.netkeiba.com/race/result.html?race_id=202510020804&rf=race_list"
"698","15","2025年7月20日","小倉","4R","3歳未勝利","芝2000m (右A)","11:35","晴","良","15","2","4","ダンスデュヴァン","牡3","牡","3","54.0","▲田山","2:05.1","1.1/4","14.0","154.9","38.0","6-5-6-7","栗東武英","468(-8)","https://race.netkeiba.com/race/result.html?race_id=202510020804&rf=race_list"
"699","16","2025年7月20日","小倉","4R","3歳未勝利","芝2000m (右A)","11:35","晴","良","16","8","16","クリノアラジン","牡3","牡","3","57.0","川須","2:05.1","クビ","18.0","425.6","37.7","9-9-12-12","栗東谷","436(-2)","https://race.netkeiba.com/race/result.html?race_id=202510020804&rf=race_list"
"700","17","2025年7月20日","小倉","4R","3歳未勝利","芝2000m (右A)","11:35","晴","良","17","7","14","キャニオンデシェイ","牡3","牡","3","57.0","松山","2:05.3","3/4","5.0","10.7","38.3","9-9-6-9","栗東友道","486(-8)","https://race.netkeiba.com/race/result.html?race_id=202510020804&rf=race_list"
"701","18","2025年7月20日","小倉","4R","3歳未勝利","芝2000m (右A)","11:35","晴","良","18","6","12","ソルトチャンス","牝3","牝","3","52.0","▲川端","2:11.8","大","12.0","114.9","43.7","9-11-17-18","栗東四位","480(-4)","https://race.netkeiba.com/race/result.html?race_id=202510020804&rf=race_list"
"702","1","2025年7月20日","小倉","5R","2歳新馬","芝1800m (右A)","12:25","晴","良","1","6","8","ベレシート","牡2","牡","2","55.0","北村友","1:52.5","","2.0","4.7","34.5","12-12-11-7","栗東斉藤崇","480(0)","https://race.netkeiba.com/race/result.html?race_id=202510020805&rf=race_list"
"703","2","2025年7月20日","小倉","5R","2歳新馬","芝1800m (右A)","12:25","晴","良","2","4","5","ロードフィレール","牡2","牡","2","54.0","☆吉村","1:52.6","1/2","4.0","13.5","35.2","5-4-4-4","栗東吉岡","516(0)","https://race.netkeiba.com/race/result.html?race_id=202510020805&rf=race_list"
"704","3","2025年7月20日","小倉","5R","2歳新馬","芝1800m (右A)","12:25","晴","良","3","8","12","ルートサーティーン","牡2","牡","2","55.0","岩田康","1:52.7","1/2","6.0","32.3","35.7","1-1-1-1","栗東辻野","472(0)","https://race.netkeiba.com/race/result.html?race_id=202510020805&rf=race_list"
"705","4","2025年7月20日","小倉","5R","2歳新馬","芝1800m (右A)","12:25","晴","良","4","7","10","リアライズブラーヴ","牡2","牡","2","55.0","川田","1:52.9","1","3.0","7.6","35.8","2-2-2-2","栗東杉山晴","452(0)","https://race.netkeiba.com/race/result.html?race_id=202510020805&rf=race_list"
"706","5","2025年7月20日","小倉","5R","2歳新馬","芝1800m (右A)","12:25","晴","良","5","5","7","リアライズルミナス","牝2","牝","2","55.0","松山","1:53.1","1.1/4","1.0","1.5","35.8","2-2-4-4","栗東橋口","490(0)","https://race.netkeiba.com/race/result.html?race_id=202510020805&rf=race_list"
"707","6","2025年7月20日","小倉","5R","2歳新馬","芝1800m (右A)","12:25","晴","良","6","5","6","ナリタエスペランサ","牡2","牡","2","55.0","和田竜","1:53.8","4","8.0","40.0","36.2","6-6-8-6","栗東福永","490(0)","https://race.netkeiba.com/race/result.html?race_id=202510020805&rf=race_list"
"708","7","2025年7月20日","小倉","5R","2歳新馬","芝1800m (右A)","12:25","晴","良","7","4","4","マルーンドライブ","牡2","牡","2","55.0","田口","1:53.9","1/2","11.0","156.1","36.2","10-9-9-10","栗東庄野","456(0)","https://race.netkeiba.com/race/result.html?race_id=202510020805&rf=race_list"
"709","8","2025年7月20日","小倉","5R","2歳新馬","芝1800m (右A)","12:25","晴","良","8","7","11","ゴーゴーパワー","牡2","牡","2","55.0","川須","1:54.6","4","12.0","257.8","37.5","9-9-2-3","栗東井上","466(0)","https://race.netkeiba.com/race/result.html?race_id=202510020805&rf=race_list"
"710","9","2025年7月20日","小倉","5R","2歳新馬","芝1800m (右A)","12:25","晴","良","9","8","13","ハクアイタワー","牡2","牡","2","54.0","☆高杉","1:55.1","3","9.0","110.4","37.7","4-4-4-7","栗東今野","504(0)","https://race.netkeiba.com/race/result.html?race_id=202510020805&rf=race_list"
"711","10","2025年7月20日","小倉","5R","2歳新馬","芝1800m (右A)","12:25","晴","良","10","2","2","バンブトンコール","牡2","牡","2","55.0","亀田","1:55.4","1.3/4","13.0","294.9","37.5","10-9-11-11","栗東佐藤悠","522(0)","https://race.netkeiba.com/race/result.html?race_id=202510020805&rf=race_list"
"712","11","2025年7月20日","小倉","5R","2歳新馬","芝1800m (右A)","12:25","晴","良","11","6","9","パトローナス","牡2","牡","2","55.0","坂井","1:55.6","1.1/2","5.0","15.3","38.2","6-6-4-7","栗東高橋亮","488(0)","https://race.netkeiba.com/race/result.html?race_id=202510020805&rf=race_list"
"713","12","2025年7月20日","小倉","5R","2歳新馬","芝1800m (右A)","12:25","晴","良","12","1","1","オオツカ","牡2","牡","2","53.0","◇永島","1:55.7","1/2","7.0","33.8","37.4","12-13-13-13","栗東大久保","444(0)","https://race.netkeiba.com/race/result.html?race_id=202510020805&rf=race_list"
"714","13","2025年7月20日","小倉","5R","2歳新馬","芝1800m (右A)","12:25","晴","良","13","3","3","フルフィルメント","牝2","牝","2","55.0","幸","1:56.4","4","10.0","129.8","38.6","6-6-9-11","栗東宮地","504(0)","https://race.netkeiba.com/race/result.html?race_id=202510020805&rf=race_list"
"715","1","2025年7月20日","小倉","6R","3歳以上1勝クラス","ダ1000m (右)","12:55","晴","良","1","2","2","ペイシャヴァルツー","牝3","牝","3","53.0","団野","0:57.4","","2.0","4.2","35.0","1-1","栗東吉田","446(+4)","https://race.netkeiba.com/race/result.html?race_id=202510020806&rf=race_list"
"716","2","2025年7月20日","小倉","6R","3歳以上1勝クラス","ダ1000m (右)","12:55","晴","良","2","8","9","ナムラモモ","牝3","牝","3","53.0","小沢","0:58.0","3.1/2","1.0","3.4","35.5","2-2","栗東羽月","434(+6)","https://race.netkeiba.com/race/result.html?race_id=202510020806&rf=race_list"
"717","3","2025年7月20日","小倉","6R","3歳以上1勝クラス","ダ1000m (右)","12:55","晴","良","3","5","5","クリノミニスター","牡6","牡","6","58.0","幸","0:58.1","3/4","6.0","10.3","35.0","8-5","栗東荒川","464(+2)","https://race.netkeiba.com/race/result.html?race_id=202510020806&rf=race_list"
"718","4","2025年7月20日","小倉","6R","3歳以上1勝クラス","ダ1000m (右)","12:55","晴","良","4","3","3","ライツユーアップ","牝3","牝","3","51.0","◇永島","0:58.5","2.1/2","3.0","4.4","35.7","4-3","栗東角田","442(+14)","https://race.netkeiba.com/race/result.html?race_id=202510020806&rf=race_list"
"719","5","2025年7月20日","小倉","6R","3歳以上1勝クラス","ダ1000m (右)","12:55","晴","良","5","7","7","エブライト","牝4","牝","4","55.0","☆吉村","0:58.7","3/4","5.0","7.6","35.8","6-7","栗東橋口","484(+10)","https://race.netkeiba.com/race/result.html?race_id=202510020806&rf=race_list"
"720","6","2025年7月20日","小倉","6R","3歳以上1勝クラス","ダ1000m (右)","12:55","晴","良","6","4","4","サムデイ","牝4","牝","4","53.0","▲田山","0:58.9","1.1/2","4.0","5.7","36.1","4-5","栗東新谷","454(+34)","https://race.netkeiba.com/race/result.html?race_id=202510020806&rf=race_list"
"721","7","2025年7月20日","小倉","6R","3歳以上1勝クラス","ダ1000m (右)","12:55","晴","良","7","6","6","トモジャアルマンド","牡8","牡","8","58.0","国分優","0:58.9","クビ","8.0","36.5","35.9","6-8","栗東大根田","502(+2)","https://race.netkeiba.com/race/result.html?race_id=202510020806&rf=race_list"
"722","8","2025年7月20日","小倉","6R","3歳以上1勝クラス","ダ1000m (右)","12:55","晴","良","8","8","8","ルミナスサンライズ","牝4","牝","4","56.0","和田竜","0:59.1","3/4","7.0","17.5","36.4","3-3","栗東浜田","482(+4)","https://race.netkeiba.com/race/result.html?race_id=202510020806&rf=race_list"
"723","9","2025年7月20日","小倉","6R","3歳以上1勝クラス","ダ1000m (右)","12:55","晴","良","9","1","1","ウインラグラス","牝4","牝","4","56.0","田口","0:59.6","3.1/2","9.0","81.2","35.6","9-9","栗東吉田","432(+4)","https://race.netkeiba.com/race/result.html?race_id=202510020806&rf=race_list"
"724","1","2025年7月20日","小倉","7R","3歳以上1勝クラス","芝1800m (右A)","13:25","晴","良","1","6","6","キーウェーブ","牡4","牡","4","58.0","城戸","1:49.5","","8.0","41.3","35.4","4-4-4-2","栗東宮地","434(-2)","https://race.netkeiba.com/race/result.html?race_id=202510020807&rf=race_list"
"725","2","2025年7月20日","小倉","7R","3歳以上1勝クラス","芝1800m (右A)","13:25","晴","良","2","3","3","アウローラシエル","牡5","牡","5","58.0","国分恭","1:49.5","クビ","9.0","53.7","36.1","1-1-1-1","栗東森田","506(-10)","https://race.netkeiba.com/race/result.html?race_id=202510020807&rf=race_list"
"726","3","2025年7月20日","小倉","7R","3歳以上1勝クラス","芝1800m (右A)","13:25","晴","良","3","4","4","デルシエロ","牡4","牡","4","57.0","☆吉村","1:49.7","1.1/2","4.0","7.3","35.3","8-7-7-5","栗東清水久","414(-2)","https://race.netkeiba.com/race/result.html?race_id=202510020807&rf=race_list"
"727","4","2025年7月20日","小倉","7R","3歳以上1勝クラス","芝1800m (右A)","13:25","晴","良","4","7","7","ジャスティンガルフ","牡4","牡","4","58.0","和田竜","1:50.0","1.3/4","7.0","22.3","35.7","5-6-6-5","栗東茶木","506(-6)","https://race.netkeiba.com/race/result.html?race_id=202510020807&rf=race_list"
"728","5","2025年7月20日","小倉","7R","3歳以上1勝クラス","芝1800m (右A)","13:25","晴","良","5","2","2","ロストシークレット","牡4","牡","4","58.0","川田","1:50.4","2","1.0","2.0","36.4","3-3-3-4","栗東中内田","462(-2)","https://race.netkeiba.com/race/result.html?race_id=202510020807&rf=race_list"
"729","6","2025年7月20日","小倉","7R","3歳以上1勝クラス","芝1800m (右A)","13:25","晴","良","6","7","8","キーチパルフェ","牡4","牡","4","58.0","松山","1:50.5","クビ","3.0","7.0","35.3","10-10-10-8","栗東高柳大","472(-4)","https://race.netkeiba.com/race/result.html?race_id=202510020807&rf=race_list"
"730","7","2025年7月20日","小倉","7R","3歳以上1勝クラス","芝1800m (右A)","13:25","晴","良","7","5","5","エンマ","牡3","牡","3","55.0","高倉","1:50.5","クビ","5.0","8.8","36.3","7-5-4-5","栗東武英","462(-8)","https://race.netkeiba.com/race/result.html?race_id=202510020807&rf=race_list"
"731","8","2025年7月20日","小倉","7R","3歳以上1勝クラス","芝1800m (右A)","13:25","晴","良","8","1","1","ダノンアトラス","牡4","牡","4","58.0","坂井","1:50.8","2","2.0","4.2","35.7","8-9-9-8","栗東橋口","410(+4)","https://race.netkeiba.com/race/result.html?race_id=202510020807&rf=race_list"
"732","9","2025年7月20日","小倉","7R","3歳以上1勝クラス","芝1800m (右A)","13:25","晴","良","9","8","9","ローガンパス","牡4","牡","4","58.0","亀田","1:51.5","4","6.0","21.4","37.9","2-2-2-2","栗東東田","494(+2)","https://race.netkeiba.com/race/result.html?race_id=202510020807&rf=race_list"
"733","10","2025年7月20日","小倉","7R","3歳以上1勝クラス","芝1800m (右A)","13:25","晴","良","10","8","10","チャットケリー","牝3","牝","3","53.0","鮫島良","1:51.5","ハナ","10.0","134.6","36.7","5-7-8-8","栗東緒方","422(-4)","https://race.netkeiba.com/race/result.html?race_id=202510020807&rf=race_list"
"734","1","2025年7月20日","小倉","8R","3歳以上1勝クラス","芝1200m (右A)","13:55","晴","良","1","1","1","コウセキ","牡3","牡","3","55.0","松山","1:08.8","","1.0","2.7","35.5","1-1","栗東西園正","482(+6)","https://race.netkeiba.com/race/result.html?race_id=202510020808&rf=race_list"
"735","2","2025年7月20日","小倉","8R","3歳以上1勝クラス","芝1200m (右A)","13:55","晴","良","2","5","5","ブルーレース","牝3","牝","3","53.0","田口","1:08.8","アタマ","5.0","8.9","35.1","4-4","栗東宮本","464(-2)","https://race.netkeiba.com/race/result.html?race_id=202510020808&rf=race_list"
"736","3","2025年7月20日","小倉","8R","3歳以上1勝クラス","芝1200m (右A)","13:55","晴","良","3","6","7","エクストラバック","牡4","牡","4","58.0","北村友","1:08.9","アタマ","2.0","4.4","35.5","2-2","栗東西園正","492(-2)","https://race.netkeiba.com/race/result.html?race_id=202510020808&rf=race_list"
"737","4","2025年7月20日","小倉","8R","3歳以上1勝クラス","芝1200m (右A)","13:55","晴","良","4","8","12","ウインラウダ","牡4","牡","4","58.0","団野","1:09.0","3/4","4.0","8.0","34.3","12-12","栗東梅田","508(+4)","https://race.netkeiba.com/race/result.html?race_id=202510020808&rf=race_list"
"738","5","2025年7月20日","小倉","8R","3歳以上1勝クラス","芝1200m (右A)","13:55","晴","良","5","8","11","サニーサルサ","牝3","牝","3","51.0","◇永島","1:09.3","2","6.0","11.6","35.6","4-4","栗東高橋康","456(-6)","https://race.netkeiba.com/race/result.html?race_id=202510020808&rf=race_list"
"739","6","2025年7月20日","小倉","8R","3歳以上1勝クラス","芝1200m (右A)","13:55","晴","良","6","2","2","カフジキアッキエレ","牝5","牝","5","55.0","☆西塚","1:09.4","クビ","7.0","13.3","35.3","10-9","栗東森田","430(+6)","https://race.netkeiba.com/race/result.html?race_id=202510020808&rf=race_list"
"740","7","2025年7月20日","小倉","8R","3歳以上1勝クラス","芝1200m (右A)","13:55","晴","良","7","7","10","ツッチーフェイス","牝6","牝","6","56.0","小沢","1:09.5","1/2","9.0","25.7","35.6","7-6","栗東今野","480(-14)","https://race.netkeiba.com/race/result.html?race_id=202510020808&rf=race_list"
"741","8","2025年7月20日","小倉","8R","3歳以上1勝クラス","芝1200m (右A)","13:55","晴","良","8","4","4","リンゲルブルーメ","牝3","牝","3","53.0","和田竜","1:09.6","1/2","8.0","15.4","35.7","7-6","栗東佐藤悠","474(0)","https://race.netkeiba.com/race/result.html?race_id=202510020808&rf=race_list"
"742","9","2025年7月20日","小倉","8R","3歳以上1勝クラス","芝1200m (右A)","13:55","晴","良","9","7","9","ショウナンラフィネ","牝3","牝","3","53.0","幸","1:09.6","クビ","3.0","8.0","36.2","2-2","栗東高野","398(-6)","https://race.netkeiba.com/race/result.html?race_id=202510020808&rf=race_list"
"743","10","2025年7月20日","小倉","8R","3歳以上1勝クラス","芝1200m (右A)","13:55","晴","良","10","5","6","サトノランデヴー","牝3","牝","3","53.0","鴨宮祥","1:09.6","クビ","11.0","117.2","35.7","7-9","地方田中一","436(-12)","https://race.netkeiba.com/race/result.html?race_id=202510020808&rf=race_list"
"744","11","2025年7月20日","小倉","8R","3歳以上1勝クラス","芝1200m (右A)","13:55","晴","良","11","3","3","カワテンティアラ","牝3","牝","3","53.0","加藤聡","1:10.1","3","12.0","161.2","36.0","10-11","地方角田輝","482(-6)","https://race.netkeiba.com/race/result.html?race_id=202510020808&rf=race_list"
"745","12","2025年7月20日","小倉","8R","3歳以上1勝クラス","芝1200m (右A)","13:55","晴","良","12","6","8","ラブアイミー","牝3","牝","3","53.0","高倉","1:10.2","1/2","10.0","71.7","36.5","4-6","栗東森田","416(+4)","https://race.netkeiba.com/race/result.html?race_id=202510020808&rf=race_list"
"746","1","2025年7月20日","小倉","9R","不知火特別","芝1800m (右A)","14:25","晴","良","1","5","5","ホルトバージ","牡4","牡","4","58.0","川田","1:48.4","","4.0","5.7","35.7","5-4-4-4","栗東寺島","466(-8)","https://race.netkeiba.com/race/result.html?race_id=202510020809&rf=race_list"
"747","2","2025年7月20日","小倉","9R","不知火特別","芝1800m (右A)","14:25","晴","良","2","1","1","ビヨンドザドリーム","牡5","牡","5","58.0","国分優","1:48.6","1.1/2","6.0","26.4","36.3","1-1-1-1","栗東小椋","436(0)","https://race.netkeiba.com/race/result.html?race_id=202510020809&rf=race_list"
"748","3","2025年7月20日","小倉","9R","不知火特別","芝1800m (右A)","14:25","晴","良","3","7","7","エルフストラック","牝4","牝","4","56.0","北村友","1:48.6","アタマ","1.0","2.8","36.2","2-2-2-2","栗東中村","486(+8)","https://race.netkeiba.com/race/result.html?race_id=202510020809&rf=race_list"
"749","4","2025年7月20日","小倉","9R","不知火特別","芝1800m (右A)","14:25","晴","良","4","8","8","ロードマンハイム","牡5","牡","5","58.0","松山","1:48.7","クビ","3.0","4.2","35.7","8-7-6-5","栗東友道","516(+2)","https://race.netkeiba.com/race/result.html?race_id=202510020809&rf=race_list"
"750","5","2025年7月20日","小倉","9R","不知火特別","芝1800m (右A)","14:25","晴","良","5","3","3","クリノアドバンス","牡4","牡","4","58.0","田口","1:49.0","2","5.0","5.7","36.5","3-3-2-3","栗東大橋","466(+18)","https://race.netkeiba.com/race/result.html?race_id=202510020809&rf=race_list"
"751","6","2025年7月20日","小倉","9R","不知火特別","芝1800m (右A)","14:25","晴","良","6","2","2","ロゼフレア","牝4","牝","4","56.0","亀田","1:49.5","3","7.0","31.2","36.4","6-6-6-5","栗東中村","460(+8)","https://race.netkeiba.com/race/result.html?race_id=202510020809&rf=race_list"
"752","7","2025年7月20日","小倉","9R","不知火特別","芝1800m (右A)","14:25","晴","良","7","4","4","テイエムヒショウ","牡5","牡","5","58.0","和田竜","1:49.7","3/4","8.0","89.7","36.2","7-7-8-8","栗東浜田","486(-4)","https://race.netkeiba.com/race/result.html?race_id=202510020809&rf=race_list"
"753","8","2025年7月20日","小倉","9R","不知火特別","芝1800m (右A)","14:25","晴","良","8","6","6","オンザムーブ","牡3","牡","3","55.0","坂井","1:49.9","1.1/2","2.0","4.1","37.1","4-4-5-5","栗東矢作","498(-8)","https://race.netkeiba.com/race/result.html?race_id=202510020809&rf=race_list"
"754","1","2025年7月20日","小倉","10R","宮崎S","ダ1700m (右)","15:01","晴","良","1","4","4","レアンダー","牡4","牡","4","54.0","幸","1:43.7","","2.0","4.8","38.1","1-1-1-1","栗東大根田","462(-4)","https://race.netkeiba.com/race/result.html?race_id=202510020810&rf=race_list"
"755","2","2025年7月20日","小倉","10R","宮崎S","ダ1700m (右)","15:01","晴","良","2","8","12","ホウオウスーペリア","牡5","牡","5","55.0","荻野極","1:43.8","1/2","6.0","14.4","37.1","5-5-5-4","栗東吉岡","484(-4)","https://race.netkeiba.com/race/result.html?race_id=202510020810&rf=race_list"
"756","3","2025年7月20日","小倉","10R","宮崎S","ダ1700m (右)","15:01","晴","良","3","6","9","ヴィヴァン","牡7","牡","7","55.0","川田","1:44.1","1.3/4","4.0","6.2","36.6","7-7-6-6","栗東池江","496(+2)","https://race.netkeiba.com/race/result.html?race_id=202510020810&rf=race_list"
"757","4","2025年7月20日","小倉","10R","宮崎S","ダ1700m (右)","15:01","晴","良","4","3","3","メイショウミカワ","牡7","牡","7","56.0","高杉","1:44.1","クビ","1.0","4.0","38.1","4-4-2-2","栗東千田","512(-4)","https://race.netkeiba.com/race/result.html?race_id=202510020810&rf=race_list"
"758","5","2025年7月20日","小倉","10R","宮崎S","ダ1700m (右)","15:01","晴","良","5","2","2","サンライズグルーヴ","牡5","牡","5","55.0","吉村","1:44.7","3.1/2","7.0","17.7","36.1","12-12-12-8","栗東前川","522(+14)","https://race.netkeiba.com/race/result.html?race_id=202510020810&rf=race_list"
"759","6","2025年7月20日","小倉","10R","宮崎S","ダ1700m (右)","15:01","晴","良","6","5","7","ポワンキュルミナン","牡5","牡","5","54.0","田口","1:44.9","1.1/2","13.0","62.8","37.1","9-9-8-7","栗東岡田","424(-2)","https://race.netkeiba.com/race/result.html?race_id=202510020810&rf=race_list"
"760","7","2025年7月20日","小倉","10R","宮崎S","ダ1700m (右)","15:01","晴","良","7","1","1","グラスシフォン","牝5","牝","5","52.0","加藤聡","1:45.0","3/4","11.0","33.0","36.6","11-11-11-12","美浦松山","428(-10)","https://race.netkeiba.com/race/result.html?race_id=202510020810&rf=race_list"
"761","8","2025年7月20日","小倉","10R","宮崎S","ダ1700m (右)","15:01","晴","良","8","4","5","フランスゴデイナ","牡7","牡","7","55.0","松若","1:45.2","1.1/4","12.0","46.3","37.3","8-8-8-8","栗東森秀","496(-4)","https://race.netkeiba.com/race/result.html?race_id=202510020810&rf=race_list"
"762","9","2025年7月20日","小倉","10R","宮崎S","ダ1700m (右)","15:01","晴","良","9","6","8","テイエムランウェイ","牡6","牡","6","54.0","鮫島良","1:45.8","3.1/2","9.0","21.7","36.8","12-12-13-13","栗東河嶋","492(+2)","https://race.netkeiba.com/race/result.html?race_id=202510020810&rf=race_list"
"763","10","2025年7月20日","小倉","10R","宮崎S","ダ1700m (右)","15:01","晴","良","10","7","11","ビオグラフィア","牡7","牡","7","55.0","亀田","1:46.0","1.1/4","10.0","32.4","37.9","10-10-10-8","栗東松下","506(+12)","https://race.netkeiba.com/race/result.html?race_id=202510020810&rf=race_list"
"764","11","2025年7月20日","小倉","10R","宮崎S","ダ1700m (右)","15:01","晴","良","11","8","13","ゴッドブルービー","牡5","牡","5","57.0","角田和","1:46.4","2.1/2","3.0","5.1","40.5","2-2-2-3","栗東角田","460(-10)","https://race.netkeiba.com/race/result.html?race_id=202510020810&rf=race_list"
"765","12","2025年7月20日","小倉","10R","宮崎S","ダ1700m (右)","15:01","晴","良","12","5","6","シークレットキー","牡4","牡","4","54.0","小沢","1:47.5","7","8.0","20.2","39.8","6-6-7-8","栗東井上","494(+10)","https://race.netkeiba.com/race/result.html?race_id=202510020810&rf=race_list"
"766","13","2025年7月20日","小倉","10R","宮崎S","ダ1700m (右)","15:01","晴","良","13","7","10","オペラプラージュ","牡4","牡","4","55.0","団野","1:49.9","大","5.0","7.9","44.0","2-2-2-5","栗東新谷","510(+4)","https://race.netkeiba.com/race/result.html?race_id=202510020810&rf=race_list"
"767","1","2025年7月20日","小倉","11R","小倉記念","芝2000m (右A)","15:35","晴","良","1","1","1","イングランドアイズ","牝5","牝","5","51.0","松若","1:59.9","","9.0","16.3","36.2","5-4-4-5","栗東安田","450(+2)","https://race.netkeiba.com/race/result.html?race_id=202510020811&rf=race_list"
"768","2","2025年7月20日","小倉","11R","小倉記念","芝2000m (右A)","15:35","晴","良","2","3","6","シェイクユアハート","牡5","牡","5","55.0","古川吉","2:00.2","1.3/4","3.0","6.1","36.4","8-8-5-4","栗東宮","444(-10)","https://race.netkeiba.com/race/result.html?race_id=202510020811&rf=race_list"
"769","3","2025年7月20日","小倉","11R","小倉記念","芝2000m (右A)","15:35","晴","良","3","8","16","ディープモンスター","牡7","牡","7","58.0","北村友","2:00.3","1","2.0","5.8","36.3","6-6-7-7","栗東池江","470(+2)","https://race.netkeiba.com/race/result.html?race_id=202510020811&rf=race_list"
"770","4","2025年7月20日","小倉","11R","小倉記念","芝2000m (右A)","15:35","晴","良","4","4","8","ラスカンブレス","牡4","牡","4","56.0","荻野極","2:00.3","ハナ","6.0","12.1","35.4","13-13-13-13","美浦林","490(0)","https://race.netkeiba.com/race/result.html?race_id=202510020811&rf=race_list"
"771","5","2025年7月20日","小倉","11R","小倉記念","芝2000m (右A)","15:35","晴","良","5","4","7","オールセインツ","牡4","牡","4","54.0","酒井","2:00.5","1","5.0","11.0","36.4","9-9-8-7","栗東友道","502(+4)","https://race.netkeiba.com/race/result.html?race_id=202510020811&rf=race_list"
"772","6","2025年7月20日","小倉","11R","小倉記念","芝2000m (右A)","15:35","晴","良","6","6","12","ハピ","牡6","牡","6","57.0","坂井","2:00.5","クビ","4.0","6.6","36.1","11-11-11-11","栗東大久保","482(-4)","https://race.netkeiba.com/race/result.html?race_id=202510020811&rf=race_list"
"773","7","2025年7月20日","小倉","11R","小倉記念","芝2000m (右A)","15:35","晴","良","7","6","11","ダンディズム","セ9","セ","9","56.0","高杉","2:00.7","3/4","15.0","90.0","35.6","15-15-15-15","栗東野中","468(0)","https://race.netkeiba.com/race/result.html?race_id=202510020811&rf=race_list"
"774","8","2025年7月20日","小倉","11R","小倉記念","芝2000m (右A)","15:35","晴","良","8","5","10","ナムラエイハブ","牡4","牡","4","55.0","松山","2:00.7","クビ","8.0","14.9","36.9","3-5-5-5","栗東長谷川","516(+8)","https://race.netkeiba.com/race/result.html?race_id=202510020811&rf=race_list"
"775","9","2025年7月20日","小倉","11R","小倉記念","芝2000m (右A)","15:35","晴","良","9","2","4","メリオーレム","牡4","牡","4","56.0","川田","2:00.8","クビ","1.0","5.0","36.1","12-12-12-12","栗東友道","488(-6)","https://race.netkeiba.com/race/result.html?race_id=202510020811&rf=race_list"
"776","10","2025年7月20日","小倉","11R","小倉記念","芝2000m (右A)","15:35","晴","良","10","8","15","ニホンピロキーフ","牡5","牡","5","56.0","幸","2:00.8","アタマ","11.0","21.3","37.3","3-3-2-2","栗東大橋","476(-4)","https://race.netkeiba.com/race/result.html?race_id=202510020811&rf=race_list"
"777","11","2025年7月20日","小倉","11R","小倉記念","芝2000m (右A)","15:35","晴","良","11","5","9","リカンカブール","セ6","セ","6","58.0","団野","2:00.9","1/2","12.0","26.4","36.8","7-6-8-7","栗東田中克","488(-10)","https://race.netkeiba.com/race/result.html?race_id=202510020811&rf=race_list"
"778","12","2025年7月20日","小倉","11R","小倉記念","芝2000m (右A)","15:35","晴","良","12","3","5","マイネルメモリー","牡5","牡","5","56.0","田口","2:00.9","アタマ","10.0","20.7","36.0","13-13-13-13","栗東宮","464(-2)","https://race.netkeiba.com/race/result.html?race_id=202510020811&rf=race_list"
"779","13","2025年7月20日","小倉","11R","小倉記念","芝2000m (右A)","15:35","晴","良","13","1","2","ショウナンアデイブ","牡6","牡","6","56.0","岩田康","2:01.0","1/2","7.0","14.2","36.9","9-9-8-7","栗東高野","512(-10)","https://race.netkeiba.com/race/result.html?race_id=202510020811&rf=race_list"
"780","14","2025年7月20日","小倉","11R","小倉記念","芝2000m (右A)","15:35","晴","良","14","2","3","カネフラ","牡5","牡","5","54.0","永島","2:01.2","1.1/2","13.0","43.4","36.0","15-15-15-16","栗東高橋康","452(0)","https://race.netkeiba.com/race/result.html?race_id=202510020811&rf=race_list"
"781","15","2025年7月20日","小倉","11R","小倉記念","芝2000m (右A)","15:35","晴","良","15","7","13","スズカダブル","牡5","牡","5","54.0","吉村","2:01.3","クビ","14.0","43.8","37.9","2-2-2-1","栗東西村","500(-4)","https://race.netkeiba.com/race/result.html?race_id=202510020811&rf=race_list"
"782","16","2025年7月20日","小倉","11R","小倉記念","芝2000m (右A)","15:35","晴","良","16","7","14","グラティアス","牡7","牡","7","56.0","小沢","2:04.0","大","16.0","156.1","41.5","1-1-1-2","栗東安田","492(+2)","https://race.netkeiba.com/race/result.html?race_id=202510020811&rf=race_list"
"783","1","2025年7月20日","小倉","12R","耶馬渓特別","芝1200m (右A)","16:15","晴","良","1","1","2","フリッカージャブ","牡3","牡","3","55.0","松山","1:07.7","","1.0","2.1","34.8","1-1","栗東西園翔","490(+4)","https://race.netkeiba.com/race/result.html?race_id=202510020812&rf=race_list"
"784","2","2025年7月20日","小倉","12R","耶馬渓特別","芝1200m (右A)","16:15","晴","良","2","8","18","インブロリオ","牝3","牝","3","53.0","川田","1:08.1","2.1/2","2.0","4.3","34.9","2-2","栗東吉村","474(+4)","https://race.netkeiba.com/race/result.html?race_id=202510020812&rf=race_list"
"785","3","2025年7月20日","小倉","12R","耶馬渓特別","芝1200m (右A)","16:15","晴","良","3","8","17","ロードマイライフ","牡4","牡","4","58.0","松若","1:08.2","クビ","8.0","29.0","34.7","7-3","栗東杉山晴","496(-8)","https://race.netkeiba.com/race/result.html?race_id=202510020812&rf=race_list"
"786","4","2025年7月20日","小倉","12R","耶馬渓特別","芝1200m (右A)","16:15","晴","良","4","6","11","サンドロナイト","牝4","牝","4","56.0","北村友","1:08.3","3/4","10.0","33.1","34.2","14-14","栗東茶木","458(+2)","https://race.netkeiba.com/race/result.html?race_id=202510020812&rf=race_list"
"787","5","2025年7月20日","小倉","12R","耶馬渓特別","芝1200m (右A)","16:15","晴","良","5","7","14","スリールミニョン","牝3","牝","3","53.0","永島","1:08.3","クビ","3.0","7.2","34.5","11-9","栗東高橋康","452(+4)","https://race.netkeiba.com/race/result.html?race_id=202510020812&rf=race_list"
"788","6","2025年7月20日","小倉","12R","耶馬渓特別","芝1200m (右A)","16:15","晴","良","6","5","10","ディアドコス","牡5","牡","5","58.0","小沢","1:08.7","2","11.0","35.1","34.9","11-14","栗東羽月","480(-6)","https://race.netkeiba.com/race/result.html?race_id=202510020812&rf=race_list"
"789","7","2025年7月20日","小倉","12R","耶馬渓特別","芝1200m (右A)","16:15","晴","良","7","2","4","メイショウコギク","牝5","牝","5","56.0","亀田","1:08.7","ハナ","14.0","82.4","34.6","14-16","栗東石橋","458(-4)","https://race.netkeiba.com/race/result.html?race_id=202510020812&rf=race_list"
"790","8","2025年7月20日","小倉","12R","耶馬渓特別","芝1200m (右A)","16:15","晴","良","8","8","16","システムリブート","牡5","牡","5","58.0","高杉","1:08.7","アタマ","5.0","18.1","35.3","5-3","栗東佐藤悠","544(0)","https://race.netkeiba.com/race/result.html?race_id=202510020812&rf=race_list"
"791","9","2025年7月20日","小倉","12R","耶馬渓特別","芝1200m (右A)","16:15","晴","良","9","1","1","ヒーローインチーフ","セ4","セ","4","58.0","西塚","1:08.8","アタマ","6.0","20.8","34.0","18-18","栗東吉田","450(+2)","https://race.netkeiba.com/race/result.html?race_id=202510020812&rf=race_list"
"792","10","2025年7月20日","小倉","12R","耶馬渓特別","芝1200m (右A)","16:15","晴","良","10","4","8","アオイレーギーナ","牝3","牝","3","53.0","幸","1:08.8","クビ","4.0","13.2","35.4","5-7","栗東宮地","492(+8)","https://race.netkeiba.com/race/result.html?race_id=202510020812&rf=race_list"
"793","11","2025年7月20日","小倉","12R","耶馬渓特別","芝1200m (右A)","16:15","晴","良","11","7","13","キャッスルレイク","牝3","牝","3","53.0","田口","1:08.8","アタマ","7.0","22.1","35.1","10-7","栗東松下","462(0)","https://race.netkeiba.com/race/result.html?race_id=202510020812&rf=race_list"
"794","12","2025年7月20日","小倉","12R","耶馬渓特別","芝1200m (右A)","16:15","晴","良","12","7","15","ベンガン","牡8","牡","8","58.0","国分優","1:08.8","アタマ","16.0","111.0","34.9","13-11","栗東千田","480(+8)","https://race.netkeiba.com/race/result.html?race_id=202510020812&rf=race_list"
"795","13","2025年7月20日","小倉","12R","耶馬渓特別","芝1200m (右A)","16:15","晴","良","13","6","12","トーホウフランゴ","牝5","牝","5","56.0","酒井","1:08.8","ハナ","15.0","92.5","35.2","7-9","栗東高橋康","448(+8)","https://race.netkeiba.com/race/result.html?race_id=202510020812&rf=race_list"
"796","14","2025年7月20日","小倉","12R","耶馬渓特別","芝1200m (右A)","16:15","晴","良","14","5","9","テーオースパロー","牡6","牡","6","58.0","吉村","1:08.8","ハナ","12.0","71.3","35.2","7-11","栗東清水久","492(-2)","https://race.netkeiba.com/race/result.html?race_id=202510020812&rf=race_list"
"797","15","2025年7月20日","小倉","12R","耶馬渓特別","芝1200m (右A)","16:15","晴","良","15","3","5","タガノスペルノヴァ","牡7","牡","7","58.0","川須","1:08.9","1/2","17.0","120.4","34.5","17-16","栗東中尾","424(-10)","https://race.netkeiba.com/race/result.html?race_id=202510020812&rf=race_list"
"798","16","2025年7月20日","小倉","12R","耶馬渓特別","芝1200m (右A)","16:15","晴","良","16","2","3","サトノプリエール","牝6","牝","6","56.0","団野","1:09.1","1","9.0","31.8","35.0","14-13","栗東斉藤崇","502(+24)","https://race.netkeiba.com/race/result.html?race_id=202510020812&rf=race_list"
"799","17","2025年7月20日","小倉","12R","耶馬渓特別","芝1200m (右A)","16:15","晴","良","17","4","7","インテンソ","セ5","セ","5","58.0","泉谷","1:09.3","1.1/2","18.0","167.9","36.2","2-3","栗東松永幹","482(-10)","https://race.netkeiba.com/race/result.html?race_id=202510020812&rf=race_list"
"800","18","2025年7月20日","小倉","12R","耶馬渓特別","芝1200m (右A)","16:15","晴","良","18","3","6","ガリレイ","セ8","セ","8","58.0","角田和","1:09.4","1/2","13.0","77.2","36.1","4-6","栗東高橋亮","518(+4)","https://race.netkeiba.com/race/result.html?race_id=202510020812&rf=race_list"
"801","1","2025年7月20日","函館","1R","2歳未勝利","芝1200m (右B)","09:50","晴","良","1","1","2","クワイエットアイ","牡2","牡","2","52.0","▲柴田裕","1:09.1","","3.0","6.0","35.3","1-1","栗東中竹","456(+8)","https://race.netkeiba.com/race/result.html?race_id=202502011201&rf=race_list"
"802","2","2025年7月20日","函館","1R","2歳未勝利","芝1200m (右B)","09:50","晴","良","2","4","7","ロンドンオービタル","牝2","牝","2","55.0","横山武","1:09.2","1","6.0","10.1","35.3","2-2","美浦岩戸","448(+2)","https://race.netkeiba.com/race/result.html?race_id=202502011201&rf=race_list"
"803","3","2025年7月20日","函館","1R","2歳未勝利","芝1200m (右B)","09:50","晴","良","3","2","4","コルテオソレイユ","牡2","牡","2","55.0","鮫島駿","1:09.4","1.1/4","1.0","4.6","35.2","4-4","栗東佐藤悠","450(+8)","https://race.netkeiba.com/race/result.html?race_id=202502011201&rf=race_list"
"804","4","2025年7月20日","函館","1R","2歳未勝利","芝1200m (右B)","09:50","晴","良","4","1","1","ストームサンダー","牡2","牡","2","51.0","★小林美","1:09.7","1.1/2","4.0","6.1","34.6","12-11","栗東安達","456(+4)","https://race.netkeiba.com/race/result.html?race_id=202502011201&rf=race_list"
"805","5","2025年7月20日","函館","1R","2歳未勝利","芝1200m (右B)","09:50","晴","良","5","7","13","ヘクセンハウス","牝2","牝","2","55.0","丹内","1:09.8","3/4","9.0","20.2","35.3","6-6","栗東吉田","414(+6)","https://race.netkeiba.com/race/result.html?race_id=202502011201&rf=race_list"
"806","6","2025年7月20日","函館","1R","2歳未勝利","芝1200m (右B)","09:50","晴","良","6","5","9","エミフルソウタ","牡2","牡","2","55.0","キング","1:09.9","1/2","5.0","7.4","35.4","6-6","美浦根本","478(+6)","https://race.netkeiba.com/race/result.html?race_id=202502011201&rf=race_list"
"807","7","2025年7月20日","函館","1R","2歳未勝利","芝1200m (右B)","09:50","晴","良","7","3","5","ファンシーフリル","牝2","牝","2","55.0","松岡","1:10.0","1","10.0","28.6","35.2","8-8","美浦蛯名利","464(-4)","https://race.netkeiba.com/race/result.html?race_id=202502011201&rf=race_list"
"808","8","2025年7月20日","函館","1R","2歳未勝利","芝1200m (右B)","09:50","晴","良","8","8","16","ワイズギャング","牝2","牝","2","52.0","▲古川奈","1:10.1","クビ","2.0","5.1","36.1","2-2","栗東河嶋","440(0)","https://race.netkeiba.com/race/result.html?race_id=202502011201&rf=race_list"
"809","9","2025年7月20日","函館","1R","2歳未勝利","芝1200m (右B)","09:50","晴","良","9","3","6","ロードベルファスト","牡2","牡","2","55.0","斎藤","1:10.1","クビ","8.0","16.9","34.8","13-13","栗東畑端","470(-8)","https://race.netkeiba.com/race/result.html?race_id=202502011201&rf=race_list"
"810","10","2025年7月20日","函館","1R","2歳未勝利","芝1200m (右B)","09:50","晴","良","10","2","3","ライトアズフェザー","牝2","牝","2","54.0","☆松本","1:10.2","1/2","11.0","45.9","35.5","8-8","美浦千葉","440(-10)","https://race.netkeiba.com/race/result.html?race_id=202502011201&rf=race_list"
"811","11","2025年7月20日","函館","1R","2歳未勝利","芝1200m (右B)","09:50","晴","良","11","7","14","ミルトハッピー","牡2","牡","2","52.0","▲舟山","1:10.6","2","14.0","182.6","35.6","11-11","美浦武市","480(+6)","https://race.netkeiba.com/race/result.html?race_id=202502011201&rf=race_list"
"812","12","2025年7月20日","函館","1R","2歳未勝利","芝1200m (右B)","09:50","晴","良","12","6","12","ヨッシーリオ","牡2","牡","2","55.0","池添","1:10.6","クビ","12.0","50.0","35.3","13-13","栗東北出","446(0)","https://race.netkeiba.com/race/result.html?race_id=202502011201&rf=race_list"
"813","13","2025年7月20日","函館","1R","2歳未勝利","芝1200m (右B)","09:50","晴","良","13","4","8","ハチハチローズ","牝2","牝","2","52.0","▲橋木","1:10.8","1.1/2","13.0","157.2","36.0","8-8","美浦松永康","364(-2)","https://race.netkeiba.com/race/result.html?race_id=202502011201&rf=race_list"
"814","14","2025年7月20日","函館","1R","2歳未勝利","芝1200m (右B)","09:50","晴","良","14","6","11","ケイベエ","牡2","牡","2","55.0","武豊","1:11.1","1.1/2","7.0","12.3","36.8","5-5","美浦杉浦","466(+6)","https://race.netkeiba.com/race/result.html?race_id=202502011201&rf=race_list"
"815","15","2025年7月20日","函館","1R","2歳未勝利","芝1200m (右B)","09:50","晴","良","15","8","15","モルトカリーナ","牝2","牝","2","55.0","原田和","1:12.8","10","16.0","419.0","37.0","15-15","美浦粕谷","422(0)","https://race.netkeiba.com/race/result.html?race_id=202502011201&rf=race_list"
"816","16","2025年7月20日","函館","1R","2歳未勝利","芝1200m (右B)","09:50","晴","良","16","5","10","マジッククッキー","牡2","牡","2","52.0","▲和田陽","1:13.6","5","15.0","303.7","37.2","16-16","美浦加藤士","482(+8)","https://race.netkeiba.com/race/result.html?race_id=202502011201&rf=race_list"
"817","1","2025年7月20日","函館","2R","3歳未勝利","ダ1700m (右)","10:25","晴","良","1","5","6","ナリタヒカリ","牝3","牝","3","55.0","武豊","1:46.2","","1.0","3.0","38.1","5-5-4-2","栗東荒川","430(+2)","https://race.netkeiba.com/race/result.html?race_id=202502011202&rf=race_list"
"818","2","2025年7月20日","函館","2R","3歳未勝利","ダ1700m (右)","10:25","晴","良","2","3","3","ペイシャキセキ","牝3","牝","3","54.0","☆松本","1:46.5","1.1/2","5.0","12.5","39.0","1-1-1-1","栗東吉田","458(+6)","https://race.netkeiba.com/race/result.html?race_id=202502011202&rf=race_list"
"819","3","2025年7月20日","函館","2R","3歳未勝利","ダ1700m (右)","10:25","晴","良","3","1","1","クインズマカロン","牝3","牝","3","55.0","荻野琢","1:46.9","2.1/2","2.0","3.8","38.3","8-8-7-6","栗東小林","406(0)","https://race.netkeiba.com/race/result.html?race_id=202502011202&rf=race_list"
"820","4","2025年7月20日","函館","2R","3歳未勝利","ダ1700m (右)","10:25","晴","良","4","8","12","コスモトロイメル","牝3","牝","3","55.0","丹内","1:47.7","5","3.0","5.1","39.3","10-9-6-4","美浦田島","466(+10)","https://race.netkeiba.com/race/result.html?race_id=202502011202&rf=race_list"
"821","5","2025年7月20日","函館","2R","3歳未勝利","ダ1700m (右)","10:25","晴","良","5","2","2","ダノンブロッサム","牝3","牝","3","55.0","鮫島駿","1:47.9","1.1/2","7.0","23.6","39.3","7-7-7-8","美浦尾関","440(-4)","https://race.netkeiba.com/race/result.html?race_id=202502011202&rf=race_list"
"822","6","2025年7月20日","函館","2R","3歳未勝利","ダ1700m (右)","10:25","晴","良","6","6","9","メイショウマヒロ","牝3","牝","3","52.0","▲柴田裕","1:48.1","1","9.0","36.7","39.0","12-11-10-9","栗東飯田","406(-6)","https://race.netkeiba.com/race/result.html?race_id=202502011202&rf=race_list"
"823","7","2025年7月20日","函館","2R","3歳未勝利","ダ1700m (右)","10:25","晴","良","7","7","10","ビスケットマリー","牝3","牝","3","55.0","吉田隼","1:48.2","1/2","12.0","87.9","38.8","12-13-12-11","美浦和田雄","426(0)","https://race.netkeiba.com/race/result.html?race_id=202502011202&rf=race_list"
"824","8","2025年7月20日","函館","2R","3歳未勝利","ダ1700m (右)","10:25","晴","良","8","5","7","デンリッレハウエル","牝3","牝","3","52.0","▲舟山","1:48.2","アタマ","8.0","27.9","40.2","3-3-3-4","美浦林","426(+6)","https://race.netkeiba.com/race/result.html?race_id=202502011202&rf=race_list"
"825","9","2025年7月20日","函館","2R","3歳未勝利","ダ1700m (右)","10:25","晴","良","9","6","8","ビービープリメーロ","牝3","牝","3","55.0","落合玄","1:48.2","クビ","11.0","53.7","38.9","8-9-11-11","栗東角田","446(-2)","https://race.netkeiba.com/race/result.html?race_id=202502011202&rf=race_list"
"826","10","2025年7月20日","函館","2R","3歳未勝利","ダ1700m (右)","10:25","晴","良","10","8","13","エイシンマクルーベ","牝3","牝","3","55.0","松岡","1:48.9","4","10.0","47.5","39.4","10-11-12-13","美浦田中剛","414(+8)","https://race.netkeiba.com/race/result.html?race_id=202502011202&rf=race_list"
"827","11","2025年7月20日","函館","2R","3歳未勝利","ダ1700m (右)","10:25","晴","良","11","4","5","クリップクロップ","牝3","牝","3","51.0","★小林美","1:49.0","1/2","4.0","6.5","41.3","2-2-2-3","栗東高橋一","476(+6)","https://race.netkeiba.com/race/result.html?race_id=202502011202&rf=race_list"
"828","12","2025年7月20日","函館","2R","3歳未勝利","ダ1700m (右)","10:25","晴","良","12","4","4","ミッキーラサルダン","牝3","牝","3","55.0","キング","1:49.4","2.1/2","6.0","14.2","41.3","3-3-4-6","美浦堀","450(-6)","https://race.netkeiba.com/race/result.html?race_id=202502011202&rf=race_list"
"829","13","2025年7月20日","函館","2R","3歳未勝利","ダ1700m (右)","10:25","晴","良","13","7","11","デルマラメール","牝3","牝","3","55.0","佐々木","1:49.5","1/2","13.0","94.9","40.7","5-5-9-9","美浦勢司","450(0)","https://race.netkeiba.com/race/result.html?race_id=202502011202&rf=race_list"
"830","1","2025年7月20日","函館","3R","3歳未勝利","芝1800m (右B)","10:55","晴","良","1","5","7","ハニードレス","牝3","牝","3","55.0","佐々木","1:47.4","","2.0","5.5","34.8","2-2-2-2","美浦牧","440(0)","https://race.netkeiba.com/race/result.html?race_id=202502011203&rf=race_list"
"831","2","2025年7月20日","函館","3R","3歳未勝利","芝1800m (右B)","10:55","晴","良","2","1","1","フェアリーグレン","牝3","牝","3","54.0","☆松本","1:47.6","1.1/4","12.0","40.2","34.3","10-9-11-8","栗東吉田","412(-2)","https://race.netkeiba.com/race/result.html?race_id=202502011203&rf=race_list"
"832","3","2025年7月20日","函館","3R","3歳未勝利","芝1800m (右B)","10:55","晴","良","3","4","6","ラマヌジャン","牡3","牡","3","57.0","浜中","1:47.8","1","3.0","6.3","35.0","3-3-4-4","栗東宮地","500(+2)","https://race.netkeiba.com/race/result.html?race_id=202502011203&rf=race_list"
"833","4","2025年7月20日","函館","3R","3歳未勝利","芝1800m (右B)","10:55","晴","良","4","7","12","オニムシャ","牡3","牡","3","54.0","▲和田陽","1:47.9","1","13.0","42.2","35.5","1-1-1-1","栗東松永幹","460(+8)","https://race.netkeiba.com/race/result.html?race_id=202502011203&rf=race_list"
"834","5","2025年7月20日","函館","3R","3歳未勝利","芝1800m (右B)","10:55","晴","良","5","3","3","ヤマノインパクト","牡3","牡","3","57.0","斎藤","1:48.0","クビ","1.0","5.0","34.9","6-6-6-6","美浦本間","466(+4)","https://race.netkeiba.com/race/result.html?race_id=202502011203&rf=race_list"
"835","6","2025年7月20日","函館","3R","3歳未勝利","芝1800m (右B)","10:55","晴","良","6","3","4","カピオラ","牝3","牝","3","52.0","▲森田","1:48.0","クビ","10.0","21.6","34.8","6-6-8-8","栗東武幸","418(+2)","https://race.netkeiba.com/race/result.html?race_id=202502011203&rf=race_list"
"836","7","2025年7月20日","函館","3R","3歳未勝利","芝1800m (右B)","10:55","晴","良","7","4","5","ビジュードネージュ","牝3","牝","3","55.0","キング","1:48.1","クビ","4.0","6.5","34.9","9-9-8-8","栗東高柳大","428(0)","https://race.netkeiba.com/race/result.html?race_id=202502011203&rf=race_list"
"837","8","2025年7月20日","函館","3R","3歳未勝利","芝1800m (右B)","10:55","晴","良","8","2","2","アクアジェット","牡3","牡","3","53.0","★小林美","1:48.1","クビ","6.0","9.8","35.4","11-11-3-2","美浦岩戸","458(+6)","https://race.netkeiba.com/race/result.html?race_id=202502011203&rf=race_list"
"838","9","2025年7月20日","函館","3R","3歳未勝利","芝1800m (右B)","10:55","晴","良","9","6","9","サトノベリル","牝3","牝","3","55.0","鮫島駿","1:48.1","クビ","7.0","11.3","35.1","5-5-6-6","栗東吉岡","432(-6)","https://race.netkeiba.com/race/result.html?race_id=202502011203&rf=race_list"
"839","10","2025年7月20日","函館","3R","3歳未勝利","芝1800m (右B)","10:55","晴","良","10","7","11","ウインヘリオドール","牡3","牡","3","57.0","横山和","1:48.2","1/2","8.0","17.4","34.4","14-14-14-14","栗東梅田","498(-4)","https://race.netkeiba.com/race/result.html?race_id=202502011203&rf=race_list"
"840","11","2025年7月20日","函館","3R","3歳未勝利","芝1800m (右B)","10:55","晴","良","11","8","13","ジャスマン","牡3","牡","3","54.0","▲鷲頭","1:48.3","3/4","14.0","87.7","34.8","13-12-12-12","美浦菊沢","480(0)","https://race.netkeiba.com/race/result.html?race_id=202502011203&rf=race_list"
"841","12","2025年7月20日","函館","3R","3歳未勝利","芝1800m (右B)","10:55","晴","良","12","6","10","アースグレーザー","牡3","牡","3","57.0","丹内","1:48.4","1/2","5.0","8.2","35.6","3-3-4-4","栗東中村","474(-10)","https://race.netkeiba.com/race/result.html?race_id=202502011203&rf=race_list"
"842","13","2025年7月20日","函館","3R","3歳未勝利","芝1800m (右B)","10:55","晴","良","13","5","8","グリスタン","牡3","牡","3","57.0","藤岡佑","1:48.5","クビ","11.0","30.9","35.0","12-12-12-12","美浦高橋文","480(+8)","https://race.netkeiba.com/race/result.html?race_id=202502011203&rf=race_list"
"843","14","2025年7月20日","函館","3R","3歳未勝利","芝1800m (右B)","10:55","晴","良","14","8","14","セレニティ","牝3","牝","3","52.0","▲舟山","1:48.6","3/4","9.0","17.6","35.4","6-6-8-11","美浦鹿戸","386(+6)","https://race.netkeiba.com/race/result.html?race_id=202502011203&rf=race_list"
"844","1","2025年7月20日","函館","4R","3歳未勝利","ダ1700m (右)","11:25","晴","良","1","4","6","スマートブル","牡3","牡","3","54.0","▲鷲頭","1:45.4","","7.0","16.4","38.3","2-2-2-1","栗東井上","472(-6)","https://race.netkeiba.com/race/result.html?race_id=202502011204&rf=race_list"
"845","2","2025年7月20日","函館","4R","3歳未勝利","ダ1700m (右)","11:25","晴","良","2","4","5","サトミノエンジェル","牡3","牡","3","57.0","横山武","1:46.2","5","1.0","2.0","38.4","4-4-3-3","美浦鈴木伸","514(+2)","https://race.netkeiba.com/race/result.html?race_id=202502011204&rf=race_list"
"846","3","2025年7月20日","函館","4R","3歳未勝利","ダ1700m (右)","11:25","晴","良","3","2","2","レズルレクティオ","セ3","セ","3","57.0","横山和","1:46.7","3","2.0","3.5","38.3","6-7-4-4","栗東安田","462(+6)","https://race.netkeiba.com/race/result.html?race_id=202502011204&rf=race_list"
"847","4","2025年7月20日","函館","4R","3歳未勝利","ダ1700m (右)","11:25","晴","良","4","1","1","リバティフレイム","牡3","牡","3","57.0","斎藤","1:48.0","8","5.0","13.4","39.3","4-4-7-9","美浦嘉藤","512(-14)","https://race.netkeiba.com/race/result.html?race_id=202502011204&rf=race_list"
"848","5","2025年7月20日","函館","4R","3歳未勝利","ダ1700m (右)","11:25","晴","良","5","7","12","アーロッタレット","牝3","牝","3","51.0","★小林美","1:48.1","1/2","4.0","9.3","41.0","1-1-1-2","栗東須貝","474(-4)","https://race.netkeiba.com/race/result.html?race_id=202502011204&rf=race_list"
"849","6","2025年7月20日","函館","4R","3歳未勝利","ダ1700m (右)","11:25","晴","良","6","3","3","ダノンラッセル","牡3","牡","3","57.0","キング","1:48.4","1.3/4","3.0","7.2","39.7","8-8-7-5","美浦堀","526(0)","https://race.netkeiba.com/race/result.html?race_id=202502011204&rf=race_list"
"850","7","2025年7月20日","函館","4R","3歳未勝利","ダ1700m (右)","11:25","晴","良","7","8","14","キタノアンシェル","牝3","牝","3","55.0","黛","1:48.7","1.3/4","9.0","98.7","39.3","14-14-12-13","美浦蛯名利","422(0)","https://race.netkeiba.com/race/result.html?race_id=202502011204&rf=race_list"
"851","8","2025年7月20日","函館","4R","3歳未勝利","ダ1700m (右)","11:25","晴","良","8","6","9","サヨノファントム","牡3","牡","3","56.0","☆松本","1:48.7","クビ","10.0","188.3","40.4","3-3-4-6","栗東羽月","522(-4)","https://race.netkeiba.com/race/result.html?race_id=202502011204&rf=race_list"
"852","9","2025年7月20日","函館","4R","3歳未勝利","ダ1700m (右)","11:25","晴","良","9","3","4","スマートテンペスト","牡3","牡","3","57.0","丹内","1:48.7","ハナ","6.0","15.0","39.7","9-9-10-11","栗東西園翔","478(+4)","https://race.netkeiba.com/race/result.html?race_id=202502011204&rf=race_list"
"853","10","2025年7月20日","函館","4R","3歳未勝利","ダ1700m (右)","11:25","晴","良","10","6","10","ビップアリエル","牝3","牝","3","55.0","鮫島駿","1:49.4","4","8.0","77.8","40.4","9-11-10-9","栗東小椋","462(0)","https://race.netkeiba.com/race/result.html?race_id=202502011204&rf=race_list"
"854","11","2025年7月20日","函館","4R","3歳未勝利","ダ1700m (右)","11:25","晴","良","11","7","11","ウーナファータ","牝3","牝","3","55.0","小林脩","1:49.4","クビ","11.0","196.5","40.7","9-9-7-7","美浦奥平","462(+12)","https://race.netkeiba.com/race/result.html?race_id=202502011204&rf=race_list"
"855","12","2025年7月20日","函館","4R","3歳未勝利","ダ1700m (右)","11:25","晴","良","12","5","7","エムズドリーム","牡3","牡","3","54.0","▲柴田裕","1:49.7","1.3/4","14.0","345.3","40.4","12-12-12-11","栗東谷","418(-12)","https://race.netkeiba.com/race/result.html?race_id=202502011204&rf=race_list"
"856","13","2025年7月20日","函館","4R","3歳未勝利","ダ1700m (右)","11:25","晴","良","13","8","13","ガウラサンダー","牡3","牡","3","57.0","落合玄","1:49.8","3/4","13.0","267.5","40.3","12-13-14-13","栗東高柳大","456(-2)","https://race.netkeiba.com/race/result.html?race_id=202502011204&rf=race_list"
"857","14","2025年7月20日","函館","4R","3歳未勝利","ダ1700m (右)","11:25","晴","良","14","5","8","ゴールドリバース","牡3","牡","3","54.0","▲舟山","1:50.4","3.1/2","12.0","218.5","41.9","6-4-6-7","美浦田中勝","504(-6)","https://race.netkeiba.com/race/result.html?race_id=202502011204&rf=race_list"
"858","1","2025年7月20日","函館","5R","2歳新馬","芝1800m (右B)","12:15","晴","良","1","2","2","アーレムアレス","牡2","牡","2","55.0","菱田","1:48.7","","4.0","6.0","34.5","3-4-4-3","栗東橋口","478(0)","https://race.netkeiba.com/race/result.html?race_id=202502011205&rf=race_list"
"859","2","2025年7月20日","函館","5R","2歳新馬","芝1800m (右B)","12:15","晴","良","2","8","8","ハムタン","牡2","牡","2","55.0","武豊","1:49.0","1.3/4","1.0","2.8","35.1","6-4-2-2","栗東武幸","456(0)","https://race.netkeiba.com/race/result.html?race_id=202502011205&rf=race_list"
"860","3","2025年7月20日","函館","5R","2歳新馬","芝1800m (右B)","12:15","晴","良","3","1","1","ノチェセラーダ","牡2","牡","2","55.0","藤岡佑","1:49.2","1.1/4","6.0","12.4","34.4","8-8-6-6","栗東杉山佳","464(0)","https://race.netkeiba.com/race/result.html?race_id=202502011205&rf=race_list"
"861","4","2025年7月20日","函館","5R","2歳新馬","芝1800m (右B)","12:15","晴","良","4","3","3","エバーシャンティ","牝2","牝","2","55.0","吉田隼","1:49.5","1.3/4","3.0","4.1","34.7","9-9-6-7","美浦久保田","442(0)","https://race.netkeiba.com/race/result.html?race_id=202502011205&rf=race_list"
"862","5","2025年7月20日","函館","5R","2歳新馬","芝1800m (右B)","12:15","晴","良","5","8","9","グリーンゴー","牡2","牡","2","55.0","池添","1:49.5","アタマ","2.0","3.7","35.6","3-2-1-1","栗東福永","466(0)","https://race.netkeiba.com/race/result.html?race_id=202502011205&rf=race_list"
"863","6","2025年7月20日","函館","5R","2歳新馬","芝1800m (右B)","12:15","晴","良","6","7","7","マーゴットサンズ","牝2","牝","2","55.0","丹内","1:50.0","3","5.0","12.3","35.8","3-4-4-3","美浦伊坂","464(0)","https://race.netkeiba.com/race/result.html?race_id=202502011205&rf=race_list"
"864","7","2025年7月20日","函館","5R","2歳新馬","芝1800m (右B)","12:15","晴","良","7","6","6","シュピラー","牡2","牡","2","55.0","鮫島駿","1:51.2","7","8.0","58.9","37.3","1-1-2-5","美浦高木","466(0)","https://race.netkeiba.com/race/result.html?race_id=202502011205&rf=race_list"
"865","8","2025年7月20日","函館","5R","2歳新馬","芝1800m (右B)","12:15","晴","良","8","4","4","ソルプレーザ","牡2","牡","2","55.0","横山和","1:51.6","2.1/2","9.0","59.4","36.5","7-7-9-8","美浦菊川","472(0)","https://race.netkeiba.com/race/result.html?race_id=202502011205&rf=race_list"
"866","9","2025年7月20日","函館","5R","2歳新馬","芝1800m (右B)","12:15","晴","良","9","5","5","ヴァイオスペース","牡2","牡","2","55.0","佐々木","1:54.1","大","7.0","32.1","39.2","2-2-6-8","美浦黒岩","452(0)","https://race.netkeiba.com/race/result.html?race_id=202502011205&rf=race_list"
"867","1","2025年7月20日","函館","6R","3歳未勝利","芝1200m (右B)","12:45","晴","良","1","2","4","ヒットザグラウンド","牝3","牝","3","55.0","落合玄","1:08.4","","3.0","6.6","34.3","6-5","栗東四位","448(-2)","https://race.netkeiba.com/race/result.html?race_id=202502011206&rf=race_list"
"868","2","2025年7月20日","函館","6R","3歳未勝利","芝1200m (右B)","12:45","晴","良","2","4","8","アセンディア","牝3","牝","3","55.0","武豊","1:08.5","1","1.0","2.5","34.8","2-2","美浦田中勝","444(0)","https://race.netkeiba.com/race/result.html?race_id=202502011206&rf=race_list"
"869","3","2025年7月20日","函館","6R","3歳未勝利","芝1200m (右B)","12:45","晴","良","3","4","7","グリフォン","牝3","牝","3","52.0","▲古川奈","1:08.7","3/4","7.0","15.3","35.1","1-1","栗東小椋","426(-2)","https://race.netkeiba.com/race/result.html?race_id=202502011206&rf=race_list"
"870","4","2025年7月20日","函館","6R","3歳未勝利","芝1200m (右B)","12:45","晴","良","4","1","1","ペタルブランシュ","牝3","牝","3","55.0","横山和","1:08.7","クビ","6.0","14.9","34.6","6-5","美浦村田","404(0)","https://race.netkeiba.com/race/result.html?race_id=202502011206&rf=race_list"
"871","5","2025年7月20日","函館","6R","3歳未勝利","芝1200m (右B)","12:45","晴","良","5","1","2","ヒロノエクスカリバ","牡3","牡","3","57.0","菅原隆","1:08.8","1/2","5.0","11.2","34.3","10-7","美浦小手川","442(0)","https://race.netkeiba.com/race/result.html?race_id=202502011206&rf=race_list"
"872","6","2025年7月20日","函館","6R","3歳未勝利","芝1200m (右B)","12:45","晴","良","6","3","6","スピリットサージ","牝3","牝","3","55.0","佐々木","1:08.9","3/4","2.0","5.5","35.0","3-3","栗東須貝","452(0)","https://race.netkeiba.com/race/result.html?race_id=202502011206&rf=race_list"
"873","7","2025年7月20日","函館","6R","3歳未勝利","芝1200m (右B)","12:45","晴","良","7","3","5","ラースアルアイン","牡3","牡","3","57.0","黛","1:08.9","ハナ","4.0","7.2","34.0","12-10","美浦中川","544(+6)","https://race.netkeiba.com/race/result.html?race_id=202502011206&rf=race_list"
"874","8","2025年7月20日","函館","6R","3歳未勝利","芝1200m (右B)","12:45","晴","良","8","5","10","アルデヤーノ","牡3","牡","3","57.0","松岡","1:09.0","3/4","9.0","43.1","34.5","10-7","美浦矢野","476(-2)","https://race.netkeiba.com/race/result.html?race_id=202502011206&rf=race_list"
"875","9","2025年7月20日","函館","6R","3歳未勝利","芝1200m (右B)","12:45","晴","良","9","7","13","ピースオブライツ","牝3","牝","3","55.0","藤岡佑","1:09.1","1/2","13.0","62.0","34.2","12-10","栗東武英","422(+4)","https://race.netkeiba.com/race/result.html?race_id=202502011206&rf=race_list"
"876","10","2025年7月20日","函館","6R","3歳未勝利","芝1200m (右B)","12:45","晴","良","10","2","3","ウィステリアベル","牝3","牝","3","52.0","▲鷲頭","1:09.3","1","10.0","47.8","35.3","3-3","美浦蛯名正","434(0)","https://race.netkeiba.com/race/result.html?race_id=202502011206&rf=race_list"
"877","11","2025年7月20日","函館","6R","3歳未勝利","芝1200m (右B)","12:45","晴","良","11","8","15","ユナホークパワー","牝3","牝","3","52.0","▲橋木","1:09.4","1/2","14.0","116.9","33.9","15-15","美浦小西","452(+6)","https://race.netkeiba.com/race/result.html?race_id=202502011206&rf=race_list"
"878","12","2025年7月20日","函館","6R","3歳未勝利","芝1200m (右B)","12:45","晴","良","12","5","9","ブラヴォケラトプス","牡3","牡","3","53.0","★小林美","1:09.4","クビ","8.0","20.0","34.2","14-14","美浦辻","502(-6)","https://race.netkeiba.com/race/result.html?race_id=202502011206&rf=race_list"
"879","13","2025年7月20日","函館","6R","3歳未勝利","芝1200m (右B)","12:45","晴","良","13","7","14","ファリア","牡3","牡","3","54.0","▲柴田裕","1:09.8","2.1/2","15.0","180.7","34.3","15-16","美浦土田","450(+6)","https://race.netkeiba.com/race/result.html?race_id=202502011206&rf=race_list"
"880","14","2025年7月20日","函館","6R","3歳未勝利","芝1200m (右B)","12:45","晴","良","14","6","12","ミリオンヒット","牝3","牝","3","52.0","▲森田","1:10.0","1.1/2","16.0","323.0","35.6","9-10","美浦伊坂","398(+2)","https://race.netkeiba.com/race/result.html?race_id=202502011206&rf=race_list"
"881","15","2025年7月20日","函館","6R","3歳未勝利","芝1200m (右B)","12:45","晴","良","15","6","11","クリフウォーク","牝3","牝","3","52.0","▲和田陽","1:10.3","1.3/4","12.0","60.3","36.1","6-10","栗東池添","470(0)","https://race.netkeiba.com/race/result.html?race_id=202502011206&rf=race_list"
"882","16","2025年7月20日","函館","6R","3歳未勝利","芝1200m (右B)","12:45","晴","良","16","8","16","アイズミサクラ","牝3","牝","3","54.0","☆松本","1:11.0","4","11.0","56.9","37.1","3-9","栗東牧田","448(+12)","https://race.netkeiba.com/race/result.html?race_id=202502011206&rf=race_list"
"883","1","2025年7月20日","函館","7R","3歳以上1勝クラス","ダ1000m (右)","13:15","晴","良","1","3","3","パールフロント","牝3","牝","3","53.0","川又","0:58.9","","3.0","4.0","35.1","7-7","栗東寺島","542(+10)","https://race.netkeiba.com/race/result.html?race_id=202502011207&rf=race_list"
"884","2","2025年7月20日","函館","7R","3歳以上1勝クラス","ダ1000m (右)","13:15","晴","良","2","8","12","ビーマックス","牡3","牡","3","51.0","★小林美","0:58.9","ハナ","2.0","4.0","36.1","1-2","栗東藤野","502(0)","https://race.netkeiba.com/race/result.html?race_id=202502011207&rf=race_list"
"885","3","2025年7月20日","函館","7R","3歳以上1勝クラス","ダ1000m (右)","13:15","晴","良","3","6","7","ミッキーマカパ","牡3","牡","3","52.0","▲舟山","0:59.3","2","4.0","5.5","36.2","3-3","美浦田中博","514(-6)","https://race.netkeiba.com/race/result.html?race_id=202502011207&rf=race_list"
"886","4","2025年7月20日","函館","7R","3歳以上1勝クラス","ダ1000m (右)","13:15","晴","良","4","4","4","フェリーニ","牡4","牡","4","58.0","藤岡佑","0:59.3","アタマ","5.0","15.2","34.9","11-11","栗東橋口","510(+4)","https://race.netkeiba.com/race/result.html?race_id=202502011207&rf=race_list"
"887","5","2025年7月20日","函館","7R","3歳以上1勝クラス","ダ1000m (右)","13:15","晴","良","5","7","10","ストラテージュ","牡3","牡","3","52.0","▲古川奈","0:59.3","ハナ","6.0","15.4","35.7","5-5","栗東矢作","460(0)","https://race.netkeiba.com/race/result.html?race_id=202502011207&rf=race_list"
"888","6","2025年7月20日","函館","7R","3歳以上1勝クラス","ダ1000m (右)","13:15","晴","良","6","2","2","ルシード","牡3","牡","3","55.0","浜中","0:59.4","3/4","1.0","3.0","35.5","7-8","美浦田島","506(-4)","https://race.netkeiba.com/race/result.html?race_id=202502011207&rf=race_list"
"889","7","2025年7月20日","函館","7R","3歳以上1勝クラス","ダ1000m (右)","13:15","晴","良","7","7","9","タミゼ","牝4","牝","4","53.0","▲和田陽","0:59.4","ハナ","8.0","36.1","36.3","3-4","栗東平田","490(+4)","https://race.netkeiba.com/race/result.html?race_id=202502011207&rf=race_list"
"890","8","2025年7月20日","函館","7R","3歳以上1勝クラス","ダ1000m (右)","13:15","晴","良","8","5","6","スパークルジョイ","牝4","牝","4","53.0","▲森田","0:59.5","1/2","7.0","26.2","36.7","2-1","栗東前川","454(-2)","https://race.netkeiba.com/race/result.html?race_id=202502011207&rf=race_list"
"891","9","2025年7月20日","函館","7R","3歳以上1勝クラス","ダ1000m (右)","13:15","晴","良","9","5","5","ゲクウ","牡3","牡","3","55.0","菅原隆","0:59.8","1.3/4","12.0","203.9","35.6","10-9","美浦小手川","502(0)","https://race.netkeiba.com/race/result.html?race_id=202502011207&rf=race_list"
"892","10","2025年7月20日","函館","7R","3歳以上1勝クラス","ダ1000m (右)","13:15","晴","良","10","1","1","ベニシア","牝4","牝","4","55.0","☆松本","0:59.9","1/2","11.0","90.2","35.8","9-9","美浦粕谷","448(+10)","https://race.netkeiba.com/race/result.html?race_id=202502011207&rf=race_list"
"893","11","2025年7月20日","函館","7R","3歳以上1勝クラス","ダ1000m (右)","13:15","晴","良","11","8","11","ミスターディジェイ","牡4","牡","4","58.0","菱田","1:00.1","1","9.0","48.8","36.6","5-5","美浦清水英","546(0)","https://race.netkeiba.com/race/result.html?race_id=202502011207&rf=race_list"
"894","12","2025年7月20日","函館","7R","3歳以上1勝クラス","ダ1000m (右)","13:15","晴","良","12","6","8","スピニングマーリン","牝5","牝","5","56.0","丹内","1:00.3","1.1/2","10.0","53.6","35.5","12-12","美浦西田","494(0)","https://race.netkeiba.com/race/result.html?race_id=202502011207&rf=race_list"
"895","1","2025年7月20日","函館","8R","3歳以上1勝クラス","芝2600m (右B)","13:45","晴","良","1","2","2","レクスノヴァス","牡3","牡","3","55.0","横山和","2:39.0","","1.0","1.5","35.0","2-2-2-2","栗東上村","492(-2)","https://race.netkeiba.com/race/result.html?race_id=202502011208&rf=race_list"
"896","2","2025年7月20日","函館","8R","3歳以上1勝クラス","芝2600m (右B)","13:45","晴","良","2","4","4","マイファミリー","牡4","牡","4","58.0","黛","2:39.3","1.1/2","2.0","5.5","35.0","5-5-3-3","美浦深山","448(+2)","https://race.netkeiba.com/race/result.html?race_id=202502011208&rf=race_list"
"897","3","2025年7月20日","函館","8R","3歳以上1勝クラス","芝2600m (右B)","13:45","晴","良","3","3","3","バルナバ","牡3","牡","3","55.0","佐々木","2:39.6","2","3.0","7.5","35.3","2-4-3-3","栗東浜田","516(+22)","https://race.netkeiba.com/race/result.html?race_id=202502011208&rf=race_list"
"898","4","2025年7月20日","函館","8R","3歳以上1勝クラス","芝2600m (右B)","13:45","晴","良","4","1","1","ヤコブセン","牡3","牡","3","55.0","鮫島駿","2:39.7","3/4","5.0","12.7","35.7","1-1-1-1","美浦斎藤誠","502(0)","https://race.netkeiba.com/race/result.html?race_id=202502011208&rf=race_list"
"899","5","2025年7月20日","函館","8R","3歳以上1勝クラス","芝2600m (右B)","13:45","晴","良","5","7","7","ペリプルス","牡5","牡","5","58.0","吉田隼","2:39.7","クビ","7.0","19.7","35.2","5-6-7-5","美浦佐藤吉","450(+2)","https://race.netkeiba.com/race/result.html?race_id=202502011208&rf=race_list"
"900","6","2025年7月20日","函館","8R","3歳以上1勝クラス","芝2600m (右B)","13:45","晴","良","6","8","8","コンテソレーラ","牝4","牝","4","56.0","武豊","2:40.8","7","4.0","10.5","36.6","2-2-3-5","美浦手塚久","494(+6)","https://race.netkeiba.com/race/result.html?race_id=202502011208&rf=race_list"
"901","7","2025年7月20日","函館","8R","3歳以上1勝クラス","芝2600m (右B)","13:45","晴","良","7","5","5","マハートマーベル","牡3","牡","3","55.0","丹内","2:40.9","クビ","8.0","40.4","36.5","7-6-6-8","栗東西村","460(0)","https://race.netkeiba.com/race/result.html?race_id=202502011208&rf=race_list"
"902","8","2025年7月20日","函館","8R","3歳以上1勝クラス","芝2600m (右B)","13:45","晴","良","8","6","6","オールデュスヴラン","牡4","牡","4","58.0","キング","2:41.9","6","6.0","17.2","37.4","8-8-7-5","栗東池江","498(0)","https://race.netkeiba.com/race/result.html?race_id=202502011208&rf=race_list"
"903","9","2025年7月20日","函館","8R","3歳以上1勝クラス","芝2600m (右B)","13:45","晴","良","9","8","9","コーラスライン","牝6","牝","6","53.0","▲柴田裕","2:42.1","1.1/4","9.0","160.9","37.2","9-9-9-9","美浦本間","448(0)","https://race.netkeiba.com/race/result.html?race_id=202502011208&rf=race_list"
"904","1","2025年7月20日","函館","9R","潮騒特別","芝1200m (右B)","14:15","晴","良","1","2","2","モズナナスター","牝3","牝","3","53.0","横山武","1:07.9","","2.0","5.6","34.2","2-2","栗東矢作","440(-6)","https://race.netkeiba.com/race/result.html?race_id=202502011209&rf=race_list"
"905","2","2025年7月20日","函館","9R","潮騒特別","芝1200m (右B)","14:15","晴","良","2","4","4","ピコアーガイル","牡4","牡","4","58.0","佐々木","1:08.2","2","5.0","9.5","34.5","1-1","美浦伊藤大","488(+2)","https://race.netkeiba.com/race/result.html?race_id=202502011209&rf=race_list"
"906","3","2025年7月20日","函館","9R","潮騒特別","芝1200m (右B)","14:15","晴","良","3","4","5","ハートホイップ","牝6","牝","6","56.0","黛","1:08.3","クビ","11.0","64.6","34.1","5-5","美浦蛯名利","492(-4)","https://race.netkeiba.com/race/result.html?race_id=202502011209&rf=race_list"
"907","4","2025年7月20日","函館","9R","潮騒特別","芝1200m (右B)","14:15","晴","良","4","8","13","ヴァンヴィーヴ","牡4","牡","4","58.0","キング","1:08.3","クビ","3.0","6.1","33.9","8-8","栗東牧浦","500(-4)","https://race.netkeiba.com/race/result.html?race_id=202502011209&rf=race_list"
"908","5","2025年7月20日","函館","9R","潮騒特別","芝1200m (右B)","14:15","晴","良","5","6","8","スーパーマン","牡5","牡","5","58.0","松本","1:08.3","ハナ","13.0","150.9","33.9","8-8","美浦岩戸","488(-2)","https://race.netkeiba.com/race/result.html?race_id=202502011209&rf=race_list"
"909","6","2025年7月20日","函館","9R","潮騒特別","芝1200m (右B)","14:15","晴","良","6","6","9","リリーフィールド","牝3","牝","3","53.0","武豊","1:08.3","ハナ","1.0","2.7","33.6","10-10","栗東小崎","430(-4)","https://race.netkeiba.com/race/result.html?race_id=202502011209&rf=race_list"
"910","7","2025年7月20日","函館","9R","潮騒特別","芝1200m (右B)","14:15","晴","良","7","7","10","アップストローク","セ6","セ","6","58.0","丹内","1:08.5","1.1/4","8.0","29.7","33.9","10-10","美浦杉浦","462(0)","https://race.netkeiba.com/race/result.html?race_id=202502011209&rf=race_list"
"911","8","2025年7月20日","函館","9R","潮騒特別","芝1200m (右B)","14:15","晴","良","8","5","6","アニトラ","牝5","牝","5","56.0","小林美","1:08.6","アタマ","6.0","9.8","34.6","3-3","美浦矢嶋","464(+8)","https://race.netkeiba.com/race/result.html?race_id=202502011209&rf=race_list"
"912","9","2025年7月20日","函館","9R","潮騒特別","芝1200m (右B)","14:15","晴","良","9","8","12","スイミーユニバンス","牝5","牝","5","56.0","藤岡佑","1:08.6","アタマ","9.0","33.7","33.7","13-12","栗東平田","444(+8)","https://race.netkeiba.com/race/result.html?race_id=202502011209&rf=race_list"
"913","10","2025年7月20日","函館","9R","潮騒特別","芝1200m (右B)","14:15","晴","良","10","1","1","トウカイエルデ","牡4","牡","4","58.0","鮫島駿","1:08.6","ハナ","7.0","10.9","33.8","12-12","栗東茶木","458(+6)","https://race.netkeiba.com/race/result.html?race_id=202502011209&rf=race_list"
"914","11","2025年7月20日","函館","9R","潮騒特別","芝1200m (右B)","14:15","晴","良","11","7","11","スクルプトーリス","牝5","牝","5","56.0","斎藤","1:08.6","クビ","12.0","90.2","34.4","5-6","栗東松下","478(-6)","https://race.netkeiba.com/race/result.html?race_id=202502011209&rf=race_list"
"915","12","2025年7月20日","函館","9R","潮騒特別","芝1200m (右B)","14:15","晴","良","12","5","7","アスクドリームモア","牡5","牡","5","58.0","舟山","1:08.6","アタマ","10.0","35.7","34.4","5-6","栗東藤原","528(-6)","https://race.netkeiba.com/race/result.html?race_id=202502011209&rf=race_list"
"916","13","2025年7月20日","函館","9R","潮騒特別","芝1200m (右B)","14:15","晴","良","13","3","3","キョウエイボニータ","牝3","牝","3","53.0","松岡","1:08.9","1.3/4","4.0","8.1","34.9","3-3","美浦伊藤伸","468(+14)","https://race.netkeiba.com/race/result.html?race_id=202502011209&rf=race_list"
"917","1","2025年7月20日","函館","10R","駒場特別","ダ1700m (右)","14:50","晴","良","1","6","8","グレイテストソング","牡3","牡","3","55.0","佐々木","1:45.6","","1.0","3.0","37.3","5-5-4-3","美浦小笠","436(0)","https://race.netkeiba.com/race/result.html?race_id=202502011210&rf=race_list"
"918","2","2025年7月20日","函館","10R","駒場特別","ダ1700m (右)","14:50","晴","良","2","2","2","プラムダンディ","牡4","牡","4","58.0","吉田隼","1:45.7","3/4","6.0","8.0","36.8","9-9-11-10","美浦尾形","460(+10)","https://race.netkeiba.com/race/result.html?race_id=202502011210&rf=race_list"
"919","3","2025年7月20日","函館","10R","駒場特別","ダ1700m (右)","14:50","晴","良","3","7","10","メイショウタムシバ","牝4","牝","4","56.0","武豊","1:45.8","アタマ","3.0","6.5","37.9","2-2-1-1","栗東飯田","430(+18)","https://race.netkeiba.com/race/result.html?race_id=202502011210&rf=race_list"
"920","4","2025年7月20日","函館","10R","駒場特別","ダ1700m (右)","14:50","晴","良","4","5","6","タイセイミッション","セ4","セ","4","58.0","黛","1:45.8","ハナ","5.0","7.6","37.7","9-9-3-3","美浦伊藤圭","528(+2)","https://race.netkeiba.com/race/result.html?race_id=202502011210&rf=race_list"
"921","5","2025年7月20日","函館","10R","駒場特別","ダ1700m (右)","14:50","晴","良","5","5","5","ワンダーカモン","牡4","牡","4","58.0","川又","1:46.1","2","8.0","19.2","37.5","7-7-8-6","栗東吉村","482(+10)","https://race.netkeiba.com/race/result.html?race_id=202502011210&rf=race_list"
"922","6","2025年7月20日","函館","10R","駒場特別","ダ1700m (右)","14:50","晴","良","6","6","7","デフィニティーボ","牡4","牡","4","58.0","横山和","1:46.1","ハナ","10.0","45.1","37.4","12-12-8-6","美浦上原佑","486(+10)","https://race.netkeiba.com/race/result.html?race_id=202502011210&rf=race_list"
"923","7","2025年7月20日","函館","10R","駒場特別","ダ1700m (右)","14:50","晴","良","7","1","1","アレクサ","牡5","牡","5","58.0","斎藤","1:46.4","1.1/2","9.0","24.4","37.8","7-7-8-6","美浦斎藤誠","518(+2)","https://race.netkeiba.com/race/result.html?race_id=202502011210&rf=race_list"
"924","8","2025年7月20日","函館","10R","駒場特別","ダ1700m (右)","14:50","晴","良","8","8","12","ブレイゼスト","牡5","牡","5","58.0","丹内","1:46.5","1/2","2.0","5.7","38.5","3-3-2-2","美浦牧","528(+8)","https://race.netkeiba.com/race/result.html?race_id=202502011210&rf=race_list"
"925","9","2025年7月20日","函館","10R","駒場特別","ダ1700m (右)","14:50","晴","良","9","8","11","グランドセントラル","牡4","牡","4","58.0","池添","1:47.1","4","4.0","7.4","38.7","5-5-6-6","栗東北出","480(+2)","https://race.netkeiba.com/race/result.html?race_id=202502011210&rf=race_list"
"926","10","2025年7月20日","函館","10R","駒場特別","ダ1700m (右)","14:50","晴","良","10","3","3","クロドラバール","セ4","セ","4","58.0","鮫島駿","1:47.2","1/2","7.0","13.6","38.9","3-3-4-5","栗東杉山晴","516(0)","https://race.netkeiba.com/race/result.html?race_id=202502011210&rf=race_list"
"927","11","2025年7月20日","函館","10R","駒場特別","ダ1700m (右)","14:50","晴","良","11","4","4","ルージュシュエット","牝4","牝","4","56.0","古川奈","1:47.9","4","11.0","120.6","38.7","11-11-12-12","栗東矢作","442(-8)","https://race.netkeiba.com/race/result.html?race_id=202502011210&rf=race_list"
"928","12","2025年7月20日","函館","10R","駒場特別","ダ1700m (右)","14:50","晴","良","12","7","9","スカンジナビア","牝6","牝","6","56.0","荻野琢","1:48.9","6","12.0","126.1","40.4","1-1-6-11","栗東安達","492(+6)","https://race.netkeiba.com/race/result.html?race_id=202502011210&rf=race_list"
"929","1","2025年7月20日","函館","11R","函館2歳S","芝1200m (右B)","15:25","晴","良","1","5","5","エイシンディード","牡2","牡","2","55.0","キング","1:08.4","","9.0","48.7","34.1","1-1","栗東大久保","448(-6)","https://race.netkeiba.com/race/result.html?race_id=202502011211&rf=race_list"
"930","2","2025年7月20日","函館","11R","函館2歳S","芝1200m (右B)","15:25","晴","良","2","6","8","ブラックチャリス","牝2","牝","2","55.0","浜中","1:08.7","2","1.0","2.5","34.1","2-2","栗東武幸","436(+4)","https://race.netkeiba.com/race/result.html?race_id=202502011211&rf=race_list"
"931","3","2025年7月20日","函館","11R","函館2歳S","芝1200m (右B)","15:25","晴","良","3","2","2","カイショー","牝2","牝","2","55.0","池添","1:09.0","1.3/4","2.0","2.6","34.2","4-3","栗東長谷川","454(+2)","https://race.netkeiba.com/race/result.html?race_id=202502011211&rf=race_list"
"932","4","2025年7月20日","函館","11R","函館2歳S","芝1200m (右B)","15:25","晴","良","4","4","4","タガノアラリア","牡2","牡","2","55.0","斎藤","1:09.1","1/2","3.0","7.8","34.3","4-5","栗東西園翔","434(0)","https://race.netkeiba.com/race/result.html?race_id=202502011211&rf=race_list"
"933","5","2025年7月20日","函館","11R","函館2歳S","芝1200m (右B)","15:25","晴","良","5","7","10","スターオブロンドン","牡2","牡","2","55.0","古川奈","1:09.4","2","7.0","18.4","34.5","7-7","栗東矢作","470(-6)","https://race.netkeiba.com/race/result.html?race_id=202502011211&rf=race_list"
"934","6","2025年7月20日","函館","11R","函館2歳S","芝1200m (右B)","15:25","晴","良","6","6","7","クラディスティーナ","牡2","牡","2","55.0","横山武","1:09.5","1/2","4.0","12.7","34.4","8-7","美浦清水英","480(+4)","https://race.netkeiba.com/race/result.html?race_id=202502011211&rf=race_list"
"935","7","2025年7月20日","函館","11R","函館2歳S","芝1200m (右B)","15:25","晴","良","7","8","11","トウカイマシェリ","牝2","牝","2","55.0","鮫島駿","1:09.6","クビ","5.0","14.6","34.3","10-9","栗東高柳大","448(+4)","https://race.netkeiba.com/race/result.html?race_id=202502011211&rf=race_list"
"936","8","2025年7月20日","函館","11R","函館2歳S","芝1200m (右B)","15:25","晴","良","8","1","1","ノアールビーナス","牝2","牝","2","55.0","川又","1:09.7","3/4","11.0","65.5","34.7","8-9","栗東杉山佳","430(+4)","https://race.netkeiba.com/race/result.html?race_id=202502011211&rf=race_list"
"937","9","2025年7月20日","函館","11R","函館2歳S","芝1200m (右B)","15:25","晴","良","9","5","6","ウレシイゴサン","牡2","牡","2","55.0","黛","1:09.7","クビ","12.0","156.6","34.2","12-12","美浦伊藤大","476(0)","https://race.netkeiba.com/race/result.html?race_id=202502011211&rf=race_list"
"938","10","2025年7月20日","函館","11R","函館2歳S","芝1200m (右B)","15:25","晴","良","10","7","9","スペシャルチャンス","牡2","牡","2","55.0","落合玄","1:10.0","1.1/2","10.0","49.1","35.3","3-4","地方田中淳","424(-4)","https://race.netkeiba.com/race/result.html?race_id=202502011211&rf=race_list"
"939","11","2025年7月20日","函館","11R","函館2歳S","芝1200m (右B)","15:25","晴","良","11","3","3","エスカレイト","牝2","牝","2","55.0","丹内","1:10.0","ハナ","6.0","18.3","34.7","10-9","栗東小栗","442(+6)","https://race.netkeiba.com/race/result.html?race_id=202502011211&rf=race_list"
"940","12","2025年7月20日","函館","11R","函館2歳S","芝1200m (右B)","15:25","晴","良","12","8","12","マイオウンウェイ","牡2","牡","2","55.0","佐々木","1:10.3","1.3/4","8.0","20.7","35.5","4-6","栗東高野","432(+4)","https://race.netkeiba.com/race/result.html?race_id=202502011211&rf=race_list"
"941","1","2025年7月20日","函館","12R","3歳以上1勝クラス","ダ1700m (右)","16:05","晴","良","1","8","13","オカメノコイ","牝3","牝","3","50.0","▲鷲頭","1:45.6","","4.0","6.0","38.1","10-9-6-7","美浦小笠","466(+4)","https://race.netkeiba.com/race/result.html?race_id=202502011212&rf=race_list"
"942","2","2025年7月20日","函館","12R","3歳以上1勝クラス","ダ1700m (右)","16:05","晴","良","2","7","11","ホウオウバローロ","牡4","牡","4","55.0","▲舟山","1:45.7","1","2.0","4.8","38.5","7-3-3-2","栗東前川","458(-4)","https://race.netkeiba.com/race/result.html?race_id=202502011212&rf=race_list"
"943","3","2025年7月20日","函館","12R","3歳以上1勝クラス","ダ1700m (右)","16:05","晴","良","3","5","7","アーロンイメル","牡4","牡","4","58.0","丹内","1:46.0","2","6.0","8.8","39.0","2-2-2-1","栗東高橋忠","500(-2)","https://race.netkeiba.com/race/result.html?race_id=202502011212&rf=race_list"
"944","4","2025年7月20日","函館","12R","3歳以上1勝クラス","ダ1700m (右)","16:05","晴","良","4","4","5","ブルーゴールド","牡5","牡","5","58.0","佐々木","1:46.1","クビ","11.0","63.2","37.5","10-11-12-12","美浦根本","528(+8)","https://race.netkeiba.com/race/result.html?race_id=202502011212&rf=race_list"
"945","5","2025年7月20日","函館","12R","3歳以上1勝クラス","ダ1700m (右)","16:05","晴","良","5","4","4","チェイスザウィンド","牡4","牡","4","57.0","☆松本","1:46.1","ハナ","13.0","198.3","37.7","12-12-10-9","美浦石栗","496(0)","https://race.netkeiba.com/race/result.html?race_id=202502011212&rf=race_list"
"946","6","2025年7月20日","函館","12R","3歳以上1勝クラス","ダ1700m (右)","16:05","晴","良","6","1","1","マシュー","牡4","牡","4","54.0","★小林美","1:46.3","1.1/4","5.0","7.6","39.4","1-1-1-2","美浦尾形","484(+14)","https://race.netkeiba.com/race/result.html?race_id=202502011212&rf=race_list"
"947","7","2025年7月20日","函館","12R","3歳以上1勝クラス","ダ1700m (右)","16:05","晴","良","7","7","10","スマートカイロス","牡3","牡","3","55.0","黛","1:46.5","1","8.0","13.1","38.9","4-6-8-8","栗東矢作","500(-8)","https://race.netkeiba.com/race/result.html?race_id=202502011212&rf=race_list"
"948","8","2025年7月20日","函館","12R","3歳以上1勝クラス","ダ1700m (右)","16:05","晴","良","8","6","9","ブルーカミング","牡3","牡","3","52.0","▲古川奈","1:46.5","クビ","9.0","28.7","39.0","6-7-6-5","栗東牧浦","476(-2)","https://race.netkeiba.com/race/result.html?race_id=202502011212&rf=race_list"
"949","9","2025年7月20日","函館","12R","3歳以上1勝クラス","ダ1700m (右)","16:05","晴","良","9","3","3","ミッキーコンドル","牡3","牡","3","55.0","池添","1:46.7","1","1.0","4.7","39.4","4-3-5-5","栗東大久保","454(+6)","https://race.netkeiba.com/race/result.html?race_id=202502011212&rf=race_list"
"950","10","2025年7月20日","函館","12R","3歳以上1勝クラス","ダ1700m (右)","16:05","晴","良","10","5","6","ダオラダオラ","セ5","セ","5","58.0","落合玄","1:47.3","4","12.0","152.6","39.0","9-9-10-10","美浦加藤和","484(+4)","https://race.netkeiba.com/race/result.html?race_id=202502011212&rf=race_list"
"951","11","2025年7月20日","函館","12R","3歳以上1勝クラス","ダ1700m (右)","16:05","晴","良","11","8","12","キングベルベット","セ4","セ","4","58.0","キング","1:47.3","クビ","3.0","5.6","39.1","7-7-9-10","美浦国枝","490(0)","https://race.netkeiba.com/race/result.html?race_id=202502011212&rf=race_list"
"952","12","2025年7月20日","函館","12R","3歳以上1勝クラス","ダ1700m (右)","16:05","晴","良","12","6","8","メイショウアイナ","牡3","牡","3","55.0","鮫島駿","1:47.6","1.1/2","7.0","11.1","40.4","3-3-3-4","栗東石橋","486(+12)","https://race.netkeiba.com/race/result.html?race_id=202502011212&rf=race_list"
"953","13","2025年7月20日","函館","12R","3歳以上1勝クラス","ダ1700m (右)","16:05","晴","良","中止","2","2","ジョセフィーナ","牝4","牝","4","53.0","▲和田陽","","","10.0","46.9","","","栗東今野","398(-2)","https://race.netkeiba.com/race/result.html?race_id=202502011212&rf=race_list"
