"autoNo","No","開催日","開催地","レースNo","レース名","距離","発走時刻","天候","馬場","着順","枠","馬番","馬名","性齢","gender","age","斤量","騎手","タイム","着差","人気","単勝オッズ","後3F","コーナー通過順","厩舎","馬体重(増減)","url"
"1","1","2025年7月26日","新潟","1R","2歳未勝利","ダ1200m (左)","09:45","晴","良","1","4","4","セイウンアインス","牝2","牝","2","53.0","◇今村","1:12.4","","1.0","2.0","37.6","3-3","美浦武藤","442(-4)","https://race.netkeiba.com/race/result.html?race_id=202504020101&rf=race_list"
"2","2","2025年7月26日","新潟","1R","2歳未勝利","ダ1200m (左)","09:45","晴","良","2","3","3","ライヴレッドアイ","牝2","牝","2","55.0","木幡巧","1:12.6","1.1/2","2.0","2.4","38.1","1-1","美浦牧","488(+6)","https://race.netkeiba.com/race/result.html?race_id=202504020101&rf=race_list"
"3","3","2025年7月26日","新潟","1R","2歳未勝利","ダ1200m (左)","09:45","晴","良","3","8","8","ベアゴーフォー","牡2","牡","2","55.0","大野","1:13.4","5","4.0","20.8","38.3","4-4","美浦杉浦","456(-10)","https://race.netkeiba.com/race/result.html?race_id=202504020101&rf=race_list"
"4","4","2025年7月26日","新潟","1R","2歳未勝利","ダ1200m (左)","09:45","晴","良","4","5","5","アドフランマム","牡2","牡","2","55.0","丸山","1:13.7","1.1/2","3.0","5.5","37.5","7-7","栗東本田","506(+6)","https://race.netkeiba.com/race/result.html?race_id=202504020101&rf=race_list"
"5","5","2025年7月26日","新潟","1R","2歳未勝利","ダ1200m (左)","09:45","晴","良","5","1","1","ラインカシウス","牝2","牝","2","52.0","▲遠藤","1:14.0","2","7.0","39.9","38.5","6-5","美浦水野","388(-2)","https://race.netkeiba.com/race/result.html?race_id=202504020101&rf=race_list"
"6","6","2025年7月26日","新潟","1R","2歳未勝利","ダ1200m (左)","09:45","晴","良","6","2","2","サンクスアミリオン","牝2","牝","2","55.0","江田照","1:15.0","6","8.0","45.1","38.2","8-8","美浦金成","484(-4)","https://race.netkeiba.com/race/result.html?race_id=202504020101&rf=race_list"
"7","7","2025年7月26日","新潟","1R","2歳未勝利","ダ1200m (左)","09:45","晴","良","7","7","7","ツトムユニバース","牡2","牡","2","55.0","菊沢","1:15.8","5","5.0","24.5","41.2","2-2","美浦本間","448(-2)","https://race.netkeiba.com/race/result.html?race_id=202504020101&rf=race_list"
"8","8","2025年7月26日","新潟","1R","2歳未勝利","ダ1200m (左)","09:45","晴","良","8","6","6","カゼノハゴロモ","牝2","牝","2","55.0","野中","1:15.8","ハナ","6.0","35.9","40.5","5-5","美浦根本","396(-4)","https://race.netkeiba.com/race/result.html?race_id=202504020101&rf=race_list"
"9","1","2025年7月26日","新潟","2R","2歳新馬","芝1600m (左 外A)","10:20","晴","良","1","3","3","ヒルデグリム","牝2","牝","2","52.0","▲石神道","1:34.6","","9.0","69.5","33.1","7-7","美浦小野","450(0)","https://race.netkeiba.com/race/result.html?race_id=202504020102&rf=race_list"
"10","2","2025年7月26日","新潟","2R","2歳新馬","芝1600m (左 外A)","10:20","晴","良","2","6","7","ラプランセス","牝2","牝","2","55.0","戸崎圭","1:35.0","2.1/2","2.0","3.3","33.0","10-10","美浦斎藤誠","452(0)","https://race.netkeiba.com/race/result.html?race_id=202504020102&rf=race_list"
"11","3","2025年7月26日","新潟","2R","2歳新馬","芝1600m (左 外A)","10:20","晴","良","3","2","2","ニシノマーレ","牝2","牝","2","55.0","菅原明","1:35.0","クビ","8.0","37.4","33.8","5-4","美浦伊藤大","408(0)","https://race.netkeiba.com/race/result.html?race_id=202504020102&rf=race_list"
"12","4","2025年7月26日","新潟","2R","2歳新馬","芝1600m (左 外A)","10:20","晴","良","4","7","10","ドナルンバ","牝2","牝","2","55.0","石橋脩","1:35.1","クビ","5.0","11.8","34.0","2-2","美浦上原佑","454(0)","https://race.netkeiba.com/race/result.html?race_id=202504020102&rf=race_list"
"13","5","2025年7月26日","新潟","2R","2歳新馬","芝1600m (左 外A)","10:20","晴","良","5","8","12","ルージュアストレア","牝2","牝","2","55.0","キング","1:35.2","1/2","3.0","4.2","34.3","1-1","美浦栗田","408(0)","https://race.netkeiba.com/race/result.html?race_id=202504020102&rf=race_list"
"14","6","2025年7月26日","新潟","2R","2歳新馬","芝1600m (左 外A)","10:20","晴","良","6","5","6","ハートニヒヲツケテ","牝2","牝","2","55.0","小林脩","1:35.4","1.1/2","12.0","192.1","33.4","12-12","美浦鈴木慎","392(0)","https://race.netkeiba.com/race/result.html?race_id=202504020102&rf=race_list"
"15","7","2025年7月26日","新潟","2R","2歳新馬","芝1600m (左 外A)","10:20","晴","良","7","7","9","ビアリッツ","牝2","牝","2","55.0","亀田","1:35.4","クビ","7.0","28.0","33.9","7-7","栗東北出","416(0)","https://race.netkeiba.com/race/result.html?race_id=202504020102&rf=race_list"
"16","8","2025年7月26日","新潟","2R","2歳新馬","芝1600m (左 外A)","10:20","晴","良","8","6","8","エイシンウィゾール","牝2","牝","2","55.0","横山琉","1:35.5","3/4","6.0","14.4","34.4","2-2","美浦田中剛","410(0)","https://race.netkeiba.com/race/result.html?race_id=202504020102&rf=race_list"
"17","9","2025年7月26日","新潟","2R","2歳新馬","芝1600m (左 外A)","10:20","晴","良","9","5","5","ボーントゥラブユー","牝2","牝","2","55.0","三浦","1:35.9","2","4.0","8.7","34.1","9-9","美浦小笠","456(0)","https://race.netkeiba.com/race/result.html?race_id=202504020102&rf=race_list"
"18","10","2025年7月26日","新潟","2R","2歳新馬","芝1600m (左 外A)","10:20","晴","良","10","4","4","モンラッシェ","牝2","牝","2","55.0","ルメー","1:35.9","クビ","1.0","2.9","34.6","5-4","美浦木村","482(0)","https://race.netkeiba.com/race/result.html?race_id=202504020102&rf=race_list"
"19","11","2025年7月26日","新潟","2R","2歳新馬","芝1600m (左 外A)","10:20","晴","良","11","1","1","アルバニクス","牝2","牝","2","55.0","大野","1:36.0","1/2","10.0","80.7","34.2","10-10","美浦田村","464(0)","https://race.netkeiba.com/race/result.html?race_id=202504020102&rf=race_list"
"20","12","2025年7月26日","新潟","2R","2歳新馬","芝1600m (左 外A)","10:20","晴","良","12","8","11","ノリチャンボウルズ","牝2","牝","2","55.0","菊沢","1:36.5","3","11.0","103.0","35.2","4-4","栗東西園翔","462(0)","https://race.netkeiba.com/race/result.html?race_id=202504020102&rf=race_list"
"21","1","2025年7月26日","新潟","3R","2歳新馬","芝1400m (左A)","10:50","晴","良","1","3","6","エコロアルバ","牡2","牡","2","55.0","キング","1:21.3","","1.0","3.2","34.0","9-9","美浦田村","464(0)","https://race.netkeiba.com/race/result.html?race_id=202504020103&rf=race_list"
"22","2","2025年7月26日","新潟","3R","2歳新馬","芝1400m (左A)","10:50","晴","良","2","2","3","アパレイユ","牝2","牝","2","55.0","菊沢","1:21.7","2.1/2","2.0","5.1","34.2","11-7","栗東西園翔","466(0)","https://race.netkeiba.com/race/result.html?race_id=202504020103&rf=race_list"
"23","3","2025年7月26日","新潟","3R","2歳新馬","芝1400m (左A)","10:50","晴","良","3","3","5","シャンペトルブーケ","牝2","牝","2","53.0","◇今村","1:21.9","1.1/4","10.0","38.5","35.5","1-1","栗東高橋一","434(0)","https://race.netkeiba.com/race/result.html?race_id=202504020103&rf=race_list"
"24","4","2025年7月26日","新潟","3R","2歳新馬","芝1400m (左A)","10:50","晴","良","4","6","11","ビタールート","牝2","牝","2","55.0","戸崎圭","1:22.2","1.1/2","4.0","6.5","35.5","3-2","栗東奥村豊","460(0)","https://race.netkeiba.com/race/result.html?race_id=202504020103&rf=race_list"
"25","5","2025年7月26日","新潟","3R","2歳新馬","芝1400m (左A)","10:50","晴","良","5","7","13","ガミーヌ","牝2","牝","2","55.0","武藤","1:22.4","1.1/2","16.0","143.1","34.5","13-12","美浦水野","442(0)","https://race.netkeiba.com/race/result.html?race_id=202504020103&rf=race_list"
"26","6","2025年7月26日","新潟","3R","2歳新馬","芝1400m (左A)","10:50","晴","良","6","5","10","ウインマニフィーク","牡2","牡","2","55.0","三浦","1:22.4","クビ","7.0","16.6","35.6","3-5","美浦鈴木慎","454(0)","https://race.netkeiba.com/race/result.html?race_id=202504020103&rf=race_list"
"27","7","2025年7月26日","新潟","3R","2歳新馬","芝1400m (左A)","10:50","晴","良","7","1","2","レヴェンドール","牝2","牝","2","55.0","野中","1:22.6","1.1/4","14.0","97.2","34.4","15-15","美浦柄崎","456(0)","https://race.netkeiba.com/race/result.html?race_id=202504020103&rf=race_list"
"28","8","2025年7月26日","新潟","3R","2歳新馬","芝1400m (左A)","10:50","晴","良","8","6","12","レディリリス","牝2","牝","2","55.0","大野","1:22.6","アタマ","8.0","32.1","34.3","15-15","美浦高柳瑞","440(0)","https://race.netkeiba.com/race/result.html?race_id=202504020103&rf=race_list"
"29","9","2025年7月26日","新潟","3R","2歳新馬","芝1400m (左A)","10:50","晴","良","9","8","17","トレニアムーン","牝2","牝","2","55.0","小林脩","1:22.6","ハナ","18.0","237.6","34.8","12-12","美浦清水英","460(0)","https://race.netkeiba.com/race/result.html?race_id=202504020103&rf=race_list"
"30","10","2025年7月26日","新潟","3R","2歳新馬","芝1400m (左A)","10:50","晴","良","10","2","4","ワトルツリー","牝2","牝","2","55.0","横山琉","1:22.7","クビ","6.0","12.0","34.7","13-12","栗東藤岡","450(0)","https://race.netkeiba.com/race/result.html?race_id=202504020103&rf=race_list"
"31","11","2025年7月26日","新潟","3R","2歳新馬","芝1400m (左A)","10:50","晴","良","11","8","18","フォーエバーラブ","牡2","牡","2","55.0","丸山","1:22.7","クビ","9.0","33.6","35.4","9-7","美浦金成","458(0)","https://race.netkeiba.com/race/result.html?race_id=202504020103&rf=race_list"
"32","12","2025年7月26日","新潟","3R","2歳新馬","芝1400m (左A)","10:50","晴","良","12","8","16","キャストアイズミー","牝2","牝","2","55.0","国分恭","1:23.0","2","12.0","41.5","36.0","7-9","栗東牧浦","480(0)","https://race.netkeiba.com/race/result.html?race_id=202504020103&rf=race_list"
"33","13","2025年7月26日","新潟","3R","2歳新馬","芝1400m (左A)","10:50","晴","良","13","4","8","ウェイヨー","牡2","牡","2","55.0","菅原明","1:23.1","1/2","3.0","6.3","36.3","3-4","栗東森秀","448(0)","https://race.netkeiba.com/race/result.html?race_id=202504020103&rf=race_list"
"34","14","2025年7月26日","新潟","3R","2歳新馬","芝1400m (左A)","10:50","晴","良","14","4","7","カイトアザリー","牝2","牝","2","55.0","柴田大","1:23.2","3/4","15.0","102.1","36.1","7-9","美浦和田雄","424(0)","https://race.netkeiba.com/race/result.html?race_id=202504020103&rf=race_list"
"35","15","2025年7月26日","新潟","3R","2歳新馬","芝1400m (左A)","10:50","晴","良","15","7","14","ザバルガド","牝2","牝","2","55.0","荻野極","1:24.6","8","11.0","39.4","35.4","18-18","美浦奥村武","440(0)","https://race.netkeiba.com/race/result.html?race_id=202504020103&rf=race_list"
"36","16","2025年7月26日","新潟","3R","2歳新馬","芝1400m (左A)","10:50","晴","良","16","1","1","サトミノアカリ","牝2","牝","2","55.0","内田博","1:24.6","クビ","13.0","74.4","36.3","15-17","美浦鈴木伸","474(0)","https://race.netkeiba.com/race/result.html?race_id=202504020103&rf=race_list"
"37","17","2025年7月26日","新潟","3R","2歳新馬","芝1400m (左A)","10:50","晴","良","17","7","15","ボンジュールサヴァ","牡2","牡","2","55.0","木幡巧","1:24.8","1.1/4","17.0","177.3","37.9","6-5","美浦大和田","456(0)","https://race.netkeiba.com/race/result.html?race_id=202504020103&rf=race_list"
"38","18","2025年7月26日","新潟","3R","2歳新馬","芝1400m (左A)","10:50","晴","良","18","5","9","デンプシー","牡2","牡","2","55.0","石川","1:27.0","大","5.0","9.4","40.5","2-2","美浦上原佑","430(0)","https://race.netkeiba.com/race/result.html?race_id=202504020103&rf=race_list"
"39","1","2025年7月26日","新潟","4R","3歳未勝利","ダ1800m (左)","11:20","晴","良","1","1","1","フォンデネージュ","牝3","牝","3","55.0","ルメー","1:53.8","","1.0","1.8","38.6","3-3-3-2","美浦武井","516(0)","https://race.netkeiba.com/race/result.html?race_id=202504020104&rf=race_list"
"40","2","2025年7月26日","新潟","4R","3歳未勝利","ダ1800m (左)","11:20","晴","良","2","4","6","アルマリカシバ","牝3","牝","3","52.0","▲石田","1:53.9","3/4","5.0","15.6","38.9","1-1-1-1","美浦中舘","450(-12)","https://race.netkeiba.com/race/result.html?race_id=202504020104&rf=race_list"
"41","3","2025年7月26日","新潟","4R","3歳未勝利","ダ1800m (左)","11:20","晴","良","3","6","11","サラニキケン","牝3","牝","3","55.0","木幡初","1:54.1","1.1/4","10.0","41.6","38.0","9-9-9-9","美浦竹内","430(+4)","https://race.netkeiba.com/race/result.html?race_id=202504020104&rf=race_list"
"42","4","2025年7月26日","新潟","4R","3歳未勝利","ダ1800m (左)","11:20","晴","良","4","3","4","スリーローズ","牝3","牝","3","52.0","▲川端","1:54.3","1.1/4","13.0","90.0","37.9","11-12-11-11","栗東谷","484(+4)","https://race.netkeiba.com/race/result.html?race_id=202504020104&rf=race_list"
"43","5","2025年7月26日","新潟","4R","3歳未勝利","ダ1800m (左)","11:20","晴","良","5","5","8","ホウオウヌーヴォー","牝3","牝","3","55.0","戸崎圭","1:54.9","3.1/2","3.0","6.7","39.8","2-2-2-2","美浦田島","458(-14)","https://race.netkeiba.com/race/result.html?race_id=202504020104&rf=race_list"
"44","6","2025年7月26日","新潟","4R","3歳未勝利","ダ1800m (左)","11:20","晴","良","6","8","14","ミッキーキャンディ","牝3","牝","3","55.0","菅原明","1:55.1","1","9.0","39.8","39.7","5-6-4-4","美浦国枝","540(-12)","https://race.netkeiba.com/race/result.html?race_id=202504020104&rf=race_list"
"45","7","2025年7月26日","新潟","4R","3歳未勝利","ダ1800m (左)","11:20","晴","良","7","2","2","ヨドギミ","牝3","牝","3","54.0","☆西塚","1:55.1","クビ","12.0","85.1","39.6","5-5-4-5","栗東中村","458(-12)","https://race.netkeiba.com/race/result.html?race_id=202504020104&rf=race_list"
"46","8","2025年7月26日","新潟","4R","3歳未勝利","ダ1800m (左)","11:20","晴","良","8","8","15","フローラルデザイン","牝3","牝","3","55.0","原","1:55.2","クビ","14.0","110.3","39.3","5-7-7-7","美浦畠山","446(0)","https://race.netkeiba.com/race/result.html?race_id=202504020104&rf=race_list"
"47","9","2025年7月26日","新潟","4R","3歳未勝利","ダ1800m (左)","11:20","晴","良","9","4","7","トーアナカヨシ","牝3","牝","3","55.0","菊沢","1:55.4","1.1/2","8.0","38.8","39.5","8-7-7-6","美浦勢司","458(-8)","https://race.netkeiba.com/race/result.html?race_id=202504020104&rf=race_list"
"48","10","2025年7月26日","新潟","4R","3歳未勝利","ダ1800m (左)","11:20","晴","良","10","7","12","クールカグラ","牝3","牝","3","55.0","三浦","1:55.6","3/4","15.0","259.5","39.2","13-13-11-11","美浦和田勇","472(+2)","https://race.netkeiba.com/race/result.html?race_id=202504020104&rf=race_list"
"49","11","2025年7月26日","新潟","4R","3歳未勝利","ダ1800m (左)","11:20","晴","良","11","7","13","ラグナトーレ","牝3","牝","3","55.0","キング","1:55.6","1/2","2.0","4.8","38.8","15-15-15-15","栗東角田","454(-6)","https://race.netkeiba.com/race/result.html?race_id=202504020104&rf=race_list"
"50","12","2025年7月26日","新潟","4R","3歳未勝利","ダ1800m (左)","11:20","晴","良","12","3","5","パッションビラーゴ","牝3","牝","3","55.0","大野","1:55.9","1.3/4","11.0","67.7","39.8","11-10-9-10","美浦武藤","528(+9)","https://race.netkeiba.com/race/result.html?race_id=202504020104&rf=race_list"
"51","13","2025年7月26日","新潟","4R","3歳未勝利","ダ1800m (左)","11:20","晴","良","13","5","9","プラウドモーメント","牝3","牝","3","53.0","◇今村","1:56.0","クビ","4.0","15.4","39.3","14-14-13-13","美浦林","502(+26)","https://race.netkeiba.com/race/result.html?race_id=202504020104&rf=race_list"
"52","14","2025年7月26日","新潟","4R","3歳未勝利","ダ1800m (左)","11:20","晴","良","14","2","3","ドリームパンジャ","牝3","牝","3","52.0","▲石神道","1:56.1","3/4","6.0","18.6","39.5","9-10-13-13","美浦金成","406(0)","https://race.netkeiba.com/race/result.html?race_id=202504020104&rf=race_list"
"53","15","2025年7月26日","新潟","4R","3歳未勝利","ダ1800m (左)","11:20","晴","良","15","6","10","シックスレイヴンズ","牝3","牝","3","55.0","木幡巧","1:57.4","8","7.0","21.9","41.9","3-4-4-7","美浦岩戸","448(0)","https://race.netkeiba.com/race/result.html?race_id=202504020104&rf=race_list"
"54","1","2025年7月26日","新潟","5R","3歳未勝利","芝1800m (左 外A)","11:50","晴","良","1","5","9","ボウウィンドウ","牝3","牝","3","55.0","ルメー","1:46.0","","1.0","2.3","33.1","8-8","美浦武井","466(0)","https://race.netkeiba.com/race/result.html?race_id=202504020105&rf=race_list"
"55","2","2025年7月26日","新潟","5R","3歳未勝利","芝1800m (左 外A)","11:50","晴","良","2","5","10","ミエノフェアリー","牝3","牝","3","55.0","戸崎圭","1:46.2","1.1/2","4.0","6.0","32.9","11-11","美浦古賀","400(+4)","https://race.netkeiba.com/race/result.html?race_id=202504020105&rf=race_list"
"56","3","2025年7月26日","新潟","5R","3歳未勝利","芝1800m (左 外A)","11:50","晴","良","3","4","8","ライネリーベ","牝3","牝","3","55.0","キング","1:46.2","クビ","3.0","5.5","33.3","6-5","美浦木村","412(-2)","https://race.netkeiba.com/race/result.html?race_id=202504020105&rf=race_list"
"57","4","2025年7月26日","新潟","5R","3歳未勝利","芝1800m (左 外A)","11:50","晴","良","4","3","6","マイネルアレス","牡3","牡","3","57.0","石川","1:46.4","1.1/4","2.0","4.1","33.7","3-3","美浦相沢","446(0)","https://race.netkeiba.com/race/result.html?race_id=202504020105&rf=race_list"
"58","5","2025年7月26日","新潟","5R","3歳未勝利","芝1800m (左 外A)","11:50","晴","良","5","7","15","スタニングヴュー","牝3","牝","3","55.0","伊藤","1:46.8","2.1/2","6.0","25.8","34.0","4-5","美浦金成","456(+8)","https://race.netkeiba.com/race/result.html?race_id=202504020105&rf=race_list"
"59","6","2025年7月26日","新潟","5R","3歳未勝利","芝1800m (左 外A)","11:50","晴","良","6","1","1","イサゴールド","牝3","牝","3","55.0","原","1:47.0","1.1/2","8.0","41.2","33.5","14-15","美浦奥村武","410(0)","https://race.netkeiba.com/race/result.html?race_id=202504020105&rf=race_list"
"60","7","2025年7月26日","新潟","5R","3歳未勝利","芝1800m (左 外A)","11:50","晴","良","7","8","16","カドバンソコヂカラ","牡3","牡","3","54.0","▲川端","1:47.3","1.1/2","16.0","290.7","34.8","1-1","美浦千葉","452(-6)","https://race.netkeiba.com/race/result.html?race_id=202504020105&rf=race_list"
"61","8","2025年7月26日","新潟","5R","3歳未勝利","芝1800m (左 外A)","11:50","晴","良","8","1","2","バットスティンガー","牡3","牡","3","57.0","杉原","1:47.3","クビ","5.0","21.3","33.7","16-15","美浦嘉藤","460(0)","https://race.netkeiba.com/race/result.html?race_id=202504020105&rf=race_list"
"62","9","2025年7月26日","新潟","5R","3歳未勝利","芝1800m (左 外A)","11:50","晴","良","9","6","12","ダイユウボンバー","牝3","牝","3","55.0","木幡育","1:47.3","ハナ","15.0","174.6","34.2","10-10","美浦松永康","444(+4)","https://race.netkeiba.com/race/result.html?race_id=202504020105&rf=race_list"
"63","10","2025年7月26日","新潟","5R","3歳未勝利","芝1800m (左 外A)","11:50","晴","良","10","8","17","アドマイヤコーク","セ3","セ","3","57.0","大野","1:47.3","ハナ","11.0","58.6","34.7","2-2","美浦宮田","438(-8)","https://race.netkeiba.com/race/result.html?race_id=202504020105&rf=race_list"
"64","11","2025年7月26日","新潟","5R","3歳未勝利","芝1800m (左 外A)","11:50","晴","良","11","7","14","マーゴットコマチ","牝3","牝","3","55.0","木幡巧","1:47.3","アタマ","10.0","57.9","34.2","8-8","美浦伊坂","422(+10)","https://race.netkeiba.com/race/result.html?race_id=202504020105&rf=race_list"
"65","12","2025年7月26日","新潟","5R","3歳未勝利","芝1800m (左 外A)","11:50","晴","良","12","7","13","フーイナム","牡3","牡","3","57.0","荻野極","1:47.5","3/4","7.0","38.2","34.9","6-3","美浦森一","490(0)","https://race.netkeiba.com/race/result.html?race_id=202504020105&rf=race_list"
"66","13","2025年7月26日","新潟","5R","3歳未勝利","芝1800m (左 外A)","11:50","晴","良","13","3","5","ワカムシャ","牡3","牡","3","57.0","国分恭","1:47.6","1/2","14.0","143.4","34.1","14-14","美浦矢野","484(-10)","https://race.netkeiba.com/race/result.html?race_id=202504020105&rf=race_list"
"67","14","2025年7月26日","新潟","5R","3歳未勝利","芝1800m (左 外A)","11:50","晴","良","14","4","7","タカミノガコイ","牡3","牡","3","57.0","菅原明","1:47.6","ハナ","13.0","98.7","33.7","18-18","美浦栗田","520(+10)","https://race.netkeiba.com/race/result.html?race_id=202504020105&rf=race_list"
"68","15","2025年7月26日","新潟","5R","3歳未勝利","芝1800m (左 外A)","11:50","晴","良","15","6","11","バックパック","牝3","牝","3","55.0","丸山","1:47.6","アタマ","12.0","65.9","34.3","11-11","美浦小笠","452(-4)","https://race.netkeiba.com/race/result.html?race_id=202504020105&rf=race_list"
"69","16","2025年7月26日","新潟","5R","3歳未勝利","芝1800m (左 外A)","11:50","晴","良","16","2","3","ロードオブキング","牡3","牡","3","57.0","内田博","1:47.7","1/2","9.0","49.4","33.9","17-15","美浦中川","442(+2)","https://race.netkeiba.com/race/result.html?race_id=202504020105&rf=race_list"
"70","17","2025年7月26日","新潟","5R","3歳未勝利","芝1800m (左 外A)","11:50","晴","良","17","8","18","ファイアーレッド","牝3","牝","3","52.0","▲石田","1:47.8","1/2","18.0","431.2","34.8","4-5","美浦尾形","404(+2)","https://race.netkeiba.com/race/result.html?race_id=202504020105&rf=race_list"
"71","18","2025年7月26日","新潟","5R","3歳未勝利","芝1800m (左 外A)","11:50","晴","良","18","2","4","アイドルフェスタ","牝3","牝","3","52.0","▲遠藤","1:48.2","2.1/2","17.0","379.7","34.9","11-11","美浦西田","460(+10)","https://race.netkeiba.com/race/result.html?race_id=202504020105&rf=race_list"
"72","1","2025年7月26日","新潟","6R","麒麟山特別","ダ1800m (左)","15:10","晴","良","1","8","15","クラウンシエンタ","牡4","牡","4","58.0","三浦","1:52.4","","1.0","3.1","37.2","1-2-2-1","美浦水野","494(+2)","https://race.netkeiba.com/race/result.html?race_id=202504020106&rf=race_list"
"73","2","2025年7月26日","新潟","6R","麒麟山特別","ダ1800m (左)","15:10","晴","良","2","6","11","タマモキャリコ","セ4","セ","4","58.0","荻野極","1:52.8","2.1/2","8.0","32.2","37.2","6-6-4-3","栗東宮地","416(-12)","https://race.netkeiba.com/race/result.html?race_id=202504020106&rf=race_list"
"74","3","2025年7月26日","新潟","6R","麒麟山特別","ダ1800m (左)","15:10","晴","良","3","5","8","シンビリーブ","牡3","牡","3","55.0","菅原明","1:53.2","2.1/2","2.0","3.9","37.0","13-13-10-10","栗東森秀","520(+5)","https://race.netkeiba.com/race/result.html?race_id=202504020106&rf=race_list"
"75","4","2025年7月26日","新潟","6R","麒麟山特別","ダ1800m (左)","15:10","晴","良","4","4","6","パーサヴィアランス","牡6","牡","6","58.0","菊沢","1:53.3","3/4","7.0","31.5","37.4","10-10-7-5","栗東西村","464(+4)","https://race.netkeiba.com/race/result.html?race_id=202504020106&rf=race_list"
"76","5","2025年7月26日","新潟","6R","麒麟山特別","ダ1800m (左)","15:10","晴","良","5","2","3","ラファールドール","セ4","セ","4","58.0","内田博","1:53.5","1.1/2","12.0","108.2","37.4","7-8-10-9","美浦田島","486(-4)","https://race.netkeiba.com/race/result.html?race_id=202504020106&rf=race_list"
"77","6","2025年7月26日","新潟","6R","麒麟山特別","ダ1800m (左)","15:10","晴","良","6","7","12","ライジンマル","牡4","牡","4","58.0","戸崎圭","1:53.7","3/4","4.0","4.6","38.2","3-3-3-4","美浦竹内","526(0)","https://race.netkeiba.com/race/result.html?race_id=202504020106&rf=race_list"
"78","7","2025年7月26日","新潟","6R","麒麟山特別","ダ1800m (左)","15:10","晴","良","7","1","1","オールマイデイズ","牡5","牡","5","58.0","武藤","1:54.1","2.1/2","10.0","38.2","37.6","10-11-12-12","美浦矢嶋","508(+4)","https://race.netkeiba.com/race/result.html?race_id=202504020106&rf=race_list"
"79","8","2025年7月26日","新潟","6R","麒麟山特別","ダ1800m (左)","15:10","晴","良","8","3","5","パープルナイト","牡5","牡","5","58.0","遠藤","1:54.2","クビ","13.0","109.8","38.5","7-6-4-5","美浦堀内","504(+4)","https://race.netkeiba.com/race/result.html?race_id=202504020106&rf=race_list"
"80","9","2025年7月26日","新潟","6R","麒麟山特別","ダ1800m (左)","15:10","晴","良","9","6","10","トゥピ","牝5","牝","5","56.0","大野","1:54.5","1.3/4","9.0","37.0","37.7","15-15-14-15","美浦田村","476(-2)","https://race.netkeiba.com/race/result.html?race_id=202504020106&rf=race_list"
"81","10","2025年7月26日","新潟","6R","麒麟山特別","ダ1800m (左)","15:10","晴","良","10","8","14","サイモンルモンド","セ8","セ","8","58.0","丸山","1:54.5","クビ","15.0","291.5","37.6","14-14-14-13","美浦根本","452(-2)","https://race.netkeiba.com/race/result.html?race_id=202504020106&rf=race_list"
"82","11","2025年7月26日","新潟","6R","麒麟山特別","ダ1800m (左)","15:10","晴","良","11","7","13","アレスグート","牡3","牡","3","55.0","木幡巧","1:55.2","4","5.0","25.8","39.6","3-3-4-5","美浦牧","456(0)","https://race.netkeiba.com/race/result.html?race_id=202504020106&rf=race_list"
"83","12","2025年7月26日","新潟","6R","麒麟山特別","ダ1800m (左)","15:10","晴","良","12","5","9","シンリミテス","牡6","牡","6","58.0","太宰","1:55.3","3/4","11.0","61.8","39.3","7-8-9-10","栗東大根田","500(+2)","https://race.netkeiba.com/race/result.html?race_id=202504020106&rf=race_list"
"84","13","2025年7月26日","新潟","6R","麒麟山特別","ダ1800m (左)","15:10","晴","良","13","2","2","サンセットブライト","牝4","牝","4","56.0","横山琉","1:55.5","1","6.0","28.0","39.7","3-3-7-8","美浦相沢","498(+2)","https://race.netkeiba.com/race/result.html?race_id=202504020106&rf=race_list"
"85","14","2025年7月26日","新潟","6R","麒麟山特別","ダ1800m (左)","15:10","晴","良","14","4","7","イデアユウシン","牡5","牡","5","58.0","木幡育","1:55.6","1/2","14.0","182.6","39.1","12-11-12-13","美浦松永康","534(-2)","https://race.netkeiba.com/race/result.html?race_id=202504020106&rf=race_list"
"86","15","2025年7月26日","新潟","6R","麒麟山特別","ダ1800m (左)","15:10","晴","良","15","3","4","チザルピーノ","セ4","セ","4","58.0","キング","1:55.7","1/2","3.0","4.3","40.5","2-1-1-2","美浦堀","462(0)","https://race.netkeiba.com/race/result.html?race_id=202504020106&rf=race_list"
"87","1","2025年7月26日","新潟","7R","新潟日報賞","芝1400m (左A)","15:45","晴","良","1","6","6","ワールズエンド","牡4","牡","4","58.0","戸崎圭","1:19.1","","1.0","2.4","33.2","1-1","栗東池添","468(+2)","https://race.netkeiba.com/race/result.html?race_id=202504020107&rf=race_list"
"88","2","2025年7月26日","新潟","7R","新潟日報賞","芝1400m (左A)","15:45","晴","良","2","4","4","ペリファーニア","牝5","牝","5","56.0","ルメー","1:19.7","3.1/2","2.0","3.2","33.7","2-2","美浦鹿戸","508(0)","https://race.netkeiba.com/race/result.html?race_id=202504020107&rf=race_list"
"89","3","2025年7月26日","新潟","7R","新潟日報賞","芝1400m (左A)","15:45","晴","良","3","8","10","アクートゥス","牡5","牡","5","58.0","内田博","1:19.9","1.1/2","9.0","46.8","33.3","5-5","栗東藤原","462(0)","https://race.netkeiba.com/race/result.html?race_id=202504020107&rf=race_list"
"90","4","2025年7月26日","新潟","7R","新潟日報賞","芝1400m (左A)","15:45","晴","良","4","7","7","アームテイル","牝5","牝","5","56.0","大野","1:19.9","クビ","5.0","8.2","33.6","3-3","美浦和田勇","464(-4)","https://race.netkeiba.com/race/result.html?race_id=202504020107&rf=race_list"
"91","5","2025年7月26日","新潟","7R","新潟日報賞","芝1400m (左A)","15:45","晴","良","5","1","1","ヤマニンアドホック","牡4","牡","4","58.0","石川","1:20.1","1.1/4","6.0","25.2","33.6","5-5","美浦辻","454(-6)","https://race.netkeiba.com/race/result.html?race_id=202504020107&rf=race_list"
"92","6","2025年7月26日","新潟","7R","新潟日報賞","芝1400m (左A)","15:45","晴","良","6","7","8","ユキマル","牡5","牡","5","58.0","木幡巧","1:20.2","1/2","4.0","7.6","33.1","9-8","美浦尾形","488(-6)","https://race.netkeiba.com/race/result.html?race_id=202504020107&rf=race_list"
"93","7","2025年7月26日","新潟","7R","新潟日報賞","芝1400m (左A)","15:45","晴","良","7","3","3","イサチルシーサイド","牡4","牡","4","58.0","木幡初","1:20.4","1.1/4","3.0","6.6","34.1","3-3","美浦竹内","480(+4)","https://race.netkeiba.com/race/result.html?race_id=202504020107&rf=race_list"
"94","8","2025年7月26日","新潟","7R","新潟日報賞","芝1400m (左A)","15:45","晴","良","8","5","5","メイショウウネビ","牡6","牡","6","58.0","石橋脩","1:20.7","2","10.0","77.3","33.4","10-10","栗東本田","492(+2)","https://race.netkeiba.com/race/result.html?race_id=202504020107&rf=race_list"
"95","9","2025年7月26日","新潟","7R","新潟日報賞","芝1400m (左A)","15:45","晴","良","9","2","2","ランドオブラヴ","牝5","牝","5","56.0","江田照","1:20.8","1/2","8.0","45.0","34.0","7-7","美浦蛯名正","434(+12)","https://race.netkeiba.com/race/result.html?race_id=202504020107&rf=race_list"
"96","10","2025年7月26日","新潟","7R","新潟日報賞","芝1400m (左A)","15:45","晴","良","10","8","9","ベンダバリラビア","牡5","牡","5","58.0","キング","1:23.3","大","7.0","33.0","36.4","8-8","栗東寺島","534(0)","https://race.netkeiba.com/race/result.html?race_id=202504020107&rf=race_list"
"97","1","2025年7月26日","新潟","8R","閃光特別","芝1000m (直線A)","16:20","晴","良","1","6","9","ハッピーデービー","牝4","牝","4","56.0","横山琉","0:54.7","","5.0","9.9","32.5","1","美浦鈴木伸","456(0)","https://race.netkeiba.com/race/result.html?race_id=202504020108&rf=race_list"
"98","2","2025年7月26日","新潟","8R","閃光特別","芝1000m (直線A)","16:20","晴","良","2","5","7","アルデショワ","牝3","牝","3","53.0","三浦","0:54.9","1.1/4","3.0","5.8","32.5","2","美浦田中博","444(+2)","https://race.netkeiba.com/race/result.html?race_id=202504020108&rf=race_list"
"99","3","2025年7月26日","新潟","8R","閃光特別","芝1000m (直線A)","16:20","晴","良","3","6","10","シュラフ","牝3","牝","3","53.0","丸田","0:54.9","クビ","1.0","3.5","32.1","8","美浦佐藤吉","428(0)","https://race.netkeiba.com/race/result.html?race_id=202504020108&rf=race_list"
"100","4","2025年7月26日","新潟","8R","閃光特別","芝1000m (直線A)","16:20","晴","良","4","7","12","レジーナローズ","牝5","牝","5","56.0","菊沢","0:54.9","アタマ","2.0","4.0","32.3","4","美浦鈴木慎","424(-8)","https://race.netkeiba.com/race/result.html?race_id=202504020108&rf=race_list"
"101","5","2025年7月26日","新潟","8R","閃光特別","芝1000m (直線A)","16:20","晴","良","5","5","8","マジカルガール","牝5","牝","5","56.0","川端","0:55.2","1.3/4","11.0","47.4","32.7","3","美浦本間","424(+10)","https://race.netkeiba.com/race/result.html?race_id=202504020108&rf=race_list"
"102","6","2025年7月26日","新潟","8R","閃光特別","芝1000m (直線A)","16:20","晴","良","6","4","6","ザブルース","牝4","牝","4","56.0","小林凌","0:55.2","ハナ","14.0","219.2","32.4","8","美浦土田","426(+12)","https://race.netkeiba.com/race/result.html?race_id=202504020108&rf=race_list"
"103","7","2025年7月26日","新潟","8R","閃光特別","芝1000m (直線A)","16:20","晴","良","7","7","11","ニシノリアリティ","牡4","牡","4","58.0","今村","0:55.3","3/4","7.0","11.6","32.6","7","美浦田村","516(-6)","https://race.netkeiba.com/race/result.html?race_id=202504020108&rf=race_list"
"104","8","2025年7月26日","新潟","8R","閃光特別","芝1000m (直線A)","16:20","晴","良","8","8","13","アスキーアート","牝5","牝","5","56.0","杉原","0:55.3","ハナ","6.0","11.3","32.7","4","美浦矢嶋","442(+10)","https://race.netkeiba.com/race/result.html?race_id=202504020108&rf=race_list"
"105","9","2025年7月26日","新潟","8R","閃光特別","芝1000m (直線A)","16:20","晴","良","9","2","2","ヒメカミノイタダキ","牡6","牡","6","58.0","大野","0:55.3","ハナ","8.0","27.0","32.7","4","美浦武市","508(-8)","https://race.netkeiba.com/race/result.html?race_id=202504020108&rf=race_list"
"106","10","2025年7月26日","新潟","8R","閃光特別","芝1000m (直線A)","16:20","晴","良","10","8","14","ララヴィエルジュ","牝4","牝","4","56.0","西村太","0:55.4","クビ","9.0","31.4","32.3","14","美浦堀内","414(-2)","https://race.netkeiba.com/race/result.html?race_id=202504020108&rf=race_list"
"107","11","2025年7月26日","新潟","8R","閃光特別","芝1000m (直線A)","16:20","晴","良","11","3","4","ラインパシオン","牝3","牝","3","53.0","江田照","0:55.5","3/4","12.0","64.7","32.5","12","美浦水野","390(-2)","https://race.netkeiba.com/race/result.html?race_id=202504020108&rf=race_list"
"108","12","2025年7月26日","新潟","8R","閃光特別","芝1000m (直線A)","16:20","晴","良","12","4","5","インフローレ","牝3","牝","3","53.0","キング","0:55.5","アタマ","4.0","7.7","32.5","12","栗東寺島","440(+6)","https://race.netkeiba.com/race/result.html?race_id=202504020108&rf=race_list"
"109","13","2025年7月26日","新潟","8R","閃光特別","芝1000m (直線A)","16:20","晴","良","13","3","3","スーパーバイザー","牡4","牡","4","58.0","吉田豊","0:55.7","1.1/4","10.0","35.7","32.8","11","美浦菊沢","474(-6)","https://race.netkeiba.com/race/result.html?race_id=202504020108&rf=race_list"
"110","14","2025年7月26日","新潟","8R","閃光特別","芝1000m (直線A)","16:20","晴","良","14","1","1","インファンタ","牝4","牝","4","56.0","小林脩","0:56.5","5","13.0","97.5","33.7","8","美浦堀内","492(+6)","https://race.netkeiba.com/race/result.html?race_id=202504020108&rf=race_list"
"111","1","2025年7月26日","新潟","9R","3歳未勝利","ダ1200m (左)","16:55","晴","良","1","2","2","ヒルビリーエレジー","牝3","牝","3","55.0","吉田豊","1:12.3","","11.0","35.8","37.2","4-4","美浦戸田","440(+2)","https://race.netkeiba.com/race/result.html?race_id=202504020109&rf=race_list"
"112","2","2025年7月26日","新潟","9R","3歳未勝利","ダ1200m (左)","16:55","晴","良","2","4","6","ハニーローリエ","牝3","牝","3","55.0","キング","1:12.4","1/2","1.0","2.0","37.7","1-1","美浦小手川","484(+16)","https://race.netkeiba.com/race/result.html?race_id=202504020109&rf=race_list"
"113","3","2025年7月26日","新潟","9R","3歳未勝利","ダ1200m (左)","16:55","晴","良","3","7","11","セイウンユズカ","牝3","牝","3","55.0","戸崎圭","1:13.2","5","4.0","12.8","37.6","5-5","美浦村田","458(+4)","https://race.netkeiba.com/race/result.html?race_id=202504020109&rf=race_list"
"114","4","2025年7月26日","新潟","9R","3歳未勝利","ダ1200m (左)","16:55","晴","良","4","3","4","コンパクトファイト","牡3","牡","3","54.0","▲石神道","1:13.2","ハナ","5.0","14.0","37.1","10-10","美浦天間","420(-2)","https://race.netkeiba.com/race/result.html?race_id=202504020109&rf=race_list"
"115","5","2025年7月26日","新潟","9R","3歳未勝利","ダ1200m (左)","16:55","晴","良","5","5","8","ニシノコイブミ","牝3","牝","3","55.0","野中","1:13.2","クビ","8.0","19.9","37.5","5-5","美浦西田","424(+2)","https://race.netkeiba.com/race/result.html?race_id=202504020109&rf=race_list"
"116","6","2025年7月26日","新潟","9R","3歳未勝利","ダ1200m (左)","16:55","晴","良","6","7","12","ララセドラティエ","牝3","牝","3","55.0","原","1:13.7","3","3.0","11.3","38.8","2-2","美浦田中博","538(0)","https://race.netkeiba.com/race/result.html?race_id=202504020109&rf=race_list"
"117","7","2025年7月26日","新潟","9R","3歳未勝利","ダ1200m (左)","16:55","晴","良","7","8","14","シアワセデスカ","牝3","牝","3","55.0","三浦","1:14.0","1.1/2","12.0","77.4","38.1","7-7","美浦蛯名正","426(-6)","https://race.netkeiba.com/race/result.html?race_id=202504020109&rf=race_list"
"118","8","2025年7月26日","新潟","9R","3歳未勝利","ダ1200m (左)","16:55","晴","良","8","6","9","エウクレイア","牝3","牝","3","55.0","丸田","1:14.0","クビ","13.0","264.8","39.2","2-2","美浦伊坂","490(-2)","https://race.netkeiba.com/race/result.html?race_id=202504020109&rf=race_list"
"119","9","2025年7月26日","新潟","9R","3歳未勝利","ダ1200m (左)","16:55","晴","良","9","5","7","テーオービースト","牡3","牡","3","57.0","菊沢","1:14.1","クビ","10.0","31.2","37.9","10-10","美浦清水英","462(-8)","https://race.netkeiba.com/race/result.html?race_id=202504020109&rf=race_list"
"120","10","2025年7月26日","新潟","9R","3歳未勝利","ダ1200m (左)","16:55","晴","良","10","4","5","ジェイエルタイド","牝3","牝","3","55.0","小林凌","1:14.4","1.3/4","14.0","301.0","38.4","9-7","美浦小西","430(-18)","https://race.netkeiba.com/race/result.html?race_id=202504020109&rf=race_list"
"121","11","2025年7月26日","新潟","9R","3歳未勝利","ダ1200m (左)","16:55","晴","良","11","3","3","マーメイドスカート","牝3","牝","3","55.0","杉原","1:14.7","2","7.0","18.4","38.8","7-7","美浦田村","484(+4)","https://race.netkeiba.com/race/result.html?race_id=202504020109&rf=race_list"
"122","12","2025年7月26日","新潟","9R","3歳未勝利","ダ1200m (左)","16:55","晴","良","12","1","1","ロイヤルイブキ","牡3","牡","3","57.0","太宰","1:14.7","ハナ","6.0","17.9","38.3","14-14","栗東大根田","500(0)","https://race.netkeiba.com/race/result.html?race_id=202504020109&rf=race_list"
"123","13","2025年7月26日","新潟","9R","3歳未勝利","ダ1200m (左)","16:55","晴","良","13","8","13","レイオーバー","牡3","牡","3","57.0","内田博","1:14.9","1.1/4","2.0","4.0","38.8","10-10","美浦本間","466(-2)","https://race.netkeiba.com/race/result.html?race_id=202504020109&rf=race_list"
"124","14","2025年7月26日","新潟","9R","3歳未勝利","ダ1200m (左)","16:55","晴","良","14","6","10","エクストラチャージ","牝3","牝","3","54.0","☆西塚","1:15.1","1","9.0","21.7","39.0","10-10","美浦田村","482(+11)","https://race.netkeiba.com/race/result.html?race_id=202504020109&rf=race_list"
"125","1","2025年7月26日","新潟","10R","3歳以上1勝クラス","ダ1200m (左)","17:25","晴","良","1","4","6","ドナレア","牝4","牝","4","56.0","荻野極","1:11.6","","10.0","39.1","37.2","1-1","美浦高木","442(+6)","https://race.netkeiba.com/race/result.html?race_id=202504020110&rf=race_list"
"126","2","2025年7月26日","新潟","10R","3歳以上1勝クラス","ダ1200m (左)","17:25","晴","良","2","7","12","フェスタリア","牡3","牡","3","55.0","原","1:11.9","1.3/4","5.0","16.1","36.2","11-11","美浦矢野","452(0)","https://race.netkeiba.com/race/result.html?race_id=202504020110&rf=race_list"
"127","3","2025年7月26日","新潟","10R","3歳以上1勝クラス","ダ1200m (左)","17:25","晴","良","3","3","4","リクエイ","牝3","牝","3","51.0","◇今村","1:11.9","クビ","7.0","19.9","37.2","2-2","美浦竹内","416(-4)","https://race.netkeiba.com/race/result.html?race_id=202504020110&rf=race_list"
"128","4","2025年7月26日","新潟","10R","3歳以上1勝クラス","ダ1200m (左)","17:25","晴","良","4","8","14","チャロ","牡3","牡","3","55.0","菅原明","1:12.0","クビ","1.0","1.8","36.8","5-5","美浦和田郎","488(+4)","https://race.netkeiba.com/race/result.html?race_id=202504020110&rf=race_list"
"129","5","2025年7月26日","新潟","10R","3歳以上1勝クラス","ダ1200m (左)","17:25","晴","良","5","4","5","シャーンゴッセ","セ5","セ","5","55.0","▲石神道","1:12.2","1.1/4","3.0","12.2","37.6","2-2","美浦蛯名正","504(+4)","https://race.netkeiba.com/race/result.html?race_id=202504020110&rf=race_list"
"130","6","2025年7月26日","新潟","10R","3歳以上1勝クラス","ダ1200m (左)","17:25","晴","良","6","6","10","タイセイピューマ","牡4","牡","4","58.0","大野","1:12.4","1","6.0","18.0","36.9","10-9","美浦新開","480(+6)","https://race.netkeiba.com/race/result.html?race_id=202504020110&rf=race_list"
"131","7","2025年7月26日","新潟","10R","3歳以上1勝クラス","ダ1200m (左)","17:25","晴","良","7","5","7","グラニットピーク","セ5","セ","5","58.0","内田博","1:12.4","クビ","11.0","88.0","37.0","8-8","美浦田島","496(+2)","https://race.netkeiba.com/race/result.html?race_id=202504020110&rf=race_list"
"132","8","2025年7月26日","新潟","10R","3歳以上1勝クラス","ダ1200m (左)","17:25","晴","良","8","6","9","スターチスブーケ","牝4","牝","4","53.0","▲石田","1:12.7","1.3/4","12.0","127.9","36.8","12-12","美浦田中勝","504(+2)","https://race.netkeiba.com/race/result.html?race_id=202504020110&rf=race_list"
"133","9","2025年7月26日","新潟","10R","3歳以上1勝クラス","ダ1200m (左)","17:25","晴","良","9","8","13","カガバベル","牡3","牡","3","55.0","横山琉","1:12.9","1.1/4","14.0","346.1","37.5","8-9","美浦萱野","512(0)","https://race.netkeiba.com/race/result.html?race_id=202504020110&rf=race_list"
"134","10","2025年7月26日","新潟","10R","3歳以上1勝クラス","ダ1200m (左)","17:25","晴","良","10","7","11","エコロカディス","牡3","牡","3","55.0","菊沢","1:13.0","1","8.0","26.9","37.8","5-5","美浦森一","462(+2)","https://race.netkeiba.com/race/result.html?race_id=202504020110&rf=race_list"
"135","11","2025年7月26日","新潟","10R","3歳以上1勝クラス","ダ1200m (左)","17:25","晴","良","11","3","3","ゲキザル","牡6","牡","6","58.0","小林脩","1:13.3","1.1/2","4.0","13.4","36.9","14-14","美浦青木","472(-6)","https://race.netkeiba.com/race/result.html?race_id=202504020110&rf=race_list"
"136","12","2025年7月26日","新潟","10R","3歳以上1勝クラス","ダ1200m (左)","17:25","晴","良","12","5","8","ジェイエルバース","牡3","牡","3","55.0","小林凌","1:13.4","3/4","9.0","31.1","38.6","4-4","美浦小西","498(-2)","https://race.netkeiba.com/race/result.html?race_id=202504020110&rf=race_list"
"137","13","2025年7月26日","新潟","10R","3歳以上1勝クラス","ダ1200m (左)","17:25","晴","良","13","1","1","ショコラブレッド","牝4","牝","4","56.0","柴田大","1:13.9","3","13.0","261.1","38.7","5-5","美浦畠山","470(+12)","https://race.netkeiba.com/race/result.html?race_id=202504020110&rf=race_list"
"138","14","2025年7月26日","新潟","10R","3歳以上1勝クラス","ダ1200m (左)","17:25","晴","良","14","2","2","シークザドリーム","牡3","牡","3","55.0","戸崎圭","1:14.2","1.3/4","2.0","3.7","38.4","12-12","栗東中竹","516(+14)","https://race.netkeiba.com/race/result.html?race_id=202504020110&rf=race_list"
"139","1","2025年7月26日","新潟","11R","3歳以上1勝クラス","芝1800m (左 外A)","17:55","晴","良","1","3","3","ドリームクルーズ","牝4","牝","4","56.0","吉田豊","1:46.0","","5.0","12.4","33.5","1-1","美浦戸田","486(-2)","https://race.netkeiba.com/race/result.html?race_id=202504020111&rf=race_list"
"140","2","2025年7月26日","新潟","11R","3歳以上1勝クラス","芝1800m (左 外A)","17:55","晴","良","2","4","6","ラルンエベール","牝4","牝","4","53.0","▲川端","1:46.3","1.3/4","9.0","67.7","32.8","11-11","美浦田島","426(+10)","https://race.netkeiba.com/race/result.html?race_id=202504020111&rf=race_list"
"141","3","2025年7月26日","新潟","11R","3歳以上1勝クラス","芝1800m (左 外A)","17:55","晴","良","3","5","8","ウアーシュプルング","牝3","牝","3","53.0","三浦","1:46.3","ハナ","2.0","3.6","33.6","2-2","美浦鹿戸","454(+2)","https://race.netkeiba.com/race/result.html?race_id=202504020111&rf=race_list"
"142","4","2025年7月26日","新潟","11R","3歳以上1勝クラス","芝1800m (左 外A)","17:55","晴","良","4","4","5","トゥルーサクセサー","牡4","牡","4","58.0","荻野極","1:46.5","1.1/4","6.0","14.7","33.2","8-7","美浦高木","472(+4)","https://race.netkeiba.com/race/result.html?race_id=202504020111&rf=race_list"
"143","5","2025年7月26日","新潟","11R","3歳以上1勝クラス","芝1800m (左 外A)","17:55","晴","良","5","3","4","パーセルペーパー","牡4","牡","4","58.0","柴田大","1:46.6","1/2","12.0","216.2","33.8","3-3","美浦和田雄","448(+6)","https://race.netkeiba.com/race/result.html?race_id=202504020111&rf=race_list"
"144","6","2025年7月26日","新潟","11R","3歳以上1勝クラス","芝1800m (左 外A)","17:55","晴","良","6","7","11","ベストシーン","牡3","牡","3","55.0","戸崎圭","1:46.6","アタマ","1.0","2.5","33.1","11-11","美浦手塚久","472(+8)","https://race.netkeiba.com/race/result.html?race_id=202504020111&rf=race_list"
"145","7","2025年7月26日","新潟","11R","3歳以上1勝クラス","芝1800m (左 外A)","17:55","晴","良","7","6","9","ピコブルー","牡3","牡","3","55.0","木幡巧","1:46.9","2","10.0","79.8","33.6","8-7","美浦上原博","476(+5)","https://race.netkeiba.com/race/result.html?race_id=202504020111&rf=race_list"
"146","8","2025年7月26日","新潟","11R","3歳以上1勝クラス","芝1800m (左 外A)","17:55","晴","良","8","8","14","ピースヒロフェイス","牝4","牝","4","56.0","石橋脩","1:47.0","クビ","4.0","9.8","33.9","6-5","美浦牧","466(+4)","https://race.netkeiba.com/race/result.html?race_id=202504020111&rf=race_list"
"147","9","2025年7月26日","新潟","11R","3歳以上1勝クラス","芝1800m (左 外A)","17:55","晴","良","9","7","12","アスクヴォルテージ","牡3","牡","3","54.0","☆西塚","1:47.4","2.1/2","3.0","4.5","33.9","11-11","栗東藤原","510(+2)","https://race.netkeiba.com/race/result.html?race_id=202504020111&rf=race_list"
"148","10","2025年7月26日","新潟","11R","3歳以上1勝クラス","芝1800m (左 外A)","17:55","晴","良","10","5","7","セイロンジェムズ","牡4","牡","4","58.0","杉原","1:47.6","1.1/4","7.0","33.1","34.6","5-5","美浦鈴木慎","486(+4)","https://race.netkeiba.com/race/result.html?race_id=202504020111&rf=race_list"
"149","11","2025年7月26日","新潟","11R","3歳以上1勝クラス","芝1800m (左 外A)","17:55","晴","良","11","8","13","クラウドセイル","牡5","牡","5","55.0","▲遠藤","1:47.6","クビ","8.0","33.6","34.8","3-3","美浦堀内","476(+8)","https://race.netkeiba.com/race/result.html?race_id=202504020111&rf=race_list"
"150","12","2025年7月26日","新潟","11R","3歳以上1勝クラス","芝1800m (左 外A)","17:55","晴","良","12","1","1","カシノフロレゾン","牡3","牡","3","52.0","▲水沼","1:47.9","1.1/2","14.0","336.2","34.4","6-7","美浦和田雄","480(+2)","https://race.netkeiba.com/race/result.html?race_id=202504020111&rf=race_list"
"151","13","2025年7月26日","新潟","11R","3歳以上1勝クラス","芝1800m (左 外A)","17:55","晴","良","13","6","10","パヴァーヌ","牝5","牝","5","53.0","▲佐藤","1:47.9","クビ","11.0","119.7","34.5","8-7","美浦伊藤圭","448(-4)","https://race.netkeiba.com/race/result.html?race_id=202504020111&rf=race_list"
"152","14","2025年7月26日","新潟","11R","3歳以上1勝クラス","芝1800m (左 外A)","17:55","晴","良","14","2","2","サツキスマイル","牝5","牝","5","56.0","小林凌","1:48.1","1.1/4","13.0","273.1","34.4","11-11","美浦土田","398(-29)","https://race.netkeiba.com/race/result.html?race_id=202504020111&rf=race_list"
"153","1","2025年7月26日","新潟","12R","3歳未勝利","芝1400m (左A)","18:25","晴","良","1","2","4","ポッドロルフ","牡3","牡","3","57.0","荻野極","1:20.8","","8.0","41.9","34.8","7-7","美浦小野","456(-2)","https://race.netkeiba.com/race/result.html?race_id=202504020112&rf=race_list"
"154","2","2025年7月26日","新潟","12R","3歳未勝利","芝1400m (左A)","18:25","晴","良","2","5","10","タイヨウノキセツ","牡3","牡","3","57.0","三浦","1:21.0","1.1/4","2.0","4.4","35.5","3-3","美浦高柳瑞","442(-2)","https://race.netkeiba.com/race/result.html?race_id=202504020112&rf=race_list"
"155","3","2025年7月26日","新潟","12R","3歳未勝利","芝1400m (左A)","18:25","晴","良","3","1","1","アユツリー","牝3","牝","3","55.0","菅原明","1:21.0","ハナ","5.0","13.3","34.7","10-9","美浦久保田","420(+2)","https://race.netkeiba.com/race/result.html?race_id=202504020112&rf=race_list"
"156","4","2025年7月26日","新潟","12R","3歳未勝利","芝1400m (左A)","18:25","晴","良","4","1","2","タイキオーベロン","牡3","牡","3","54.0","▲石神道","1:21.1","クビ","13.0","166.7","35.1","7-7","美浦高木","452(+4)","https://race.netkeiba.com/race/result.html?race_id=202504020112&rf=race_list"
"157","5","2025年7月26日","新潟","12R","3歳未勝利","芝1400m (左A)","18:25","晴","良","5","8","16","オカゲサン","牡3","牡","3","57.0","横山琉","1:21.1","クビ","3.0","11.1","34.4","14-13","美浦尾形","500(-4)","https://race.netkeiba.com/race/result.html?race_id=202504020112&rf=race_list"
"158","6","2025年7月26日","新潟","12R","3歳未勝利","芝1400m (左A)","18:25","晴","良","6","3","6","マリノテレージア","牝3","牝","3","55.0","石橋脩","1:21.2","3/4","7.0","29.9","35.6","4-5","美浦牧","430(0)","https://race.netkeiba.com/race/result.html?race_id=202504020112&rf=race_list"
"159","7","2025年7月26日","新潟","12R","3歳未勝利","芝1400m (左A)","18:25","晴","良","7","7","13","ダンケルド","牡3","牡","3","57.0","戸崎圭","1:21.3","クビ","1.0","1.7","36.3","1-1","美浦森一","502(-6)","https://race.netkeiba.com/race/result.html?race_id=202504020112&rf=race_list"
"160","8","2025年7月26日","新潟","12R","3歳未勝利","芝1400m (左A)","18:25","晴","良","8","8","17","ミエノシリウス","牡3","牡","3","57.0","丸田","1:21.4","3/4","14.0","236.7","34.9","11-11","美浦田中勝","446(+10)","https://race.netkeiba.com/race/result.html?race_id=202504020112&rf=race_list"
"161","9","2025年7月26日","新潟","12R","3歳未勝利","芝1400m (左A)","18:25","晴","良","9","8","15","ポッドデューク","牡3","牡","3","57.0","杉原","1:21.4","クビ","4.0","13.2","35.8","4-3","美浦栗田","480(-4)","https://race.netkeiba.com/race/result.html?race_id=202504020112&rf=race_list"
"162","10","2025年7月26日","新潟","12R","3歳未勝利","芝1400m (左A)","18:25","晴","良","10","5","9","ヘヴンリーゴール","牡3","牡","3","57.0","吉田豊","1:21.4","ハナ","9.0","64.2","34.5","15-15","美浦戸田","462(-4)","https://race.netkeiba.com/race/result.html?race_id=202504020112&rf=race_list"
"163","11","2025年7月26日","新潟","12R","3歳未勝利","芝1400m (左A)","18:25","晴","良","11","2","3","サイモングリット","牡3","牡","3","57.0","石川","1:21.5","クビ","11.0","71.7","33.9","17-16","美浦勢司","466(0)","https://race.netkeiba.com/race/result.html?race_id=202504020112&rf=race_list"
"164","12","2025年7月26日","新潟","12R","3歳未勝利","芝1400m (左A)","18:25","晴","良","12","3","5","ハイダウェイ","牡3","牡","3","54.0","▲遠藤","1:21.7","1.1/2","17.0","322.0","34.4","16-16","美浦伊藤伸","476(0)","https://race.netkeiba.com/race/result.html?race_id=202504020112&rf=race_list"
"165","13","2025年7月26日","新潟","12R","3歳未勝利","芝1400m (左A)","18:25","晴","良","13","7","14","ウーバーミッション","牝3","牝","3","52.0","▲佐藤","1:21.8","1/2","15.0","276.5","35.2","11-11","美浦小西","432(+2)","https://race.netkeiba.com/race/result.html?race_id=202504020112&rf=race_list"
"166","14","2025年7月26日","新潟","12R","3歳未勝利","芝1400m (左A)","18:25","晴","良","14","4","8","ロンディネ","牝3","牝","3","55.0","菊沢","1:22.0","1.1/4","10.0","64.7","36.3","4-5","美浦菊沢","424(-8)","https://race.netkeiba.com/race/result.html?race_id=202504020112&rf=race_list"
"167","15","2025年7月26日","新潟","12R","3歳未勝利","芝1400m (左A)","18:25","晴","良","15","6","12","マテンロウバディ","牡3","牡","3","55.0","◇今村","1:22.3","1.3/4","6.0","15.0","37.0","2-2","美浦久保田","448(+4)","https://race.netkeiba.com/race/result.html?race_id=202504020112&rf=race_list"
"168","16","2025年7月26日","新潟","12R","3歳未勝利","芝1400m (左A)","18:25","晴","良","16","6","11","ケノファニース","牝3","牝","3","52.0","▲水沼","1:22.6","1.3/4","16.0","290.2","36.6","7-9","美浦池上","398(+2)","https://race.netkeiba.com/race/result.html?race_id=202504020112&rf=race_list"
"169","17","2025年7月26日","新潟","12R","3歳未勝利","芝1400m (左A)","18:25","晴","良","17","4","7","ソロフィオーレ","牝3","牝","3","52.0","▲石田","1:25.1","大","12.0","98.3","38.6","11-14","美浦相沢","420(-4)","https://race.netkeiba.com/race/result.html?race_id=202504020112&rf=race_list"
"170","1","2025年7月26日","中京","1R","3歳以上障害未勝利","障3000m (芝)","09:35","晴","良","1","1","1","ヘザルフェン","牡4","牡","4","60.0","森一","3:17.0","","3.0","11.8","13.1","6-6-6-6","栗東昆","502(+2)","https://race.netkeiba.com/race/result.html?race_id=202507030101&rf=race_list"
"171","2","2025年7月26日","中京","1R","3歳以上障害未勝利","障3000m (芝)","09:35","晴","良","2","2","2","ネロコルヴィーノ","牡4","牡","4","60.0","小坂","3:17.4","2","7.0","32.3","13.2","5-3-3-3","栗東辻野","518(+4)","https://race.netkeiba.com/race/result.html?race_id=202507030101&rf=race_list"
"172","3","2025年7月26日","中京","1R","3歳以上障害未勝利","障3000m (芝)","09:35","晴","良","3","7","12","レッドファーロ","牡6","牡","6","60.0","西谷誠","3:17.5","1/2","4.0","12.1","13.2","3-3-4-4","栗東松永幹","524(-2)","https://race.netkeiba.com/race/result.html?race_id=202507030101&rf=race_list"
"173","4","2025年7月26日","中京","1R","3歳以上障害未勝利","障3000m (芝)","09:35","晴","良","4","3","4","ヘヴンリーハンド","セ4","セ","4","60.0","石神深","3:17.7","1.1/4","2.0","5.0","13.2","1-1-1-1","美浦武井","516(+4)","https://race.netkeiba.com/race/result.html?race_id=202507030101&rf=race_list"
"174","5","2025年7月26日","中京","1R","3歳以上障害未勝利","障3000m (芝)","09:35","晴","良","5","8","13","フェーングロッテン","セ6","セ","6","60.0","高田","3:18.4","4","1.0","1.5","13.2","6-7-7-7","栗東宮本","474(+2)","https://race.netkeiba.com/race/result.html?race_id=202507030101&rf=race_list"
"175","6","2025年7月26日","中京","1R","3歳以上障害未勝利","障3000m (芝)","09:35","晴","良","6","4","6","スズノイナズマ","セ7","セ","7","60.0","大江圭","3:18.8","2.1/2","9.0","67.0","13.3","3-3-4-5","美浦深山","470(-10)","https://race.netkeiba.com/race/result.html?race_id=202507030101&rf=race_list"
"176","7","2025年7月26日","中京","1R","3歳以上障害未勝利","障3000m (芝)","09:35","晴","良","7","7","11","ナムラドーギー","牡4","牡","4","60.0","五十嵐","3:20.5","10","5.0","14.6","13.4","8-8-8-8","美浦石栗","454(+2)","https://race.netkeiba.com/race/result.html?race_id=202507030101&rf=race_list"
"177","8","2025年7月26日","中京","1R","3歳以上障害未勝利","障3000m (芝)","09:35","晴","良","8","4","5","メイショウカゲカツ","牡6","牡","6","60.0","難波","3:20.6","1/2","8.0","37.6","13.4","10-11-12-12","栗東西園正","508(0)","https://race.netkeiba.com/race/result.html?race_id=202507030101&rf=race_list"
"178","9","2025年7月26日","中京","1R","3歳以上障害未勝利","障3000m (芝)","09:35","晴","良","9","5","8","ディープグラビティ","セ6","セ","6","60.0","草野","3:20.6","ハナ","10.0","73.2","13.4","14-14-10-10","美浦矢嶋","434(-12)","https://race.netkeiba.com/race/result.html?race_id=202507030101&rf=race_list"
"179","10","2025年7月26日","中京","1R","3歳以上障害未勝利","障3000m (芝)","09:35","晴","良","10","6","9","サンライズジーク","牡5","牡","5","60.0","小野寺","3:20.6","ハナ","6.0","14.8","13.4","2-2-2-2","栗東矢作","522(+10)","https://race.netkeiba.com/race/result.html?race_id=202507030101&rf=race_list"
"180","11","2025年7月26日","中京","1R","3歳以上障害未勝利","障3000m (芝)","09:35","晴","良","11","6","10","ゴールデンルーキー","牡4","牡","4","60.0","中村","3:20.8","1","12.0","112.1","13.4","12-12-10-10","美浦粕谷","478(+2)","https://race.netkeiba.com/race/result.html?race_id=202507030101&rf=race_list"
"181","12","2025年7月26日","中京","1R","3歳以上障害未勝利","障3000m (芝)","09:35","晴","良","12","8","14","カイザーブリッツ","セ5","セ","5","60.0","江田勇","3:23.2","大","14.0","168.2","13.5","11-9-9-9","美浦伊藤圭","464(-4)","https://race.netkeiba.com/race/result.html?race_id=202507030101&rf=race_list"
"182","13","2025年7月26日","中京","1R","3歳以上障害未勝利","障3000m (芝)","09:35","晴","良","13","5","7","ジッピーレーサー","セ8","セ","8","60.0","伴","3:26.3","大","13.0","152.8","13.8","12-13-13-13","美浦天間","476(-6)","https://race.netkeiba.com/race/result.html?race_id=202507030101&rf=race_list"
"183","14","2025年7月26日","中京","1R","3歳以上障害未勝利","障3000m (芝)","09:35","晴","良","中止","3","3","カイタロー","牡6","牡","6","60.0","上野","","","11.0","83.9","","9-9-14","美浦和田雄","482(0)","https://race.netkeiba.com/race/result.html?race_id=202507030101&rf=race_list"
"184","1","2025年7月26日","中京","2R","3歳未勝利","ダ1800m (左)","10:10","晴","良","1","3","6","サッカレッロ","牝3","牝","3","55.0","バデル","1:54.3","","7.0","26.3","36.3","10-11-11-8","栗東坂口","446(+14)","https://race.netkeiba.com/race/result.html?race_id=202507030102&rf=race_list"
"185","2","2025年7月26日","中京","2R","3歳未勝利","ダ1800m (左)","10:10","晴","良","2","7","14","タマモマサユメ","牝3","牝","3","55.0","田口","1:54.3","ハナ","3.0","5.2","37.4","1-1-1-1","栗東大橋","480(+14)","https://race.netkeiba.com/race/result.html?race_id=202507030102&rf=race_list"
"186","3","2025年7月26日","中京","2R","3歳未勝利","ダ1800m (左)","10:10","晴","良","3","1","1","オリビアサンライズ","牝3","牝","3","55.0","藤懸","1:54.3","クビ","4.0","5.5","36.5","10-8-8-7","栗東平田","426(-2)","https://race.netkeiba.com/race/result.html?race_id=202507030102&rf=race_list"
"187","4","2025年7月26日","中京","2R","3歳未勝利","ダ1800m (左)","10:10","晴","良","4","1","2","リアルサファリ","牝3","牝","3","55.0","和田竜","1:54.5","1","2.0","4.6","37.1","6-6-6-6","栗東小崎","448(+6)","https://race.netkeiba.com/race/result.html?race_id=202507030102&rf=race_list"
"188","5","2025年7月26日","中京","2R","3歳未勝利","ダ1800m (左)","10:10","晴","良","5","8","15","キュアフローラ","牝3","牝","3","55.0","松若","1:54.8","2","11.0","58.1","37.8","2-2-2-2","栗東東田","426(+6)","https://race.netkeiba.com/race/result.html?race_id=202507030102&rf=race_list"
"189","6","2025年7月26日","中京","2R","3歳未勝利","ダ1800m (左)","10:10","晴","良","6","4","7","ラテライト","牝3","牝","3","54.0","☆吉村","1:55.0","1.1/4","1.0","2.8","36.6","16-16-13-14","栗東松下","452(-2)","https://race.netkeiba.com/race/result.html?race_id=202507030102&rf=race_list"
"190","7","2025年7月26日","中京","2R","3歳未勝利","ダ1800m (左)","10:10","晴","良","7","3","5","アイムアクイーン","牝3","牝","3","55.0","田中健","1:55.1","クビ","14.0","169.9","37.0","12-12-11-9","栗東荒川","432(-10)","https://race.netkeiba.com/race/result.html?race_id=202507030102&rf=race_list"
"191","8","2025年7月26日","中京","2R","3歳未勝利","ダ1800m (左)","10:10","晴","良","8","5","9","スーパーチャンド","牝3","牝","3","55.0","団野","1:55.2","3/4","5.0","10.8","38.0","4-3-3-3","栗東西村","442(-6)","https://race.netkeiba.com/race/result.html?race_id=202507030102&rf=race_list"
"192","9","2025年7月26日","中京","2R","3歳未勝利","ダ1800m (左)","10:10","晴","良","9","4","8","ハイラブソング","牝3","牝","3","55.0","城戸","1:55.3","クビ","9.0","49.2","38.2","4-3-3-3","栗東荒川","444(+3)","https://race.netkeiba.com/race/result.html?race_id=202507030102&rf=race_list"
"193","10","2025年7月26日","中京","2R","3歳未勝利","ダ1800m (左)","10:10","晴","良","10","2","4","グルーヴィデザイン","牝3","牝","3","55.0","小崎","1:55.8","3","10.0","50.5","37.5","13-13-13-11","栗東小林","406(-2)","https://race.netkeiba.com/race/result.html?race_id=202507030102&rf=race_list"
"194","11","2025年7月26日","中京","2R","3歳未勝利","ダ1800m (左)","10:10","晴","良","11","8","16","パドメ","牝3","牝","3","55.0","秋山稔","1:56.2","2.1/2","6.0","17.1","39.1","3-3-3-3","栗東高橋康","484(0)","https://race.netkeiba.com/race/result.html?race_id=202507030102&rf=race_list"
"195","12","2025年7月26日","中京","2R","3歳未勝利","ダ1800m (左)","10:10","晴","良","12","6","12","アンアルモニー","牝3","牝","3","55.0","岩田康","1:57.0","5","8.0","31.9","38.3","15-15-15-15","栗東辻野","450(0)","https://race.netkeiba.com/race/result.html?race_id=202507030102&rf=race_list"
"196","13","2025年7月26日","中京","2R","3歳未勝利","ダ1800m (左)","10:10","晴","良","13","2","3","アサガクル","牝3","牝","3","55.0","菱田","1:58.0","6","13.0","148.6","40.1","6-8-10-11","栗東小崎","454(-4)","https://race.netkeiba.com/race/result.html?race_id=202507030102&rf=race_list"
"197","14","2025年7月26日","中京","2R","3歳未勝利","ダ1800m (左)","10:10","晴","良","14","6","11","モダンレディ","牝3","牝","3","53.0","◇永島","1:59.7","10","12.0","114.9","41.9","9-8-8-11","栗東昆","452(-2)","https://race.netkeiba.com/race/result.html?race_id=202507030102&rf=race_list"
"198","15","2025年7月26日","中京","2R","3歳未勝利","ダ1800m (左)","10:10","晴","良","15","5","10","エリタージュソング","牝3","牝","3","52.0","▲田山","2:00.8","7","16.0","249.0","41.2","13-14-16-16","栗東吉岡","462(-6)","https://race.netkeiba.com/race/result.html?race_id=202507030102&rf=race_list"
"199","16","2025年7月26日","中京","2R","3歳未勝利","ダ1800m (左)","10:10","晴","良","16","7","13","ウィッティングハム","牝3","牝","3","55.0","国分優","2:01.7","5","15.0","234.5","44.3","6-6-6-9","栗東石坂","526(+12)","https://race.netkeiba.com/race/result.html?race_id=202507030102&rf=race_list"
"200","1","2025年7月26日","中京","3R","2歳未勝利","芝1600m (左A)","10:40","晴","良","1","6","6","バースデイフライト","牝2","牝","2","55.0","川田","1:34.3","","2.0","2.1","34.2","5-3-3","栗東新谷","444(-8)","https://race.netkeiba.com/race/result.html?race_id=202507030103&rf=race_list"
"201","2","2025年7月26日","中京","3R","2歳未勝利","芝1600m (左A)","10:40","晴","良","2","3","3","トライアンフパス","牝2","牝","2","55.0","和田竜","1:34.3","ハナ","1.0","2.0","34.5","1-1-1","栗東宮","474(+16)","https://race.netkeiba.com/race/result.html?race_id=202507030103&rf=race_list"
"202","3","2025年7月26日","中京","3R","2歳未勝利","芝1600m (左A)","10:40","晴","良","3","4","4","シャローアロス","牝2","牝","2","55.0","坂井","1:34.4","クビ","5.0","44.3","34.5","2-2-2","栗東安達","434(0)","https://race.netkeiba.com/race/result.html?race_id=202507030103&rf=race_list"
"203","4","2025年7月26日","中京","3R","2歳未勝利","芝1600m (左A)","10:40","晴","良","4","1","1","フォーゲル","牡2","牡","2","55.0","団野","1:34.8","2.1/2","4.0","7.6","34.7","3-3-3","栗東斉藤崇","520(-8)","https://race.netkeiba.com/race/result.html?race_id=202507030103&rf=race_list"
"204","5","2025年7月26日","中京","3R","2歳未勝利","芝1600m (左A)","10:40","晴","良","5","5","5","サイン","牡2","牡","2","55.0","松山","1:35.0","1.1/2","3.0","7.2","34.6","4-5-5","栗東佐藤悠","520(-12)","https://race.netkeiba.com/race/result.html?race_id=202507030103&rf=race_list"
"205","6","2025年7月26日","中京","3R","2歳未勝利","芝1600m (左A)","10:40","晴","良","6","2","2","パークヒルシューズ","牝2","牝","2","55.0","幸","1:35.7","4","6.0","69.8","35.3","5-5-5","栗東高橋一","442(-8)","https://race.netkeiba.com/race/result.html?race_id=202507030103&rf=race_list"
"206","1","2025年7月26日","中京","4R","2歳新馬","芝1400m (左A)","11:10","晴","良","1","7","8","マイケルバローズ","牡2","牡","2","55.0","川田","1:22.0","","1.0","2.2","35.2","2-2","栗東上村","494(0)","https://race.netkeiba.com/race/result.html?race_id=202507030104&rf=race_list"
"207","2","2025年7月26日","中京","4R","2歳新馬","芝1400m (左A)","11:10","晴","良","2","2","2","アイルトン","牡2","牡","2","55.0","団野","1:22.0","ハナ","2.0","3.7","34.9","3-4","栗東佐々木","502(0)","https://race.netkeiba.com/race/result.html?race_id=202507030104&rf=race_list"
"208","3","2025年7月26日","中京","4R","2歳新馬","芝1400m (左A)","11:10","晴","良","3","4","4","レッドレベンディス","牡2","牡","2","55.0","幸","1:22.1","クビ","8.0","19.5","35.0","8-4","栗東庄野","432(0)","https://race.netkeiba.com/race/result.html?race_id=202507030104&rf=race_list"
"209","4","2025年7月26日","中京","4R","2歳新馬","芝1400m (左A)","11:10","晴","良","4","8","11","コスモファーブロス","牝2","牝","2","55.0","和田竜","1:22.3","1","4.0","11.2","34.9","6-7","栗東吉田","428(0)","https://race.netkeiba.com/race/result.html?race_id=202507030104&rf=race_list"
"210","5","2025年7月26日","中京","4R","2歳新馬","芝1400m (左A)","11:10","晴","良","5","8","10","レディーゴール","牝2","牝","2","54.0","☆吉村","1:22.5","1.1/2","5.0","13.1","35.0","8-9","栗東池添","444(0)","https://race.netkeiba.com/race/result.html?race_id=202507030104&rf=race_list"
"211","6","2025年7月26日","中京","4R","2歳新馬","芝1400m (左A)","11:10","晴","良","6","6","6","アイク","牝2","牝","2","55.0","小沢","1:22.9","2.1/2","9.0","35.9","35.1","11-11","栗東佐藤悠","416(0)","https://race.netkeiba.com/race/result.html?race_id=202507030104&rf=race_list"
"212","7","2025年7月26日","中京","4R","2歳新馬","芝1400m (左A)","11:10","晴","良","7","5","5","オタルイーグル","牡2","牡","2","54.0","☆高杉","1:23.0","クビ","6.0","14.5","35.6","6-7","栗東高柳大","488(0)","https://race.netkeiba.com/race/result.html?race_id=202507030104&rf=race_list"
"213","8","2025年7月26日","中京","4R","2歳新馬","芝1400m (左A)","11:10","晴","良","8","1","1","アドバンスモダン","牡2","牡","2","55.0","松若","1:23.7","4","7.0","16.3","36.9","5-2","栗東森秀","442(0)","https://race.netkeiba.com/race/result.html?race_id=202507030104&rf=race_list"
"214","9","2025年7月26日","中京","4R","2歳新馬","芝1400m (左A)","11:10","晴","良","9","3","3","ダブルチャレンジ","牝2","牝","2","55.0","長岡","1:23.9","1.1/2","10.0","130.0","37.4","1-1","美浦深山","430(0)","https://race.netkeiba.com/race/result.html?race_id=202507030104&rf=race_list"
"215","10","2025年7月26日","中京","4R","2歳新馬","芝1400m (左A)","11:10","晴","良","10","6","7","フーガカンタービレ","牝2","牝","2","55.0","坂井","1:24.1","3/4","3.0","6.5","36.9","3-4","栗東大久保","408(0)","https://race.netkeiba.com/race/result.html?race_id=202507030104&rf=race_list"
"216","11","2025年7月26日","中京","4R","2歳新馬","芝1400m (左A)","11:10","晴","良","11","7","9","ドナベーネ","牝2","牝","2","55.0","田口","1:24.6","3","11.0","131.8","36.9","8-10","栗東高橋一","404(0)","https://race.netkeiba.com/race/result.html?race_id=202507030104&rf=race_list"
"217","1","2025年7月26日","中京","5R","3歳未勝利","ダ1400m (左)","11:40","晴","良","1","2","4","ハヤブサオヒメサマ","牝3","牝","3","51.0","★河原田","1:25.1","","2.0","5.7","38.9","1-1","栗東渡辺","442(+2)","https://race.netkeiba.com/race/result.html?race_id=202507030105&rf=race_list"
"218","2","2025年7月26日","中京","5R","3歳未勝利","ダ1400m (左)","11:40","晴","良","2","3","5","バイルシュタイン","牡3","牡","3","57.0","幸","1:25.2","3/4","6.0","8.4","37.8","7-7","栗東寺島","446(-12)","https://race.netkeiba.com/race/result.html?race_id=202507030105&rf=race_list"
"219","3","2025年7月26日","中京","5R","3歳未勝利","ダ1400m (左)","11:40","晴","良","3","2","3","ワンウェイトゥヘル","牡3","牡","3","57.0","松山","1:25.5","1.1/2","4.0","6.2","39.0","2-2","栗東中村","458(+2)","https://race.netkeiba.com/race/result.html?race_id=202507030105&rf=race_list"
"220","4","2025年7月26日","中京","5R","3歳未勝利","ダ1400m (左)","11:40","晴","良","4","5","10","テイエムダイタカ","牡3","牡","3","57.0","国分優","1:25.5","クビ","7.0","15.0","38.2","7-7","栗東小椋","450(+2)","https://race.netkeiba.com/race/result.html?race_id=202507030105&rf=race_list"
"221","5","2025年7月26日","中京","5R","3歳未勝利","ダ1400m (左)","11:40","晴","良","5","1","1","ヴェントステラーレ","牝3","牝","3","55.0","藤懸","1:25.9","2","10.0","39.8","38.2","11-11","栗東田中克","480(0)","https://race.netkeiba.com/race/result.html?race_id=202507030105&rf=race_list"
"222","6","2025年7月26日","中京","5R","3歳未勝利","ダ1400m (左)","11:40","晴","良","6","6","11","クリノクーチャン","牡3","牡","3","57.0","高倉","1:26.2","1.3/4","9.0","24.4","36.5","16-15","栗東渡辺","508(-4)","https://race.netkeiba.com/race/result.html?race_id=202507030105&rf=race_list"
"223","7","2025年7月26日","中京","5R","3歳未勝利","ダ1400m (左)","11:40","晴","良","7","4","7","ロイヤルテール","牡3","牡","3","57.0","小崎","1:26.4","1.1/4","11.0","49.3","38.8","9-9","栗東畑端","452(+10)","https://race.netkeiba.com/race/result.html?race_id=202507030105&rf=race_list"
"224","8","2025年7月26日","中京","5R","3歳未勝利","ダ1400m (左)","11:40","晴","良","8","7","13","タンテドヴィーヴル","牡3","牡","3","57.0","団野","1:26.4","ハナ","5.0","7.5","38.9","9-9","栗東斉藤崇","502(+16)","https://race.netkeiba.com/race/result.html?race_id=202507030105&rf=race_list"
"225","9","2025年7月26日","中京","5R","3歳未勝利","ダ1400m (左)","11:40","晴","良","9","3","6","メイショウテンテン","牡3","牡","3","57.0","鮫島良","1:26.5","3/4","15.0","230.5","39.4","5-5","栗東牧浦","474(0)","https://race.netkeiba.com/race/result.html?race_id=202507030105&rf=race_list"
"226","10","2025年7月26日","中京","5R","3歳未勝利","ダ1400m (左)","11:40","晴","良","10","8","15","マイクインダム","牝3","牝","3","55.0","小沢","1:26.9","2.1/2","1.0","4.0","40.3","3-3","栗東中内田","478(+6)","https://race.netkeiba.com/race/result.html?race_id=202507030105&rf=race_list"
"227","11","2025年7月26日","中京","5R","3歳未勝利","ダ1400m (左)","11:40","晴","良","11","8","16","カネトシエテルノ","牝3","牝","3","55.0","田口","1:26.9","ハナ","12.0","75.5","38.6","12-12","栗東大橋","494(+4)","https://race.netkeiba.com/race/result.html?race_id=202507030105&rf=race_list"
"228","12","2025年7月26日","中京","5R","3歳未勝利","ダ1400m (左)","11:40","晴","良","12","5","9","アスターニルギリ","牡3","牡","3","54.0","▲橋木","1:27.1","1","16.0","366.5","38.4","14-14","栗東中竹","422(-1)","https://race.netkeiba.com/race/result.html?race_id=202507030105&rf=race_list"
"229","13","2025年7月26日","中京","5R","3歳未勝利","ダ1400m (左)","11:40","晴","良","13","7","14","オルペラー","牡3","牡","3","57.0","酒井","1:27.5","2","13.0","78.0","38.0","15-15","栗東吉岡","500(0)","https://race.netkeiba.com/race/result.html?race_id=202507030105&rf=race_list"
"230","14","2025年7月26日","中京","5R","3歳未勝利","ダ1400m (左)","11:40","晴","良","14","4","8","ブルゴーニュ","牝3","牝","3","54.0","☆高杉","1:27.7","1.1/2","8.0","19.0","40.6","5-5","栗東西園翔","486(+2)","https://race.netkeiba.com/race/result.html?race_id=202507030105&rf=race_list"
"231","15","2025年7月26日","中京","5R","3歳未勝利","ダ1400m (左)","11:40","晴","良","15","6","12","マーブルヴァリー","牝3","牝","3","55.0","長岡","1:28.5","5","14.0","122.7","40.1","12-12","栗東茶木","408(0)","https://race.netkeiba.com/race/result.html?race_id=202507030105&rf=race_list"
"232","16","2025年7月26日","中京","5R","3歳未勝利","ダ1400m (左)","11:40","晴","良","16","1","2","メイショウアキカゼ","牝3","牝","3","55.0","角田和","1:28.5","ハナ","3.0","5.8","41.8","3-4","栗東角田","458(0)","https://race.netkeiba.com/race/result.html?race_id=202507030105&rf=race_list"
"233","1","2025年7月26日","中京","6R","四日市特別","ダ1400m (左)","15:01","晴","良","1","8","15","ワイワイレジェンド","牡4","牡","4","58.0","高杉","1:23.4","","7.0","13.3","37.5","1-1","栗東前川","486(0)","https://race.netkeiba.com/race/result.html?race_id=202507030106&rf=race_list"
"234","2","2025年7月26日","中京","6R","四日市特別","ダ1400m (左)","15:01","晴","良","2","5","10","タイガースパーク","牡5","牡","5","58.0","田口","1:23.9","3","9.0","16.1","36.1","13-13","栗東大橋","444(-10)","https://race.netkeiba.com/race/result.html?race_id=202507030106&rf=race_list"
"235","3","2025年7月26日","中京","6R","四日市特別","ダ1400m (左)","15:01","晴","良","3","6","12","ジョヴィアン","牡5","牡","5","58.0","バデル","1:24.0","1/2","4.0","10.1","38.0","2-2","栗東奥村豊","502(0)","https://race.netkeiba.com/race/result.html?race_id=202507030106&rf=race_list"
"236","4","2025年7月26日","中京","6R","四日市特別","ダ1400m (左)","15:01","晴","良","4","8","16","トーセンサウダージ","牡5","牡","5","58.0","岩田康","1:24.2","3/4","6.0","13.2","36.5","12-12","美浦杉浦","530(+4)","https://race.netkeiba.com/race/result.html?race_id=202507030106&rf=race_list"
"237","5","2025年7月26日","中京","6R","四日市特別","ダ1400m (左)","15:01","晴","良","5","7","14","ヴェロクオーレ","牝4","牝","4","56.0","坂井","1:24.2","クビ","1.0","3.6","37.7","3-3","栗東石坂","472(0)","https://race.netkeiba.com/race/result.html?race_id=202507030106&rf=race_list"
"238","6","2025年7月26日","中京","6R","四日市特別","ダ1400m (左)","15:01","晴","良","6","1","1","キタノブライド","牝5","牝","5","56.0","菱田","1:24.4","1.1/4","14.0","79.6","37.0","11-10","栗東坂口","434(0)","https://race.netkeiba.com/race/result.html?race_id=202507030106&rf=race_list"
"239","7","2025年7月26日","中京","6R","四日市特別","ダ1400m (左)","15:01","晴","良","7","6","11","アルシオーネ","牡7","牡","7","58.0","川田","1:24.7","1.3/4","2.0","3.8","37.8","6-7","栗東須貝","508(-4)","https://race.netkeiba.com/race/result.html?race_id=202507030106&rf=race_list"
"240","8","2025年7月26日","中京","6R","四日市特別","ダ1400m (左)","15:01","晴","良","8","5","9","モックモック","牡5","牡","5","58.0","小沢","1:24.8","1/2","5.0","11.9","37.7","8-9","栗東寺島","496(0)","https://race.netkeiba.com/race/result.html?race_id=202507030106&rf=race_list"
"241","9","2025年7月26日","中京","6R","四日市特別","ダ1400m (左)","15:01","晴","良","9","1","2","ベルダイナフェロー","牝4","牝","4","56.0","団野","1:25.0","3/4","8.0","14.2","38.0","8-7","栗東東田","474(-2)","https://race.netkeiba.com/race/result.html?race_id=202507030106&rf=race_list"
"242","10","2025年7月26日","中京","6R","四日市特別","ダ1400m (左)","15:01","晴","良","9","3","6","トーホウキザン","牡5","牡","5","58.0","橋木","1:25.0","3/4","12.0","54.2","36.9","15-15","栗東高橋康","480(-4)","https://race.netkeiba.com/race/result.html?race_id=202507030106&rf=race_list"
"243","11","2025年7月26日","中京","6R","四日市特別","ダ1400m (左)","15:01","晴","良","11","3","5","ダミエ","牡5","牡","5","58.0","幸","1:25.0","アタマ","10.0","18.4","37.0","15-14","栗東武幸","450(-10)","https://race.netkeiba.com/race/result.html?race_id=202507030106&rf=race_list"
"244","12","2025年7月26日","中京","6R","四日市特別","ダ1400m (左)","15:01","晴","良","12","4","7","マイレーヌ","牝5","牝","5","56.0","永島","1:25.3","2","16.0","166.7","38.5","6-6","美浦斎藤誠","510(-4)","https://race.netkeiba.com/race/result.html?race_id=202507030106&rf=race_list"
"245","13","2025年7月26日","中京","6R","四日市特別","ダ1400m (左)","15:01","晴","良","13","2","3","トルーマンテソーロ","牡6","牡","6","58.0","吉村","1:25.6","1.1/2","3.0","8.9","38.9","4-4","美浦菊川","534(+4)","https://race.netkeiba.com/race/result.html?race_id=202507030106&rf=race_list"
"246","14","2025年7月26日","中京","6R","四日市特別","ダ1400m (左)","15:01","晴","良","14","2","4","トモジャケーヤ","牡5","牡","5","58.0","国分優","1:25.8","1.1/4","15.0","101.2","38.7","8-10","栗東大根田","528(+6)","https://race.netkeiba.com/race/result.html?race_id=202507030106&rf=race_list"
"247","15","2025年7月26日","中京","6R","四日市特別","ダ1400m (左)","15:01","晴","良","15","7","13","グラティアスミノル","牡4","牡","4","58.0","高倉","1:26.2","2.1/2","13.0","69.4","38.4","13-15","栗東北出","504(+8)","https://race.netkeiba.com/race/result.html?race_id=202507030106&rf=race_list"
"248","16","2025年7月26日","中京","6R","四日市特別","ダ1400m (左)","15:01","晴","良","16","4","8","エコロエイト","牡4","牡","4","58.0","和田竜","1:26.6","2.1/2","11.0","41.3","39.9","4-4","美浦田村","506(+2)","https://race.netkeiba.com/race/result.html?race_id=202507030106&rf=race_list"
"249","1","2025年7月26日","中京","7R","関ケ原S","芝2000m (左A)","15:35","晴","良","1","7","8","グランヴィノス","牡5","牡","5","58.0","坂井","1:59.2","","4.0","6.2","33.5","2-2-2-2","栗東友道","520(-6)","https://race.netkeiba.com/race/result.html?race_id=202507030107&rf=race_list"
"250","2","2025年7月26日","中京","7R","関ケ原S","芝2000m (左A)","15:35","晴","良","2","8","9","シルキーガール","牝4","牝","4","56.0","岩田康","1:59.5","1.3/4","5.0","10.2","33.6","4-4-3-3","栗東上村","470(0)","https://race.netkeiba.com/race/result.html?race_id=202507030107&rf=race_list"
"251","3","2025年7月26日","中京","7R","関ケ原S","芝2000m (左A)","15:35","晴","良","3","3","3","タガノデュード","牡4","牡","4","58.0","高杉","1:59.5","ハナ","3.0","3.8","33.1","7-7-7-7","栗東宮","500(-2)","https://race.netkeiba.com/race/result.html?race_id=202507030107&rf=race_list"
"252","4","2025年7月26日","中京","7R","関ケ原S","芝2000m (左A)","15:35","晴","良","4","7","7","ミッキーツインクル","牝5","牝","5","56.0","川田","1:59.7","1.1/2","2.0","3.7","33.2","10-10-10-9","栗東中内田","486(+14)","https://race.netkeiba.com/race/result.html?race_id=202507030107&rf=race_list"
"253","5","2025年7月26日","中京","7R","関ケ原S","芝2000m (左A)","15:35","晴","良","5","8","10","ヴィレム","牡4","牡","4","58.0","松山","1:59.7","ハナ","1.0","3.0","33.2","8-8-9-9","栗東藤原","524(0)","https://race.netkeiba.com/race/result.html?race_id=202507030107&rf=race_list"
"254","6","2025年7月26日","中京","7R","関ケ原S","芝2000m (左A)","15:35","晴","良","6","1","1","ドットクルー","牡5","牡","5","58.0","小沢","1:59.9","1.1/4","8.0","43.4","34.0","3-3-3-3","栗東笹田","464(-2)","https://race.netkeiba.com/race/result.html?race_id=202507030107&rf=race_list"
"255","7","2025年7月26日","中京","7R","関ケ原S","芝2000m (左A)","15:35","晴","良","7","6","6","ウインリブルマン","牡7","牡","7","58.0","松若","2:00.2","1.3/4","10.0","97.9","34.9","1-1-1-1","栗東緒方","500(+2)","https://race.netkeiba.com/race/result.html?race_id=202507030107&rf=race_list"
"256","8","2025年7月26日","中京","7R","関ケ原S","芝2000m (左A)","15:35","晴","良","8","5","5","ミエスペランサ","牝4","牝","4","56.0","団野","2:00.4","1.1/2","6.0","17.1","34.0","8-8-7-7","栗東池江","438(+4)","https://race.netkeiba.com/race/result.html?race_id=202507030107&rf=race_list"
"257","9","2025年7月26日","中京","7R","関ケ原S","芝2000m (左A)","15:35","晴","良","9","4","4","ロワンディシー","牡7","牡","7","58.0","幸","2:00.5","クビ","9.0","95.3","34.4","5-5-5-5","栗東北出","456(+2)","https://race.netkeiba.com/race/result.html?race_id=202507030107&rf=race_list"
"258","10","2025年7月26日","中京","7R","関ケ原S","芝2000m (左A)","15:35","晴","良","10","2","2","ルクスビッグスター","牡5","牡","5","58.0","吉村","2:00.5","ハナ","7.0","32.5","34.4","5-5-5-5","栗東清水久","486(+4)","https://race.netkeiba.com/race/result.html?race_id=202507030107&rf=race_list"
"259","1","2025年7月26日","中京","8R","遠州灘特別","ダ1800m (左)","16:10","晴","良","1","1","1","パルクリチュード","牝5","牝","5","56.0","松山","1:54.3","","1.0","1.8","37.5","4-4-6-4","栗東松永幹","456(0)","https://race.netkeiba.com/race/result.html?race_id=202507030108&rf=race_list"
"260","2","2025年7月26日","中京","8R","遠州灘特別","ダ1800m (左)","16:10","晴","良","2","7","7","ハギノコラソン","牝3","牝","3","53.0","坂井","1:54.5","1.1/4","2.0","5.7","38.0","3-3-2-3","栗東寺島","464(+2)","https://race.netkeiba.com/race/result.html?race_id=202507030108&rf=race_list"
"261","3","2025年7月26日","中京","8R","遠州灘特別","ダ1800m (左)","16:10","晴","良","3","4","4","チカミリオン","牝4","牝","4","56.0","幸","1:54.6","1/2","6.0","8.9","38.1","2-2-2-2","栗東大久保","488(+10)","https://race.netkeiba.com/race/result.html?race_id=202507030108&rf=race_list"
"262","4","2025年7月26日","中京","8R","遠州灘特別","ダ1800m (左)","16:10","晴","良","4","2","2","クリノクリスタル","牝5","牝","5","56.0","田口","1:55.0","2.1/2","7.0","106.1","38.3","4-4-4-4","栗東大橋","472(0)","https://race.netkeiba.com/race/result.html?race_id=202507030108&rf=race_list"
"263","5","2025年7月26日","中京","8R","遠州灘特別","ダ1800m (左)","16:10","晴","良","5","6","6","フラーハ","牝4","牝","4","56.0","菱田","1:55.2","1.1/4","4.0","6.7","38.8","1-1-1-1","美浦嘉藤","488(+2)","https://race.netkeiba.com/race/result.html?race_id=202507030108&rf=race_list"
"264","6","2025年7月26日","中京","8R","遠州灘特別","ダ1800m (左)","16:10","晴","良","6","5","5","ラヴァブル","牝3","牝","3","53.0","吉村","1:55.9","4","3.0","6.4","38.5","7-7-7-7","栗東松下","496(+2)","https://race.netkeiba.com/race/result.html?race_id=202507030108&rf=race_list"
"265","7","2025年7月26日","中京","8R","遠州灘特別","ダ1800m (左)","16:10","晴","良","7","3","3","クリノスワロー","牝3","牝","3","53.0","秋山稔","1:56.1","1.1/4","5.0","8.2","39.5","4-6-4-6","栗東高橋忠","490(+3)","https://race.netkeiba.com/race/result.html?race_id=202507030108&rf=race_list"
"266","1","2025年7月26日","中京","9R","3歳以上障害OP","障3300m (芝)","16:45","晴","良","1","2","2","マイネルエール","セ6","セ","6","60.0","大江圭","3:38.5","","1.0","2.3","13.2","1-1-1-1","美浦蛯名利","460(-2)","https://race.netkeiba.com/race/result.html?race_id=202507030109&rf=race_list"
"267","2","2025年7月26日","中京","9R","3歳以上障害OP","障3300m (芝)","16:45","晴","良","2","7","7","クラウンセト","牡6","牡","6","60.0","草野","3:38.6","クビ","6.0","18.7","13.2","4-4-3-3","美浦本間","452(-18)","https://race.netkeiba.com/race/result.html?race_id=202507030109&rf=race_list"
"268","3","2025年7月26日","中京","9R","3歳以上障害OP","障3300m (芝)","16:45","晴","良","3","3","3","ミラクルジニア","牡4","牡","4","60.0","上野","3:40.3","10","7.0","19.3","13.4","5-5-5-5","美浦粕谷","470(0)","https://race.netkeiba.com/race/result.html?race_id=202507030109&rf=race_list"
"269","4","2025年7月26日","中京","9R","3歳以上障害OP","障3300m (芝)","16:45","晴","良","4","1","1","ジロー","牡8","牡","8","60.0","小牧加","3:40.6","1.3/4","2.0","3.7","13.4","3-3-4-4","栗東岡田","488(+8)","https://race.netkeiba.com/race/result.html?race_id=202507030109&rf=race_list"
"270","5","2025年7月26日","中京","9R","3歳以上障害OP","障3300m (芝)","16:45","晴","良","5","4","4","トーアモルペウス","セ5","セ","5","61.0","石神深","3:40.6","アタマ","3.0","4.7","13.4","2-2-2-2","美浦辻","490(-2)","https://race.netkeiba.com/race/result.html?race_id=202507030109&rf=race_list"
"271","6","2025年7月26日","中京","9R","3歳以上障害OP","障3300m (芝)","16:45","晴","良","6","8","8","ヴァランセカズマ","牡8","牡","8","57.0","▲井上","3:42.6","大","8.0","66.8","13.5","7-7-7-7","美浦蛯名利","496(-6)","https://race.netkeiba.com/race/result.html?race_id=202507030109&rf=race_list"
"272","7","2025年7月26日","中京","9R","3歳以上障害OP","障3300m (芝)","16:45","晴","良","7","5","5","タイキフロリゼル","牡7","牡","7","61.0","黒岩","3:42.8","1.1/4","4.0","6.5","13.5","8-7-8-8","栗東谷","478(0)","https://race.netkeiba.com/race/result.html?race_id=202507030109&rf=race_list"
"273","8","2025年7月26日","中京","9R","3歳以上障害OP","障3300m (芝)","16:45","晴","良","8","6","6","テンメジャーガール","牝6","牝","6","58.0","小野寺","3:42.9","3/4","5.0","12.7","13.5","5-5-6-6","栗東高柳大","512(0)","https://race.netkeiba.com/race/result.html?race_id=202507030109&rf=race_list"
"274","1","2025年7月26日","中京","10R","3歳以上1勝クラス","ダ1800m (左)","17:15","晴","良","1","8","10","メイショウソウセキ","牡3","牡","3","53.0","◇永島","1:53.5","","9.0","29.7","38.4","1-1-1-1","栗東松永幹","494(0)","https://race.netkeiba.com/race/result.html?race_id=202507030110&rf=race_list"
"275","2","2025年7月26日","中京","10R","3歳以上1勝クラス","ダ1800m (左)","17:15","晴","良","2","8","11","ポイントネモ","牡3","牡","3","55.0","菱田","1:53.6","クビ","10.0","29.9","38.3","3-3-2-2","栗東大久保","490(+10)","https://race.netkeiba.com/race/result.html?race_id=202507030110&rf=race_list"
"276","3","2025年7月26日","中京","10R","3歳以上1勝クラス","ダ1800m (左)","17:15","晴","良","3","7","8","テーオーマルコーニ","牡3","牡","3","55.0","団野","1:53.6","クビ","1.0","2.4","37.9","6-6-6-6","栗東奥村豊","488(0)","https://race.netkeiba.com/race/result.html?race_id=202507030110&rf=race_list"
"277","4","2025年7月26日","中京","10R","3歳以上1勝クラス","ダ1800m (左)","17:15","晴","良","4","6","7","カレンワッツアップ","牡4","牡","4","58.0","角田和","1:53.7","クビ","3.0","4.4","38.0","6-6-6-4","栗東小林","470(-6)","https://race.netkeiba.com/race/result.html?race_id=202507030110&rf=race_list"
"278","5","2025年7月26日","中京","10R","3歳以上1勝クラス","ダ1800m (左)","17:15","晴","良","5","3","3","ジーティーアメリカ","牡3","牡","3","55.0","岩田康","1:54.0","2","7.0","19.9","38.4","3-3-4-4","栗東吉岡","534(+8)","https://race.netkeiba.com/race/result.html?race_id=202507030110&rf=race_list"
"279","6","2025年7月26日","中京","10R","3歳以上1勝クラス","ダ1800m (左)","17:15","晴","良","6","5","5","テルアスワッド","牡3","牡","3","55.0","酒井","1:54.7","4","8.0","26.5","38.7","9-9-8-8","栗東須貝","504(0)","https://race.netkeiba.com/race/result.html?race_id=202507030110&rf=race_list"
"280","7","2025年7月26日","中京","10R","3歳以上1勝クラス","ダ1800m (左)","17:15","晴","良","7","2","2","ウインドワンピース","牡5","牡","5","58.0","藤懸","1:55.0","1.1/2","11.0","45.6","38.5","11-11-11-9","栗東平田","510(+2)","https://race.netkeiba.com/race/result.html?race_id=202507030110&rf=race_list"
"281","8","2025年7月26日","中京","10R","3歳以上1勝クラス","ダ1800m (左)","17:15","晴","良","8","1","1","ブラックタロー","牡3","牡","3","55.0","幸","1:55.2","1","6.0","18.9","38.9","9-9-10-11","栗東鈴木孝","494(-8)","https://race.netkeiba.com/race/result.html?race_id=202507030110&rf=race_list"
"282","9","2025年7月26日","中京","10R","3歳以上1勝クラス","ダ1800m (左)","17:15","晴","良","9","6","6","シドニーホバート","牡3","牡","3","55.0","松山","1:55.2","ハナ","2.0","4.3","39.7","5-5-4-6","栗東杉山佳","522(+8)","https://race.netkeiba.com/race/result.html?race_id=202507030110&rf=race_list"
"283","10","2025年7月26日","中京","10R","3歳以上1勝クラス","ダ1800m (左)","17:15","晴","良","10","7","9","ショウナンサエッタ","牡3","牡","3","54.0","☆高杉","1:55.3","1/2","4.0","13.0","40.0","2-2-2-2","栗東渡辺","526(-6)","https://race.netkeiba.com/race/result.html?race_id=202507030110&rf=race_list"
"284","11","2025年7月26日","中京","10R","3歳以上1勝クラス","ダ1800m (左)","17:15","晴","良","11","4","4","パーフェクト","牡3","牡","3","54.0","☆吉村","1:57.1","大","5.0","13.4","41.2","6-6-8-9","栗東松下","476(-8)","https://race.netkeiba.com/race/result.html?race_id=202507030110&rf=race_list"
"285","1","2025年7月26日","中京","11R","3歳未勝利","芝2000m (左A)","17:45","晴","良","1","6","9","オーバースタンド","牡3","牡","3","57.0","松若","2:01.4","","3.0","6.1","34.7","7-8-8-6","栗東小崎","434(-4)","https://race.netkeiba.com/race/result.html?race_id=202507030111&rf=race_list"
"286","2","2025年7月26日","中京","11R","3歳未勝利","芝2000m (左A)","17:45","晴","良","2","7","11","デルタフォー","牡3","牡","3","56.0","☆高杉","2:01.4","クビ","4.0","8.3","35.0","3-4-3-3","栗東藤岡","526(+6)","https://race.netkeiba.com/race/result.html?race_id=202507030111&rf=race_list"
"287","3","2025年7月26日","中京","11R","3歳未勝利","芝2000m (左A)","17:45","晴","良","3","8","14","マジェスティルール","牡3","牡","3","55.0","◇永島","2:01.8","2","9.0","38.1","34.4","9-9-12-12","栗東荒川","402(0)","https://race.netkeiba.com/race/result.html?race_id=202507030111&rf=race_list"
"288","4","2025年7月26日","中京","11R","3歳未勝利","芝2000m (左A)","17:45","晴","良","4","8","13","エリカマルセイユ","牝3","牝","3","55.0","田口","2:02.0","1","13.0","121.1","35.4","7-6-6-6","栗東友道","466(-4)","https://race.netkeiba.com/race/result.html?race_id=202507030111&rf=race_list"
"289","5","2025年7月26日","中京","11R","3歳未勝利","芝2000m (左A)","17:45","晴","良","5","7","12","メイショウクメハチ","牡3","牡","3","57.0","藤懸","2:02.0","クビ","10.0","62.3","34.9","13-13-10-10","栗東荒川","492(+6)","https://race.netkeiba.com/race/result.html?race_id=202507030111&rf=race_list"
"290","6","2025年7月26日","中京","11R","3歳未勝利","芝2000m (左A)","17:45","晴","良","6","2","2","タイセイルシエル","牡3","牡","3","57.0","幸","2:02.2","1.1/2","7.0","33.4","34.6","14-14-14-14","栗東松下","428(+8)","https://race.netkeiba.com/race/result.html?race_id=202507030111&rf=race_list"
"291","7","2025年7月26日","中京","11R","3歳未勝利","芝2000m (左A)","17:45","晴","良","7","3","3","アロガントシェイム","牝3","牝","3","55.0","秋山稔","2:02.3","クビ","5.0","10.7","36.1","2-2-2-2","栗東杉山佳","492(-2)","https://race.netkeiba.com/race/result.html?race_id=202507030111&rf=race_list"
"292","8","2025年7月26日","中京","11R","3歳未勝利","芝2000m (左A)","17:45","晴","良","8","5","8","サトノスピカ","牝3","牝","3","55.0","団野","2:02.5","1","6.0","12.5","35.9","6-6-6-6","栗東須貝","462(0)","https://race.netkeiba.com/race/result.html?race_id=202507030111&rf=race_list"
"293","9","2025年7月26日","中京","11R","3歳未勝利","芝2000m (左A)","17:45","晴","良","9","6","10","レッドサジェス","牡3","牡","3","56.0","☆吉村","2:02.5","クビ","1.0","2.5","35.7","11-10-8-9","栗東清水久","492(-2)","https://race.netkeiba.com/race/result.html?race_id=202507030111&rf=race_list"
"294","10","2025年7月26日","中京","11R","3歳未勝利","芝2000m (左A)","17:45","晴","良","10","4","5","イダイ","牡3","牡","3","54.0","▲田山","2:03.0","3","8.0","37.5","35.7","9-10-12-12","栗東庄野","456(0)","https://race.netkeiba.com/race/result.html?race_id=202507030111&rf=race_list"
"295","11","2025年7月26日","中京","11R","3歳未勝利","芝2000m (左A)","17:45","晴","良","11","5","7","メイショウトサンコ","牡3","牡","3","57.0","角田和","2:03.6","4","14.0","183.1","36.6","11-10-10-10","栗東飯田","446(+16)","https://race.netkeiba.com/race/result.html?race_id=202507030111&rf=race_list"
"296","12","2025年7月26日","中京","11R","3歳未勝利","芝2000m (左A)","17:45","晴","良","12","4","6","パルジファル","牡3","牡","3","57.0","小沢","2:03.7","3/4","11.0","66.9","37.3","3-4-4-3","栗東吉村","452(-8)","https://race.netkeiba.com/race/result.html?race_id=202507030111&rf=race_list"
"297","13","2025年7月26日","中京","11R","3歳未勝利","芝2000m (左A)","17:45","晴","良","13","3","4","ワンダーエルピス","牝3","牝","3","51.0","★河原田","2:03.9","3/4","12.0","100.2","37.5","3-3-4-3","栗東牧田","400(+4)","https://race.netkeiba.com/race/result.html?race_id=202507030111&rf=race_list"
"298","14","2025年7月26日","中京","11R","3歳未勝利","芝2000m (左A)","17:45","晴","良","14","1","1","ショウナンバジャラ","牡3","牡","3","57.0","岩田康","2:05.4","9","2.0","3.8","39.3","1-1-1-1","栗東高野","522(0)","https://race.netkeiba.com/race/result.html?race_id=202507030111&rf=race_list"
"299","1","2025年7月26日","中京","12R","3歳以上1勝クラス","芝1600m (左A)","18:15","晴","良","1","8","10","ミニトランザット","牡3","牡","3","54.0","☆吉村","1:33.0","","2.0","2.4","33.4","5-6-5","栗東杉山佳","458(-8)","https://race.netkeiba.com/race/result.html?race_id=202507030112&rf=race_list"
"300","2","2025年7月26日","中京","12R","3歳以上1勝クラス","芝1600m (左A)","18:15","晴","良","2","5","5","レッドフェルメール","牡3","牡","3","55.0","川田","1:33.2","1.1/2","1.0","2.3","34.0","2-2-2","栗東藤原","468(+2)","https://race.netkeiba.com/race/result.html?race_id=202507030112&rf=race_list"
"301","3","2025年7月26日","中京","12R","3歳以上1勝クラス","芝1600m (左A)","18:15","晴","良","3","8","9","ノクナレア","牝3","牝","3","53.0","松山","1:33.3","1/2","3.0","6.5","34.0","2-3-3","栗東今野","434(-12)","https://race.netkeiba.com/race/result.html?race_id=202507030112&rf=race_list"
"302","4","2025年7月26日","中京","12R","3歳以上1勝クラス","芝1600m (左A)","18:15","晴","良","4","1","1","ダイシンビヨンド","牝6","牝","6","56.0","国分優","1:33.6","2","4.0","14.9","34.3","2-3-3","栗東梅田","466(+4)","https://race.netkeiba.com/race/result.html?race_id=202507030112&rf=race_list"
"303","5","2025年7月26日","中京","12R","3歳以上1勝クラス","芝1600m (左A)","18:15","晴","良","5","2","2","ミッキーストライク","牡4","牡","4","58.0","松若","1:33.7","クビ","8.0","42.1","33.6","10-10-10","栗東矢作","514(-10)","https://race.netkeiba.com/race/result.html?race_id=202507030112&rf=race_list"
"304","6","2025年7月26日","中京","12R","3歳以上1勝クラス","芝1600m (左A)","18:15","晴","良","6","7","7","ザカリナン","牡3","牡","3","52.0","▲田山","1:33.7","ハナ","7.0","34.2","33.9","8-7-8","栗東小栗","442(-2)","https://race.netkeiba.com/race/result.html?race_id=202507030112&rf=race_list"
"305","7","2025年7月26日","中京","12R","3歳以上1勝クラス","芝1600m (左A)","18:15","晴","良","7","4","4","マルクパージュ","牝5","牝","5","56.0","小沢","1:33.7","クビ","9.0","52.7","34.2","7-7-5","栗東加藤公","424(+2)","https://race.netkeiba.com/race/result.html?race_id=202507030112&rf=race_list"
"306","8","2025年7月26日","中京","12R","3歳以上1勝クラス","芝1600m (左A)","18:15","晴","良","8","7","8","リアルフォルゴーレ","牡3","牡","3","55.0","田口","1:33.9","1","5.0","17.2","34.1","8-7-8","栗東大橋","474(-4)","https://race.netkeiba.com/race/result.html?race_id=202507030112&rf=race_list"
"307","9","2025年7月26日","中京","12R","3歳以上1勝クラス","芝1600m (左A)","18:15","晴","良","9","6","6","アスクムービーオン","牡4","牡","4","57.0","☆高杉","1:34.7","5","6.0","25.2","35.7","1-1-1","栗東前川","472(+6)","https://race.netkeiba.com/race/result.html?race_id=202507030112&rf=race_list"
"308","10","2025年7月26日","中京","12R","3歳以上1勝クラス","芝1600m (左A)","18:15","晴","良","10","3","3","ミッドナイトホーク","セ4","セ","4","58.0","幸","1:34.8","1","10.0","64.7","35.3","5-3-5","栗東宮地","476(+2)","https://race.netkeiba.com/race/result.html?race_id=202507030112&rf=race_list"
"309","1","2025年7月26日","札幌","1R","2歳未勝利","芝1200m (右A)","09:55","曇","良","1","3","3","ショウナンカリス","牝2","牝","2","55.0","北村友","1:08.9","","3.0","4.8","34.1","6-5","美浦加藤士","408(+4)","https://race.netkeiba.com/race/result.html?race_id=202501010101&rf=race_list"
"310","2","2025年7月26日","札幌","1R","2歳未勝利","芝1200m (右A)","09:55","曇","良","2","4","4","ファニーバニー","牝2","牝","2","55.0","鮫島駿","1:09.1","1.1/4","1.0","2.4","34.8","2-2","栗東杉山佳","428(+4)","https://race.netkeiba.com/race/result.html?race_id=202501010101&rf=race_list"
"311","3","2025年7月26日","札幌","1R","2歳未勝利","芝1200m (右A)","09:55","曇","良","3","2","2","ハルヒメ","牝2","牝","2","52.0","▲小林美","1:09.1","ハナ","2.0","4.2","34.9","1-1","美浦矢嶋","388(-14)","https://race.netkeiba.com/race/result.html?race_id=202501010101&rf=race_list"
"312","4","2025年7月26日","札幌","1R","2歳未勝利","芝1200m (右A)","09:55","曇","良","4","6","7","カンレイスター","牝2","牝","2","55.0","荻野琢","1:09.9","5","8.0","46.9","35.4","4-3","美浦矢野","434(-8)","https://race.netkeiba.com/race/result.html?race_id=202501010101&rf=race_list"
"313","5","2025年7月26日","札幌","1R","2歳未勝利","芝1200m (右A)","09:55","曇","良","5","8","12","ココソラーレ","牝2","牝","2","52.0","▲鷲頭","1:10.1","1.1/4","10.0","77.1","35.7","3-3","美浦天間","424(-4)","https://race.netkeiba.com/race/result.html?race_id=202501010101&rf=race_list"
"314","6","2025年7月26日","札幌","1R","2歳未勝利","芝1200m (右A)","09:55","曇","良","6","8","11","ストームサンダー","牡2","牡","2","55.0","丹内","1:10.2","1/2","5.0","10.0","35.7","4-5","栗東安達","454(-2)","https://race.netkeiba.com/race/result.html?race_id=202501010101&rf=race_list"
"315","7","2025年7月26日","札幌","1R","2歳未勝利","芝1200m (右A)","09:55","曇","良","7","7","10","サンタカリス","牝2","牝","2","55.0","黛","1:10.2","アタマ","11.0","92.1","34.8","11-10","栗東秋山","436(+8)","https://race.netkeiba.com/race/result.html?race_id=202501010101&rf=race_list"
"316","8","2025年7月26日","札幌","1R","2歳未勝利","芝1200m (右A)","09:55","曇","良","8","6","8","トーセンクリステル","牝2","牝","2","52.0","▲舟山","1:10.4","1.1/2","9.0","74.4","35.3","9-7","美浦杉浦","460(0)","https://race.netkeiba.com/race/result.html?race_id=202501010101&rf=race_list"
"317","9","2025年7月26日","札幌","1R","2歳未勝利","芝1200m (右A)","09:55","曇","良","9","5","5","モズプリフォール","牡2","牡","2","55.0","佐々木","1:10.4","ハナ","4.0","5.5","35.5","7-7","栗東矢作","488(-2)","https://race.netkeiba.com/race/result.html?race_id=202501010101&rf=race_list"
"318","10","2025年7月26日","札幌","1R","2歳未勝利","芝1200m (右A)","09:55","曇","良","10","7","9","オンマイビート","牡2","牡","2","52.0","▲和田陽","1:10.6","3/4","12.0","109.3","35.4","9-10","美浦松山","450(+8)","https://race.netkeiba.com/race/result.html?race_id=202501010101&rf=race_list"
"319","11","2025年7月26日","札幌","1R","2歳未勝利","芝1200m (右A)","09:55","曇","良","11","5","6","ナムラシンジロー","牡2","牡","2","52.0","▲古川奈","1:11.1","3","7.0","41.2","36.1","7-7","栗東羽月","426(+6)","https://race.netkeiba.com/race/result.html?race_id=202501010101&rf=race_list"
"320","12","2025年7月26日","札幌","1R","2歳未勝利","芝1200m (右A)","09:55","曇","良","12","1","1","セイウンダイフク","牡2","牡","2","55.0","池添","1:11.4","1.3/4","6.0","36.9","35.1","12-12","栗東宮本","428(-6)","https://race.netkeiba.com/race/result.html?race_id=202501010101&rf=race_list"
"321","1","2025年7月26日","札幌","2R","3歳未勝利","ダ1000m (右)","10:30","曇","良","1","7","9","エンジェルラダー","牝3","牝","3","55.0","佐々木","0:59.5","","1.0","1.6","36.0","2-2","美浦木村","488(+2)","https://race.netkeiba.com/race/result.html?race_id=202501010102&rf=race_list"
"322","2","2025年7月26日","札幌","2R","3歳未勝利","ダ1000m (右)","10:30","曇","良","2","2","2","タイセイアビリティ","牡3","牡","3","57.0","斎藤","0:59.5","アタマ","4.0","12.0","35.6","6-6","栗東小林","472(-4)","https://race.netkeiba.com/race/result.html?race_id=202501010102&rf=race_list"
"323","3","2025年7月26日","札幌","2R","3歳未勝利","ダ1000m (右)","10:30","曇","良","3","8","12","ラピルスイメル","牝3","牝","3","52.0","▲古川奈","0:59.6","クビ","3.0","9.9","35.9","5-3","栗東小崎","504(0)","https://race.netkeiba.com/race/result.html?race_id=202501010102&rf=race_list"
"324","4","2025年7月26日","札幌","2R","3歳未勝利","ダ1000m (右)","10:30","曇","良","4","6","8","サツキレジーナ","牝3","牝","3","55.0","古川吉","0:59.6","クビ","6.0","31.6","35.3","11-10","美浦石栗","418(-6)","https://race.netkeiba.com/race/result.html?race_id=202501010102&rf=race_list"
"325","5","2025年7月26日","札幌","2R","3歳未勝利","ダ1000m (右)","10:30","曇","良","5","5","5","レイアポポ","牝3","牝","3","55.0","丹内","1:00.0","2.1/2","5.0","13.2","36.4","3-3","美浦青木","462(-6)","https://race.netkeiba.com/race/result.html?race_id=202501010102&rf=race_list"
"326","6","2025年7月26日","札幌","2R","3歳未勝利","ダ1000m (右)","10:30","曇","良","6","5","6","サラサエンペラー","牡3","牡","3","57.0","黛","1:00.1","クビ","11.0","208.3","35.9","10-8","美浦村田","468(-4)","https://race.netkeiba.com/race/result.html?race_id=202501010102&rf=race_list"
"327","7","2025年7月26日","札幌","2R","3歳未勝利","ダ1000m (右)","10:30","曇","良","7","4","4","キャットデイ","牝3","牝","3","55.0","川又","1:00.2","3/4","10.0","47.5","36.6","3-3","栗東吉村","424(-4)","https://race.netkeiba.com/race/result.html?race_id=202501010102&rf=race_list"
"328","8","2025年7月26日","札幌","2R","3歳未勝利","ダ1000m (右)","10:30","曇","良","8","7","10","タイセイルーマー","牝3","牝","3","55.0","鮫島駿","1:00.3","1/2","8.0","43.8","36.2","8-7","美浦斎藤誠","466(+2)","https://race.netkeiba.com/race/result.html?race_id=202501010102&rf=race_list"
"329","9","2025年7月26日","札幌","2R","3歳未勝利","ダ1000m (右)","10:30","曇","良","9","1","1","ユウグレ","牝3","牝","3","52.0","▲舟山","1:00.7","2.1/2","7.0","35.9","36.8","6-8","美浦宮田","440(-12)","https://race.netkeiba.com/race/result.html?race_id=202501010102&rf=race_list"
"330","10","2025年7月26日","札幌","2R","3歳未勝利","ダ1000m (右)","10:30","曇","良","10","6","7","コッコラーレ","牝3","牝","3","52.0","▲小林美","1:00.8","クビ","2.0","4.0","37.4","1-1","栗東鈴木孝","484(-2)","https://race.netkeiba.com/race/result.html?race_id=202501010102&rf=race_list"
"331","11","2025年7月26日","札幌","2R","3歳未勝利","ダ1000m (右)","10:30","曇","良","11","8","11","グランヴァルール","牝3","牝","3","52.0","▲柴田裕","1:00.9","1/2","12.0","297.0","36.6","11-11","美浦千葉","462(-12)","https://race.netkeiba.com/race/result.html?race_id=202501010102&rf=race_list"
"332","12","2025年7月26日","札幌","2R","3歳未勝利","ダ1000m (右)","10:30","曇","良","12","3","3","グロリオン","牡3","牡","3","54.0","▲森田","1:00.9","クビ","9.0","46.9","36.8","8-11","栗東牧田","478(-12)","https://race.netkeiba.com/race/result.html?race_id=202501010102&rf=race_list"
"333","1","2025年7月26日","札幌","3R","3歳未勝利","ダ1700m (右)","11:00","曇","良","1","7","12","ディアウス","牡3","牡","3","57.0","北村友","1:45.6","","1.0","2.0","38.5","1-1-1-1","栗東吉岡","452(+4)","https://race.netkeiba.com/race/result.html?race_id=202501010103&rf=race_list"
"334","2","2025年7月26日","札幌","3R","3歳未勝利","ダ1700m (右)","11:00","曇","良","2","8","13","ジョードリウム","牡3","牡","3","57.0","丹内","1:45.9","1.3/4","4.0","10.4","38.8","2-2-2-2","栗東清水久","506(-10)","https://race.netkeiba.com/race/result.html?race_id=202501010103&rf=race_list"
"335","3","2025年7月26日","札幌","3R","3歳未勝利","ダ1700m (右)","11:00","曇","良","3","4","5","オオタチ","牡3","牡","3","57.0","横山武","1:46.3","2","2.0","3.9","38.3","8-9-8-6","美浦久保田","450(-4)","https://race.netkeiba.com/race/result.html?race_id=202501010103&rf=race_list"
"336","4","2025年7月26日","札幌","3R","3歳未勝利","ダ1700m (右)","11:00","曇","良","4","3","4","ネトル","牝3","牝","3","55.0","斎藤","1:46.7","2.1/2","9.0","36.7","39.2","4-4-4-3","栗東高橋康","396(0)","https://race.netkeiba.com/race/result.html?race_id=202501010103&rf=race_list"
"337","5","2025年7月26日","札幌","3R","3歳未勝利","ダ1700m (右)","11:00","曇","良","5","8","14","オロパタジン","牡3","牡","3","54.0","▲小林美","1:47.2","3","7.0","19.8","39.9","3-3-3-3","美浦相沢","466(-4)","https://race.netkeiba.com/race/result.html?race_id=202501010103&rf=race_list"
"338","6","2025年7月26日","札幌","3R","3歳未勝利","ダ1700m (右)","11:00","曇","良","6","6","9","キンセンオー","牡3","牡","3","54.0","▲和田陽","1:47.4","1.1/4","8.0","20.9","39.6","4-5-6-8","栗東中尾","486(0)","https://race.netkeiba.com/race/result.html?race_id=202501010103&rf=race_list"
"339","7","2025年7月26日","札幌","3R","3歳未勝利","ダ1700m (右)","11:00","曇","良","7","7","11","ファジーロップ","牝3","牝","3","55.0","佐々木","1:47.4","クビ","3.0","7.1","39.7","8-8-6-6","栗東吉岡","450(-8)","https://race.netkeiba.com/race/result.html?race_id=202501010103&rf=race_list"
"340","8","2025年7月26日","札幌","3R","3歳未勝利","ダ1700m (右)","11:00","曇","良","8","2","2","ジーティートゥルー","牡3","牡","3","57.0","黛","1:47.5","クビ","6.0","18.6","39.3","12-11-10-9","美浦田島","444(-4)","https://race.netkeiba.com/race/result.html?race_id=202501010103&rf=race_list"
"341","9","2025年7月26日","札幌","3R","3歳未勝利","ダ1700m (右)","11:00","曇","良","9","4","6","サヨノミッキー","牡3","牡","3","54.0","▲柴田裕","1:47.8","2","14.0","259.7","39.8","6-7-8-9","栗東羽月","462(+2)","https://race.netkeiba.com/race/result.html?race_id=202501010103&rf=race_list"
"342","10","2025年7月26日","札幌","3R","3歳未勝利","ダ1700m (右)","11:00","曇","良","10","6","10","タイセイバンクール","牡3","牡","3","57.0","鮫島駿","1:47.8","クビ","5.0","16.3","40.4","6-5-4-5","栗東西村","456(+6)","https://race.netkeiba.com/race/result.html?race_id=202501010103&rf=race_list"
"343","11","2025年7月26日","札幌","3R","3歳未勝利","ダ1700m (右)","11:00","曇","良","11","3","3","ベイビーベリッシモ","牡3","牡","3","57.0","古川吉","1:48.5","4","12.0","167.8","40.3","10-11-10-11","美浦大和田","498(+10)","https://race.netkeiba.com/race/result.html?race_id=202501010103&rf=race_list"
"344","12","2025年7月26日","札幌","3R","3歳未勝利","ダ1700m (右)","11:00","曇","良","12","5","7","カズナリ","牡3","牡","3","54.0","▲鷲頭","1:48.7","1.1/4","10.0","92.1","40.4","10-10-12-13","美浦中舘","490(0)","https://race.netkeiba.com/race/result.html?race_id=202501010103&rf=race_list"
"345","13","2025年7月26日","札幌","3R","3歳未勝利","ダ1700m (右)","11:00","曇","良","13","1","1","ニッシンゲッポ","牝3","牝","3","55.0","原田和","1:48.8","クビ","11.0","167.5","40.2","13-14-13-13","美浦金成","428(-4)","https://race.netkeiba.com/race/result.html?race_id=202501010103&rf=race_list"
"346","14","2025年7月26日","札幌","3R","3歳未勝利","ダ1700m (右)","11:00","曇","良","14","5","8","カシマスウィープ","牝3","牝","3","55.0","松岡","1:49.1","2","13.0","218.4","40.6","13-13-13-12","美浦伊藤伸","480(-14)","https://race.netkeiba.com/race/result.html?race_id=202501010103&rf=race_list"
"347","1","2025年7月26日","札幌","4R","3歳未勝利","芝1500m (右A)","11:30","曇","良","1","5","8","シンヒダカゴールド","牝3","牝","3","55.0","古川吉","1:27.5","","2.0","4.0","35.0","1-1-1","栗東角田","476(-4)","https://race.netkeiba.com/race/result.html?race_id=202501010104&rf=race_list"
"348","2","2025年7月26日","札幌","4R","3歳未勝利","芝1500m (右A)","11:30","曇","良","2","8","14","ワタシマツワ","牝3","牝","3","52.0","▲小林美","1:27.5","アタマ","5.0","10.2","34.8","2-2-2","美浦竹内","422(0)","https://race.netkeiba.com/race/result.html?race_id=202501010104&rf=race_list"
"349","3","2025年7月26日","札幌","4R","3歳未勝利","芝1500m (右A)","11:30","曇","良","3","3","4","エピファランド","牝3","牝","3","55.0","浜中","1:27.8","1.3/4","3.0","4.5","35.0","3-3-3","栗東武幸","496(+10)","https://race.netkeiba.com/race/result.html?race_id=202501010104&rf=race_list"
"350","4","2025年7月26日","札幌","4R","3歳未勝利","芝1500m (右A)","11:30","曇","良","4","7","11","ベルジャッド","牝3","牝","3","52.0","▲柴田裕","1:28.0","1.1/2","12.0","79.3","34.8","6-7-4","栗東高柳大","416(+6)","https://race.netkeiba.com/race/result.html?race_id=202501010104&rf=race_list"
"351","5","2025年7月26日","札幌","4R","3歳未勝利","芝1500m (右A)","11:30","曇","良","5","6","9","リリーオブザハート","牝3","牝","3","55.0","鮫島駿","1:28.2","1.1/4","1.0","3.8","34.8","9-9-8","栗東辻野","418(0)","https://race.netkeiba.com/race/result.html?race_id=202501010104&rf=race_list"
"352","6","2025年7月26日","札幌","4R","3歳未勝利","芝1500m (右A)","11:30","曇","良","6","8","13","オフザチェイン","牝3","牝","3","55.0","吉田隼","1:28.6","2.1/2","6.0","14.6","35.6","4-5-6","栗東友道","454(+2)","https://race.netkeiba.com/race/result.html?race_id=202501010104&rf=race_list"
"353","7","2025年7月26日","札幌","4R","3歳未勝利","芝1500m (右A)","11:30","曇","良","7","1","1","ゴールドハーディス","牝3","牝","3","55.0","荻野琢","1:28.8","1.1/4","9.0","38.8","34.9","14-13-13","栗東大久保","440(+6)","https://race.netkeiba.com/race/result.html?race_id=202501010104&rf=race_list"
"354","8","2025年7月26日","札幌","4R","3歳未勝利","芝1500m (右A)","11:30","曇","良","8","5","7","エミネントキャリア","牝3","牝","3","55.0","丹内","1:28.8","クビ","8.0","26.4","35.5","6-8-8","美浦稲垣","452(+10)","https://race.netkeiba.com/race/result.html?race_id=202501010104&rf=race_list"
"355","9","2025年7月26日","札幌","4R","3歳未勝利","芝1500m (右A)","11:30","曇","良","9","6","10","ディアマント","牝3","牝","3","52.0","▲鷲頭","1:29.2","2","14.0","178.3","35.6","10-11-11","栗東西村","436(-4)","https://race.netkeiba.com/race/result.html?race_id=202501010104&rf=race_list"
"356","10","2025年7月26日","札幌","4R","3歳未勝利","芝1500m (右A)","11:30","曇","良","10","7","12","レフレクシオ","牝3","牝","3","52.0","▲森田","1:29.4","1","11.0","61.9","36.5","4-3-5","栗東佐藤悠","456(0)","https://race.netkeiba.com/race/result.html?race_id=202501010104&rf=race_list"
"357","11","2025年7月26日","札幌","4R","3歳未勝利","芝1500m (右A)","11:30","曇","良","11","3","3","バダジェフスカ","牝3","牝","3","54.0","☆松本","1:29.4","ハナ","7.0","18.6","36.4","6-5-6","栗東新谷","472(+6)","https://race.netkeiba.com/race/result.html?race_id=202501010104&rf=race_list"
"358","12","2025年7月26日","札幌","4R","3歳未勝利","芝1500m (右A)","11:30","曇","良","12","4","5","ブリスディーシャ","牝3","牝","3","55.0","斎藤","1:29.5","3/4","13.0","110.7","36.0","10-10-10","栗東小崎","444(-12)","https://race.netkeiba.com/race/result.html?race_id=202501010104&rf=race_list"
"359","13","2025年7月26日","札幌","4R","3歳未勝利","芝1500m (右A)","11:30","曇","良","13","4","6","テーオーカバリエ","牝3","牝","3","55.0","佐々木","1:30.2","4","10.0","42.3","36.3","13-13-14","栗東須貝","424(-6)","https://race.netkeiba.com/race/result.html?race_id=202501010104&rf=race_list"
"360","14","2025年7月26日","札幌","4R","3歳未勝利","芝1500m (右A)","11:30","曇","良","14","2","2","マザーズウィル","牝3","牝","3","55.0","北村友","1:30.2","クビ","4.0","5.9","36.6","10-11-11","美浦国枝","426(-8)","https://race.netkeiba.com/race/result.html?race_id=202501010104&rf=race_list"
"361","1","2025年7月26日","札幌","5R","2歳新馬","ダ1700m (右)","12:20","曇","良","1","8","13","テイエムキハク","牡2","牡","2","55.0","丹内","1:46.4","","8.0","23.7","38.3","2-4-3-2","美浦伊藤圭","466(0)","https://race.netkeiba.com/race/result.html?race_id=202501010105&rf=race_list"
"362","2","2025年7月26日","札幌","5R","2歳新馬","ダ1700m (右)","12:20","曇","良","2","5","6","ニャンタロウ","牡2","牡","2","52.0","▲舟山","1:46.7","1.1/2","11.0","50.9","38.4","8-7-6-5","美浦武市","466(0)","https://race.netkeiba.com/race/result.html?race_id=202501010105&rf=race_list"
"363","3","2025年7月26日","札幌","5R","2歳新馬","ダ1700m (右)","12:20","曇","良","3","4","5","ミヤエスケープ","牝2","牝","2","55.0","横山武","1:47.1","2.1/2","2.0","3.5","39.0","6-6-3-3","美浦伊藤圭","490(0)","https://race.netkeiba.com/race/result.html?race_id=202501010105&rf=race_list"
"364","4","2025年7月26日","札幌","5R","2歳新馬","ダ1700m (右)","12:20","曇","良","4","6","8","ロードアマルフィ","牡2","牡","2","55.0","鮫島駿","1:47.3","1.1/4","3.0","5.2","39.5","1-1-1-1","栗東中村","504(0)","https://race.netkeiba.com/race/result.html?race_id=202501010105&rf=race_list"
"365","5","2025年7月26日","札幌","5R","2歳新馬","ダ1700m (右)","12:20","曇","良","5","7","10","チャーリー","牡2","牡","2","55.0","北村友","1:47.9","3.1/2","4.0","12.4","40.0","2-2-2-3","美浦国枝","508(0)","https://race.netkeiba.com/race/result.html?race_id=202501010105&rf=race_list"
"366","6","2025年7月26日","札幌","5R","2歳新馬","ダ1700m (右)","12:20","曇","良","6","1","1","メイショウコシュウ","牡2","牡","2","55.0","武豊","1:48.5","3.1/2","1.0","2.6","39.0","11-11-11-8","栗東松永幹","488(0)","https://race.netkeiba.com/race/result.html?race_id=202501010105&rf=race_list"
"367","7","2025年7月26日","札幌","5R","2歳新馬","ダ1700m (右)","12:20","曇","良","7","3","3","ウォータースパウト","牝2","牝","2","55.0","佐々木","1:49.2","4","10.0","50.8","41.0","7-7-6-6","美浦小笠","480(0)","https://race.netkeiba.com/race/result.html?race_id=202501010105&rf=race_list"
"368","8","2025年7月26日","札幌","5R","2歳新馬","ダ1700m (右)","12:20","曇","良","8","2","2","チカマヨルキーナ","牝2","牝","2","55.0","藤岡佑","1:49.3","1/2","9.0","43.6","40.3","9-9-9-8","栗東藤岡","460(0)","https://race.netkeiba.com/race/result.html?race_id=202501010105&rf=race_list"
"369","9","2025年7月26日","札幌","5R","2歳新馬","ダ1700m (右)","12:20","曇","良","9","4","4","エクストラプッシュ","牡2","牡","2","55.0","吉田隼","1:49.6","2","7.0","17.6","40.0","13-13-12-11","栗東奥村豊","520(0)","https://race.netkeiba.com/race/result.html?race_id=202501010105&rf=race_list"
"370","10","2025年7月26日","札幌","5R","2歳新馬","ダ1700m (右)","12:20","曇","良","10","8","12","ニミッツハイウェイ","牡2","牡","2","52.0","▲和田陽","1:49.6","ハナ","12.0","59.8","38.7","12-12-13-13","栗東梅田","452(0)","https://race.netkeiba.com/race/result.html?race_id=202501010105&rf=race_list"
"371","11","2025年7月26日","札幌","5R","2歳新馬","ダ1700m (右)","12:20","曇","良","11","5","7","ハグレジョー","牡2","牡","2","55.0","池添","1:49.8","3/4","5.0","12.8","41.8","2-3-3-6","栗東岡田","486(0)","https://race.netkeiba.com/race/result.html?race_id=202501010105&rf=race_list"
"372","12","2025年7月26日","札幌","5R","2歳新馬","ダ1700m (右)","12:20","曇","良","12","7","11","フォールティア","牡2","牡","2","55.0","原田和","1:52.2","大","13.0","367.7","43.1","10-9-9-12","美浦小野","498(0)","https://race.netkeiba.com/race/result.html?race_id=202501010105&rf=race_list"
"373","13","2025年7月26日","札幌","5R","2歳新馬","ダ1700m (右)","12:20","曇","良","13","6","9","シホノソルジェンテ","牡2","牡","2","55.0","浜中","1:52.9","4","6.0","14.7","44.4","5-4-8-10","栗東畑端","492(0)","https://race.netkeiba.com/race/result.html?race_id=202501010105&rf=race_list"
"374","1","2025年7月26日","札幌","6R","3歳未勝利","芝1800m (右A)","12:50","曇","良","1","7","11","デルマケセラセラ","牝3","牝","3","55.0","横山典","1:47.6","","4.0","6.0","35.8","4-5-4-3","美浦小野","426(-6)","https://race.netkeiba.com/race/result.html?race_id=202501010106&rf=race_list"
"375","2","2025年7月26日","札幌","6R","3歳未勝利","芝1800m (右A)","12:50","曇","良","2","6","9","ウインキララ","牝3","牝","3","55.0","佐々木","1:47.7","1/2","5.0","6.4","35.4","7-7-5-3","美浦鹿戸","446(+4)","https://race.netkeiba.com/race/result.html?race_id=202501010106&rf=race_list"
"376","3","2025年7月26日","札幌","6R","3歳未勝利","芝1800m (右A)","12:50","曇","良","3","4","5","ドゥラエテルノ","牡3","牡","3","57.0","浜中","1:47.7","アタマ","1.0","3.7","35.1","9-8-8-6","栗東武幸","470(+6)","https://race.netkeiba.com/race/result.html?race_id=202501010106&rf=race_list"
"377","4","2025年7月26日","札幌","6R","3歳未勝利","芝1800m (右A)","12:50","曇","良","4","2","2","ラウニウ","牝3","牝","3","55.0","横山武","1:47.9","1.1/4","2.0","4.2","35.2","9-10-10-6","栗東牧田","476(+2)","https://race.netkeiba.com/race/result.html?race_id=202501010106&rf=race_list"
"378","5","2025年7月26日","札幌","6R","3歳未勝利","芝1800m (右A)","12:50","曇","良","5","3","4","ラースアルアイン","牡3","牡","3","57.0","黛","1:48.0","3/4","6.0","16.1","35.1","7-8-11-9","美浦中川","538(-6)","https://race.netkeiba.com/race/result.html?race_id=202501010106&rf=race_list"
"379","6","2025年7月26日","札幌","6R","3歳未勝利","芝1800m (右A)","12:50","曇","良","6","6","10","テンフレッシュ","牝3","牝","3","55.0","斎藤","1:48.2","1.1/4","7.0","17.7","36.7","3-3-2-2","美浦田村","468(+2)","https://race.netkeiba.com/race/result.html?race_id=202501010106&rf=race_list"
"380","7","2025年7月26日","札幌","6R","3歳未勝利","芝1800m (右A)","12:50","曇","良","7","4","6","ゴールドサニーデイ","牝3","牝","3","52.0","▲小林美","1:48.4","1.1/4","9.0","46.2","36.9","2-2-2-3","栗東渡辺","416(-4)","https://race.netkeiba.com/race/result.html?race_id=202501010106&rf=race_list"
"381","8","2025年7月26日","札幌","6R","3歳未勝利","芝1800m (右A)","12:50","曇","良","8","1","1","タイキクロニクル","牡3","牡","3","54.0","▲和田陽","1:48.8","2","8.0","42.6","36.5","4-4-5-9","栗東高野","476(-2)","https://race.netkeiba.com/race/result.html?race_id=202501010106&rf=race_list"
"382","9","2025年7月26日","札幌","6R","3歳未勝利","芝1800m (右A)","12:50","曇","良","9","3","3","コスモマガラニカ","牡3","牡","3","57.0","丹内","1:48.8","ハナ","3.0","4.4","36.5","11-12-5-6","美浦加藤士","438(+2)","https://race.netkeiba.com/race/result.html?race_id=202501010106&rf=race_list"
"383","10","2025年7月26日","札幌","6R","3歳未勝利","芝1800m (右A)","12:50","曇","良","10","7","12","フィエールガール","牝3","牝","3","52.0","▲森田","1:48.9","1/2","11.0","70.2","35.9","11-10-11-13","美浦土田","458(-2)","https://race.netkeiba.com/race/result.html?race_id=202501010106&rf=race_list"
"384","11","2025年7月26日","札幌","6R","3歳未勝利","芝1800m (右A)","12:50","曇","良","11","8","14","オースミストロング","牡3","牡","3","57.0","古川吉","1:48.9","クビ","12.0","163.1","35.7","13-13-13-12","栗東高橋亮","488(-2)","https://race.netkeiba.com/race/result.html?race_id=202501010106&rf=race_list"
"385","12","2025年7月26日","札幌","6R","3歳未勝利","芝1800m (右A)","12:50","曇","良","12","5","7","セブンスプリングス","セ3","セ","3","54.0","▲鷲頭","1:49.0","1/2","13.0","171.2","36.4","4-6-8-11","栗東中村","466(-8)","https://race.netkeiba.com/race/result.html?race_id=202501010106&rf=race_list"
"386","13","2025年7月26日","札幌","6R","3歳未勝利","芝1800m (右A)","12:50","曇","良","13","5","8","レディオンステージ","牝3","牝","3","55.0","荻野琢","1:49.9","5","10.0","47.1","38.8","1-1-1-1","栗東西園正","496(-2)","https://race.netkeiba.com/race/result.html?race_id=202501010106&rf=race_list"
"387","14","2025年7月26日","札幌","6R","3歳未勝利","芝1800m (右A)","12:50","曇","良","除外","8","13","チリーゴールド","牝3","牝","3","52.0","▲柴田裕","","","","","","","美浦深山","434(-2)","https://race.netkeiba.com/race/result.html?race_id=202501010106&rf=race_list"
"388","1","2025年7月26日","札幌","7R","3歳以上1勝クラス","芝1200m (右A)","13:20","曇","良","1","1","1","ラセーヌシュメール","牝4","牝","4","56.0","佐々木","1:08.7","","1.0","2.8","34.0","4-4","美浦杉浦","446(-10)","https://race.netkeiba.com/race/result.html?race_id=202501010107&rf=race_list"
"389","2","2025年7月26日","札幌","7R","3歳以上1勝クラス","芝1200m (右A)","13:20","曇","良","2","5","5","ハイファイスピード","牝3","牝","3","53.0","横山武","1:08.9","1.1/4","2.0","3.4","35.2","1-1","栗東宮本","452(-16)","https://race.netkeiba.com/race/result.html?race_id=202501010107&rf=race_list"
"390","3","2025年7月26日","札幌","7R","3歳以上1勝クラス","芝1200m (右A)","13:20","曇","良","3","7","7","ジャグアール","牡4","牡","4","58.0","松岡","1:09.0","1/2","4.0","8.0","34.5","3-2","美浦矢野","452(-4)","https://race.netkeiba.com/race/result.html?race_id=202501010107&rf=race_list"
"391","4","2025年7月26日","札幌","7R","3歳以上1勝クラス","芝1200m (右A)","13:20","曇","良","4","6","6","シャインズオンユー","牡4","牡","4","58.0","古川吉","1:09.1","1","8.0","56.8","34.1","8-6","栗東藤野","448(-12)","https://race.netkeiba.com/race/result.html?race_id=202501010107&rf=race_list"
"392","5","2025年7月26日","札幌","7R","3歳以上1勝クラス","芝1200m (右A)","13:20","曇","良","5","8","8","イリュージョン","牝5","牝","5","56.0","藤岡佑","1:09.3","1.1/4","5.0","9.7","34.5","5-4","美浦西田","476(-6)","https://race.netkeiba.com/race/result.html?race_id=202501010107&rf=race_list"
"393","6","2025年7月26日","札幌","7R","3歳以上1勝クラス","芝1200m (右A)","13:20","曇","良","6","2","2","メラヴィリオーザ","牝5","牝","5","56.0","黛","1:09.4","クビ","7.0","20.2","34.5","7-6","栗東秋山","468(+8)","https://race.netkeiba.com/race/result.html?race_id=202501010107&rf=race_list"
"394","7","2025年7月26日","札幌","7R","3歳以上1勝クラス","芝1200m (右A)","13:20","曇","良","7","3","3","カルミネイション","牝3","牝","3","50.0","▲和田陽","1:09.7","1.3/4","6.0","17.0","34.9","5-6","栗東緒方","440(-10)","https://race.netkeiba.com/race/result.html?race_id=202501010107&rf=race_list"
"395","8","2025年7月26日","札幌","7R","3歳以上1勝クラス","芝1200m (右A)","13:20","曇","良","8","4","4","テンペストヒロイン","牝3","牝","3","50.0","▲鷲頭","1:11.2","9","3.0","3.9","37.2","2-2","美浦堀内","472(+4)","https://race.netkeiba.com/race/result.html?race_id=202501010107&rf=race_list"
"396","1","2025年7月26日","札幌","8R","3歳以上1勝クラス","芝2000m (右A)","13:50","曇","良","1","2","2","ショウナンサムデイ","牝3","牝","3","53.0","池添","2:00.2","","3.0","5.9","34.3","2-3-2-2","美浦奥村武","436(+12)","https://race.netkeiba.com/race/result.html?race_id=202501010108&rf=race_list"
"397","2","2025年7月26日","札幌","8R","3歳以上1勝クラス","芝2000m (右A)","13:50","曇","良","2","5","5","キングスコール","牡3","牡","3","55.0","藤岡佑","2:00.2","ハナ","1.0","1.2","34.4","2-2-2-2","栗東矢作","498(0)","https://race.netkeiba.com/race/result.html?race_id=202501010108&rf=race_list"
"398","3","2025年7月26日","札幌","8R","3歳以上1勝クラス","芝2000m (右A)","13:50","曇","良","3","4","4","マイネルフーガ","牡3","牡","3","55.0","横山武","2:00.4","1.1/4","2.0","4.8","34.7","1-1-1-1","美浦鈴木慎","468(0)","https://race.netkeiba.com/race/result.html?race_id=202501010108&rf=race_list"
"399","4","2025年7月26日","札幌","8R","3歳以上1勝クラス","芝2000m (右A)","13:50","曇","良","4","1","1","マイバラード","牡5","牡","5","58.0","斎藤","2:00.8","2.1/2","5.0","25.7","34.7","5-5-4-4","美浦松永康","472(-4)","https://race.netkeiba.com/race/result.html?race_id=202501010108&rf=race_list"
"400","5","2025年7月26日","札幌","8R","3歳以上1勝クラス","芝2000m (右A)","13:50","曇","良","5","3","3","デルマジュテーム","牝3","牝","3","53.0","古川吉","2:01.2","2.1/2","4.0","23.6","35.2","4-4-4-4","美浦的場","446(-4)","https://race.netkeiba.com/race/result.html?race_id=202501010108&rf=race_list"
"401","1","2025年7月26日","札幌","9R","3歳以上1勝クラス","ダ1700m (右)","14:20","小雨","良","1","7","11","ショウナンヤッホー","牡3","牡","3","55.0","池添","1:45.5","","1.0","3.3","37.6","8-8-6-5","美浦栗田","484(+2)","https://race.netkeiba.com/race/result.html?race_id=202501010109&rf=race_list"
"402","2","2025年7月26日","札幌","9R","3歳以上1勝クラス","ダ1700m (右)","14:20","小雨","良","2","4","4","ブレイジングスター","牡3","牡","3","52.0","▲和田陽","1:45.6","1/2","10.0","58.2","38.2","2-2-1-1","栗東高橋康","478(0)","https://race.netkeiba.com/race/result.html?race_id=202501010109&rf=race_list"
"403","3","2025年7月26日","札幌","9R","3歳以上1勝クラス","ダ1700m (右)","14:20","小雨","良","3","7","10","リュミナーズ","牝3","牝","3","53.0","松岡","1:46.0","2.1/2","7.0","22.9","37.8","9-9-8-8","美浦堀内","448(-2)","https://race.netkeiba.com/race/result.html?race_id=202501010109&rf=race_list"
"404","4","2025年7月26日","札幌","9R","3歳以上1勝クラス","ダ1700m (右)","14:20","小雨","良","4","8","12","レッドベルダンス","牡3","牡","3","55.0","嶋田","1:46.2","1.1/4","3.0","4.7","38.4","6-6-5-3","美浦手塚久","480(+8)","https://race.netkeiba.com/race/result.html?race_id=202501010109&rf=race_list"
"405","5","2025年7月26日","札幌","9R","3歳以上1勝クラス","ダ1700m (右)","14:20","小雨","良","5","8","13","ウォーターリーダー","牡5","牡","5","58.0","武豊","1:46.2","アタマ","4.0","6.2","37.8","12-11-10-9","栗東藤野","450(-6)","https://race.netkeiba.com/race/result.html?race_id=202501010109&rf=race_list"
"406","6","2025年7月26日","札幌","9R","3歳以上1勝クラス","ダ1700m (右)","14:20","小雨","良","6","6","9","コスモシェルベット","牡3","牡","3","55.0","横山武","1:46.3","1/2","2.0","3.7","38.6","4-4-4-5","美浦水野","448(+12)","https://race.netkeiba.com/race/result.html?race_id=202501010109&rf=race_list"
"407","7","2025年7月26日","札幌","9R","3歳以上1勝クラス","ダ1700m (右)","14:20","小雨","良","7","5","6","クールシェルタ","牡6","牡","6","58.0","黛","1:46.4","1/2","12.0","92.4","38.1","11-11-10-9","美浦高橋文","500(-4)","https://race.netkeiba.com/race/result.html?race_id=202501010109&rf=race_list"
"408","8","2025年7月26日","札幌","9R","3歳以上1勝クラス","ダ1700m (右)","14:20","小雨","良","8","4","5","ユウェンタース","牝3","牝","3","53.0","鮫島駿","1:46.5","1","8.0","30.0","38.4","7-6-8-5","栗東宮","490(0)","https://race.netkeiba.com/race/result.html?race_id=202501010109&rf=race_list"
"409","9","2025年7月26日","札幌","9R","3歳以上1勝クラス","ダ1700m (右)","14:20","小雨","良","9","6","8","サトノルクソン","牡5","牡","5","55.0","▲舟山","1:46.6","クビ","6.0","15.9","39.0","3-3-3-3","栗東藤原","470(-4)","https://race.netkeiba.com/race/result.html?race_id=202501010109&rf=race_list"
"410","10","2025年7月26日","札幌","9R","3歳以上1勝クラス","ダ1700m (右)","14:20","小雨","良","10","5","7","ロストボール","セ6","セ","6","55.0","▲森田","1:46.7","3/4","13.0","235.3","38.2","9-10-12-12","美浦加藤和","444(-4)","https://race.netkeiba.com/race/result.html?race_id=202501010109&rf=race_list"
"411","11","2025年7月26日","札幌","9R","3歳以上1勝クラス","ダ1700m (右)","14:20","小雨","良","11","1","1","スズノソレイユ","牡3","牡","3","52.0","▲小林美","1:46.7","アタマ","5.0","9.5","39.3","1-1-2-2","栗東平田","500(+12)","https://race.netkeiba.com/race/result.html?race_id=202501010109&rf=race_list"
"412","12","2025年7月26日","札幌","9R","3歳以上1勝クラス","ダ1700m (右)","14:20","小雨","良","12","2","2","コムルヴァン","牝4","牝","4","56.0","斎藤","1:48.1","8","11.0","64.9","40.2","4-4-6-11","栗東藤岡","470(-4)","https://race.netkeiba.com/race/result.html?race_id=202501010109&rf=race_list"
"413","13","2025年7月26日","札幌","9R","3歳以上1勝クラス","ダ1700m (右)","14:20","小雨","良","13","3","3","オメガドライヴ","牡3","牡","3","54.0","☆松本","1:51.1","大","9.0","47.7","42.1","13-11-13-13","栗東安田","504(+12)","https://race.netkeiba.com/race/result.html?race_id=202501010109&rf=race_list"
"414","1","2025年7月26日","札幌","10R","ライラック賞","芝2600m (右A)","14:50","小雨","良","1","5","6","スピードリッチ","牡4","牡","4","58.0","藤岡佑","2:39.9","","3.0","4.9","35.2","5-6-6-2","栗東藤岡","480(+6)","https://race.netkeiba.com/race/result.html?race_id=202501010110&rf=race_list"
"415","2","2025年7月26日","札幌","10R","ライラック賞","芝2600m (右A)","14:50","小雨","良","2","8","12","ウインマクシマム","牡4","牡","4","58.0","松岡","2:40.2","2","1.0","3.6","36.0","3-3-3-1","美浦畠山","500(+20)","https://race.netkeiba.com/race/result.html?race_id=202501010110&rf=race_list"
"416","3","2025年7月26日","札幌","10R","ライラック賞","芝2600m (右A)","14:50","小雨","良","3","3","3","デルマグレムリン","牡6","牡","6","58.0","和田陽","2:40.5","1.3/4","11.0","93.0","35.8","9-10-6-4","栗東緒方","466(+4)","https://race.netkeiba.com/race/result.html?race_id=202501010110&rf=race_list"
"417","4","2025年7月26日","札幌","10R","ライラック賞","芝2600m (右A)","14:50","小雨","良","4","6","9","ライフセービング","牡4","牡","4","58.0","鮫島駿","2:40.5","クビ","7.0","13.2","35.6","11-11-11-10","栗東宮","458(+6)","https://race.netkeiba.com/race/result.html?race_id=202501010110&rf=race_list"
"418","5","2025年7月26日","札幌","10R","ライラック賞","芝2600m (右A)","14:50","小雨","良","5","6","8","ヴァイザーバルコ","セ5","セ","5","58.0","古川吉","2:40.6","1/2","4.0","6.8","35.7","12-12-11-6","美浦水野","472(0)","https://race.netkeiba.com/race/result.html?race_id=202501010110&rf=race_list"
"419","6","2025年7月26日","札幌","10R","ライラック賞","芝2600m (右A)","14:50","小雨","良","6","2","2","バレンタインガール","牝4","牝","4","56.0","佐々木","2:40.6","アタマ","2.0","3.9","35.8","8-8-8-4","美浦古賀","476(-4)","https://race.netkeiba.com/race/result.html?race_id=202501010110&rf=race_list"
"420","7","2025年7月26日","札幌","10R","ライラック賞","芝2600m (右A)","14:50","小雨","良","7","5","7","ハイラント","牡4","牡","4","58.0","丹内","2:41.2","3.1/2","6.0","11.9","35.8","13-13-13-10","美浦伊藤大","446(-4)","https://race.netkeiba.com/race/result.html?race_id=202501010110&rf=race_list"
"421","8","2025年7月26日","札幌","10R","ライラック賞","芝2600m (右A)","14:50","小雨","良","8","7","11","ミヤビブレイブ","牝5","牝","5","56.0","北村友","2:41.5","1.1/2","8.0","13.6","37.1","9-5-4-2","美浦小島","470(-6)","https://race.netkeiba.com/race/result.html?race_id=202501010110&rf=race_list"
"422","9","2025年7月26日","札幌","10R","ライラック賞","芝2600m (右A)","14:50","小雨","良","9","8","13","キャリーハピネス","牡5","牡","5","58.0","斎藤","2:41.7","1.1/4","9.0","43.8","36.9","6-7-8-7","栗東河嶋","500(+4)","https://race.netkeiba.com/race/result.html?race_id=202501010110&rf=race_list"
"423","10","2025年7月26日","札幌","10R","ライラック賞","芝2600m (右A)","14:50","小雨","良","10","1","1","チョメチョメ","牡4","牡","4","58.0","荻野琢","2:42.7","6","12.0","153.5","37.9","6-8-8-13","美浦松永康","476(-2)","https://race.netkeiba.com/race/result.html?race_id=202501010110&rf=race_list"
"424","11","2025年7月26日","札幌","10R","ライラック賞","芝2600m (右A)","14:50","小雨","良","11","7","10","コルデアニル","牝5","牝","5","56.0","原田和","2:43.4","4","13.0","223.3","39.4","1-1-1-7","美浦金成","472(-4)","https://race.netkeiba.com/race/result.html?race_id=202501010110&rf=race_list"
"425","12","2025年7月26日","札幌","10R","ライラック賞","芝2600m (右A)","14:50","小雨","良","12","4","5","グレン","牡5","牡","5","58.0","松本","2:43.4","クビ","10.0","72.4","38.9","4-4-4-7","栗東野中","500(+2)","https://race.netkeiba.com/race/result.html?race_id=202501010110&rf=race_list"
"426","13","2025年7月26日","札幌","10R","ライラック賞","芝2600m (右A)","14:50","小雨","良","13","4","4","ラスハンメル","牡5","牡","5","58.0","武豊","2:46.4","大","5.0","11.3","42.3","2-2-2-10","栗東松永幹","534(+12)","https://race.netkeiba.com/race/result.html?race_id=202501010110&rf=race_list"
"427","1","2025年7月26日","札幌","11R","TVh賞","芝1200m (右A)","15:25","小雨","良","1","3","3","カルプスペルシュ","牝3","牝","3","53.0","横山武","1:07.4","","1.0","2.0","33.5","2-2","栗東石坂","460(-10)","https://race.netkeiba.com/race/result.html?race_id=202501010111&rf=race_list"
"428","2","2025年7月26日","札幌","11R","TVh賞","芝1200m (右A)","15:25","小雨","良","2","1","1","ルーフ","牝5","牝","5","52.0","北村友","1:07.6","1","6.0","16.5","33.6","3-3","栗東清水久","502(-8)","https://race.netkeiba.com/race/result.html?race_id=202501010111&rf=race_list"
"429","3","2025年7月26日","札幌","11R","TVh賞","芝1200m (右A)","15:25","小雨","良","3","2","2","ポエットリー","牝4","牝","4","54.0","鮫島駿","1:07.9","2","7.0","18.0","33.6","5-6","栗東平田","476(-6)","https://race.netkeiba.com/race/result.html?race_id=202501010111&rf=race_list"
"430","4","2025年7月26日","札幌","11R","TVh賞","芝1200m (右A)","15:25","小雨","良","4","5","6","ゴールドサーベル","牡4","牡","4","55.0","藤岡佑","1:08.0","1/2","9.0","28.8","32.9","12-12","栗東大久保","468(-2)","https://race.netkeiba.com/race/result.html?race_id=202501010111&rf=race_list"
"431","5","2025年7月26日","札幌","11R","TVh賞","芝1200m (右A)","15:25","小雨","良","5","7","10","エマヌエーレ","牡5","牡","5","56.0","池添","1:08.1","1/2","5.0","13.8","33.6","7-8","栗東平田","510(-4)","https://race.netkeiba.com/race/result.html?race_id=202501010111&rf=race_list"
"432","6","2025年7月26日","札幌","11R","TVh賞","芝1200m (右A)","15:25","小雨","良","6","6","8","シュヴェルトライテ","牝6","牝","6","54.0","松本","1:08.1","アタマ","12.0","78.1","33.5","9-9","美浦池上","446(-2)","https://race.netkeiba.com/race/result.html?race_id=202501010111&rf=race_list"
"433","7","2025年7月26日","札幌","11R","TVh賞","芝1200m (右A)","15:25","小雨","良","7","5","5","ナムラローズマリー","牝4","牝","4","55.0","武豊","1:08.3","1.1/4","2.0","4.2","34.5","1-1","栗東羽月","474(-4)","https://race.netkeiba.com/race/result.html?race_id=202501010111&rf=race_list"
"434","8","2025年7月26日","札幌","11R","TVh賞","芝1200m (右A)","15:25","小雨","良","8","8","11","ソノママソノママ","牝5","牝","5","54.0","斎藤","1:08.4","1/2","4.0","13.3","33.7","10-9","栗東奥村豊","452(-2)","https://race.netkeiba.com/race/result.html?race_id=202501010111&rf=race_list"
"435","9","2025年7月26日","札幌","11R","TVh賞","芝1200m (右A)","15:25","小雨","良","9","8","12","モズナナスター","牝3","牝","3","53.0","吉田隼","1:08.5","クビ","3.0","8.6","34.2","5-5","栗東矢作","436(-4)","https://race.netkeiba.com/race/result.html?race_id=202501010111&rf=race_list"
"436","10","2025年7月26日","札幌","11R","TVh賞","芝1200m (右A)","15:25","小雨","良","10","6","7","トウカイファクター","セ6","セ","6","55.0","丹内","1:08.6","3/4","11.0","30.2","33.9","10-9","美浦菊川","456(-8)","https://race.netkeiba.com/race/result.html?race_id=202501010111&rf=race_list"
"437","11","2025年7月26日","札幌","11R","TVh賞","芝1200m (右A)","15:25","小雨","良","11","4","4","マキアージュ","牝6","牝","6","51.0","小林美","1:08.7","クビ","8.0","24.3","34.5","4-3","美浦菊川","470(+6)","https://race.netkeiba.com/race/result.html?race_id=202501010111&rf=race_list"
"438","12","2025年7月26日","札幌","11R","TVh賞","芝1200m (右A)","15:25","小雨","良","12","7","9","ロードトレイル","牡4","牡","4","55.0","佐々木","1:08.7","ハナ","10.0","30.0","34.2","7-6","栗東藤岡","488(-6)","https://race.netkeiba.com/race/result.html?race_id=202501010111&rf=race_list"
"439","1","2025年7月26日","札幌","12R","桑園特別","ダ1700m (右)","16:01","小雨","良","1","6","10","ワイドブリザード","セ4","セ","4","58.0","浜中","1:45.2","","1.0","2.0","36.5","1-1-1-1","栗東佐藤悠","438(-6)","https://race.netkeiba.com/race/result.html?race_id=202501010112&rf=race_list"
"440","2","2025年7月26日","札幌","12R","桑園特別","ダ1700m (右)","16:01","小雨","良","2","3","4","ウインアルドーレ","牡4","牡","4","58.0","松岡","1:45.7","3","9.0","36.1","36.9","2-2-2-2","栗東西園翔","496(+6)","https://race.netkeiba.com/race/result.html?race_id=202501010112&rf=race_list"
"441","3","2025年7月26日","札幌","12R","桑園特別","ダ1700m (右)","16:01","小雨","良","3","8","14","マイノワール","牡4","牡","4","58.0","武豊","1:45.7","ハナ","3.0","8.5","35.9","13-14-10-7","栗東笹田","474(-4)","https://race.netkeiba.com/race/result.html?race_id=202501010112&rf=race_list"
"442","4","2025年7月26日","札幌","12R","桑園特別","ダ1700m (右)","16:01","小雨","良","4","2","2","ケイアイメキラ","セ5","セ","5","58.0","黛","1:46.2","3","13.0","108.1","36.9","6-5-5-5","栗東秋山","492(+8)","https://race.netkeiba.com/race/result.html?race_id=202501010112&rf=race_list"
"443","5","2025年7月26日","札幌","12R","桑園特別","ダ1700m (右)","16:01","小雨","良","5","4","6","アセレラシオン","牡4","牡","4","58.0","鮫島駿","1:46.2","アタマ","7.0","13.7","37.2","3-3-3-3","栗東浜田","526(-2)","https://race.netkeiba.com/race/result.html?race_id=202501010112&rf=race_list"
"444","6","2025年7月26日","札幌","12R","桑園特別","ダ1700m (右)","16:01","小雨","良","6","1","1","アイウィル","牡4","牡","4","58.0","佐々木","1:46.3","クビ","6.0","10.7","37.4","3-3-3-3","美浦高木","512(-8)","https://race.netkeiba.com/race/result.html?race_id=202501010112&rf=race_list"
"445","7","2025年7月26日","札幌","12R","桑園特別","ダ1700m (右)","16:01","小雨","良","7","5","7","トゥルブレンシア","セ8","セ","8","58.0","斎藤","1:46.5","1.1/4","12.0","90.4","37.2","5-6-5-5","栗東東田","458(-2)","https://race.netkeiba.com/race/result.html?race_id=202501010112&rf=race_list"
"446","8","2025年7月26日","札幌","12R","桑園特別","ダ1700m (右)","16:01","小雨","良","8","5","8","バニシングポイント","セ7","セ","7","58.0","古川吉","1:46.7","1.1/4","10.0","42.1","36.9","10-10-10-10","美浦古賀","484(-12)","https://race.netkeiba.com/race/result.html?race_id=202501010112&rf=race_list"
"447","9","2025年7月26日","札幌","12R","桑園特別","ダ1700m (右)","16:01","小雨","良","9","6","9","ヒルノデプラーツ","牡6","牡","6","58.0","松本","1:46.8","クビ","14.0","157.6","36.8","13-12-13-12","栗東北出","494(-4)","https://race.netkeiba.com/race/result.html?race_id=202501010112&rf=race_list"
"448","10","2025年7月26日","札幌","12R","桑園特別","ダ1700m (右)","16:01","小雨","良","10","7","11","ラオラシオン","牡4","牡","4","58.0","吉田隼","1:46.8","クビ","5.0","8.8","37.4","10-10-5-7","美浦斎藤誠","490(+6)","https://race.netkeiba.com/race/result.html?race_id=202501010112&rf=race_list"
"449","11","2025年7月26日","札幌","12R","桑園特別","ダ1700m (右)","16:01","小雨","良","11","3","3","コスモオピニオン","牡5","牡","5","58.0","丹内","1:47.0","1.1/4","8.0","28.1","37.5","7-7-8-9","美浦黒岩","508(-6)","https://race.netkeiba.com/race/result.html?race_id=202501010112&rf=race_list"
"450","12","2025年7月26日","札幌","12R","桑園特別","ダ1700m (右)","16:01","小雨","良","12","8","13","ムジェロ","牡5","牡","5","58.0","北村友","1:47.5","3","4.0","8.8","37.9","10-12-8-10","栗東藤原","518(-4)","https://race.netkeiba.com/race/result.html?race_id=202501010112&rf=race_list"
"451","13","2025年7月26日","札幌","12R","桑園特別","ダ1700m (右)","16:01","小雨","良","13","4","5","バロンドール","牡4","牡","4","58.0","横山典","1:48.6","7","2.0","8.4","38.6","7-7-13-13","栗東松永幹","538(+12)","https://race.netkeiba.com/race/result.html?race_id=202501010112&rf=race_list"
"452","14","2025年7月26日","札幌","12R","桑園特別","ダ1700m (右)","16:01","小雨","良","14","7","12","フラッシング","牡4","牡","4","58.0","藤岡佑","1:49.0","2.1/2","11.0","83.3","39.2","7-7-10-14","栗東牧浦","476(-4)","https://race.netkeiba.com/race/result.html?race_id=202501010112&rf=race_list"
"453","1","2025年7月27日","新潟","1R","2歳未勝利","芝1600m (左 外A)","09:45","晴","良","1","2","2","ディアダイヤモンド","牝2","牝","2","55.0","ルメー","1:35.9","","1.0","1.1","32.9","1-1","美浦手塚久","468(+6)","https://race.netkeiba.com/race/result.html?race_id=202504020201&rf=race_list"
"454","2","2025年7月27日","新潟","1R","2歳未勝利","芝1600m (左 外A)","09:45","晴","良","2","5","5","ジュリ","牝2","牝","2","52.0","▲石田","1:37.1","7","6.0","107.1","34.0","2-2","美浦萱野","416(+6)","https://race.netkeiba.com/race/result.html?race_id=202504020201&rf=race_list"
"455","3","2025年7月27日","新潟","1R","2歳未勝利","芝1600m (左 外A)","09:45","晴","良","3","3","3","バーヴァンシー","牝2","牝","2","55.0","三浦","1:37.1","クビ","3.0","32.0","33.7","6-5","美浦村田","476(+6)","https://race.netkeiba.com/race/result.html?race_id=202504020201&rf=race_list"
"456","4","2025年7月27日","新潟","1R","2歳未勝利","芝1600m (左 外A)","09:45","晴","良","4","4","4","ブライスフェアリー","牝2","牝","2","52.0","▲石神道","1:37.2","1/2","4.0","37.1","33.7","5-5","美浦堀内","410(+6)","https://race.netkeiba.com/race/result.html?race_id=202504020201&rf=race_list"
"457","5","2025年7月27日","新潟","1R","2歳未勝利","芝1600m (左 外A)","09:45","晴","良","5","7","7","セルリア","牝2","牝","2","55.0","大野","1:37.3","1/2","2.0","12.2","33.8","7-7","美浦大和田","444(-4)","https://race.netkeiba.com/race/result.html?race_id=202504020201&rf=race_list"
"458","6","2025年7月27日","新潟","1R","2歳未勝利","芝1600m (左 外A)","09:45","晴","良","6","1","1","アビエーション","牝2","牝","2","55.0","内田博","1:38.4","7","5.0","50.8","35.1","3-2","美浦佐藤吉","464(+6)","https://race.netkeiba.com/race/result.html?race_id=202504020201&rf=race_list"
"459","7","2025年7月27日","新潟","1R","2歳未勝利","芝1600m (左 外A)","09:45","晴","良","7","6","6","ナタール","牝2","牝","2","52.0","▲佐藤","1:38.6","1.1/4","7.0","174.8","35.3","3-4","美浦杉浦","492(+4)","https://race.netkeiba.com/race/result.html?race_id=202504020201&rf=race_list"
"460","1","2025年7月27日","新潟","2R","2歳未勝利","芝1800m (左 外A)","10:20","晴","良","1","5","5","ゾロアストロ","牡2","牡","2","55.0","ルメー","1:47.4","","1.0","1.1","32.9","2-2","美浦宮田","466(-2)","https://race.netkeiba.com/race/result.html?race_id=202504020202&rf=race_list"
"461","2","2025年7月27日","新潟","2R","2歳未勝利","芝1800m (左 外A)","10:20","晴","良","2","6","6","ジーネキング","牡2","牡","2","55.0","戸崎圭","1:47.8","2.1/2","2.0","4.4","33.4","1-1","美浦斎藤誠","476(-2)","https://race.netkeiba.com/race/result.html?race_id=202504020202&rf=race_list"
"462","3","2025年7月27日","新潟","2R","2歳未勝利","芝1800m (左 外A)","10:20","晴","良","3","1","1","パンジー","牝2","牝","2","55.0","丸田","1:49.7","大","6.0","142.7","34.8","3-3","美浦深山","436(0)","https://race.netkeiba.com/race/result.html?race_id=202504020202&rf=race_list"
"463","4","2025年7月27日","新潟","2R","2歳未勝利","芝1800m (左 外A)","10:20","晴","良","4","3","3","クリスタルメモリー","牝2","牝","2","55.0","原","1:49.9","1.1/4","4.0","61.0","35.0","5-5","美浦萱野","454(+2)","https://race.netkeiba.com/race/result.html?race_id=202504020202&rf=race_list"
"464","5","2025年7月27日","新潟","2R","2歳未勝利","芝1800m (左 外A)","10:20","晴","良","5","2","2","ソルトバーン","牝2","牝","2","55.0","柴田大","1:50.2","1.3/4","5.0","78.6","34.9","5-5","美浦和田雄","420(-6)","https://race.netkeiba.com/race/result.html?race_id=202504020202&rf=race_list"
"465","6","2025年7月27日","新潟","2R","2歳未勝利","芝1800m (左 外A)","10:20","晴","良","6","4","4","シシリアンフラッグ","牝2","牝","2","52.0","▲石神道","1:50.7","3","3.0","52.5","35.9","3-3","美浦中川","388(-4)","https://race.netkeiba.com/race/result.html?race_id=202504020202&rf=race_list"
"466","1","2025年7月27日","新潟","3R","2歳新馬","芝1600m (左 外A)","10:50","晴","良","1","7","7","フィロステファニ","牝2","牝","2","55.0","キング","1:37.1","","2.0","2.8","32.6","5-7","栗東中内田","448(0)","https://race.netkeiba.com/race/result.html?race_id=202504020203&rf=race_list"
"467","2","2025年7月27日","新潟","3R","2歳新馬","芝1600m (左 外A)","10:50","晴","良","2","8","8","ディールメーカー","牡2","牡","2","55.0","横山琉","1:37.1","クビ","5.0","33.3","32.8","5-5","美浦大和田","486(0)","https://race.netkeiba.com/race/result.html?race_id=202504020203&rf=race_list"
"468","3","2025年7月27日","新潟","3R","2歳新馬","芝1600m (左 外A)","10:50","晴","良","3","2","2","ペルウィクトール","牡2","牡","2","55.0","ルメー","1:37.3","1.1/2","1.0","1.5","33.0","3-3","美浦宮田","508(0)","https://race.netkeiba.com/race/result.html?race_id=202504020203&rf=race_list"
"469","4","2025年7月27日","新潟","3R","2歳新馬","芝1600m (左 外A)","10:50","晴","良","4","6","6","ゴールデンブラッド","牡2","牡","2","55.0","戸崎圭","1:37.5","1.1/4","3.0","8.5","33.2","4-3","栗東杉山晴","470(0)","https://race.netkeiba.com/race/result.html?race_id=202504020203&rf=race_list"
"470","5","2025年7月27日","新潟","3R","2歳新馬","芝1600m (左 外A)","10:50","晴","良","5","5","5","ガリレア","牡2","牡","2","55.0","杉原","1:37.5","アタマ","9.0","83.3","33.3","2-2","美浦清水英","434(0)","https://race.netkeiba.com/race/result.html?race_id=202504020203&rf=race_list"
"471","6","2025年7月27日","新潟","3R","2歳新馬","芝1600m (左 外A)","10:50","晴","良","6","3","3","ハングローズ","牝2","牝","2","55.0","石橋脩","1:37.6","3/4","6.0","37.2","33.0","8-8","美浦奥村武","452(0)","https://race.netkeiba.com/race/result.html?race_id=202504020203&rf=race_list"
"472","7","2025年7月27日","新潟","3R","2歳新馬","芝1600m (左 外A)","10:50","晴","良","7","8","9","ソニックキャット","牡2","牡","2","55.0","菅原明","1:38.6","6","4.0","25.4","34.3","8-8","美浦田村","514(0)","https://race.netkeiba.com/race/result.html?race_id=202504020203&rf=race_list"
"473","8","2025年7月27日","新潟","3R","2歳新馬","芝1600m (左 外A)","10:50","晴","良","8","1","1","ホノボノ","牡2","牡","2","55.0","木幡巧","1:38.9","1.3/4","8.0","68.9","34.5","5-5","美浦尾形","436(0)","https://race.netkeiba.com/race/result.html?race_id=202504020203&rf=race_list"
"474","9","2025年7月27日","新潟","3R","2歳新馬","芝1600m (左 外A)","10:50","晴","良","9","4","4","セントリアン","牝2","牝","2","53.0","◇今村","1:39.7","5","7.0","68.2","35.6","1-1","美浦萱野","428(0)","https://race.netkeiba.com/race/result.html?race_id=202504020203&rf=race_list"
"475","1","2025年7月27日","新潟","4R","3歳未勝利","ダ1800m (左)","11:20","晴","良","1","2","3","ディースプレマシー","牡3","牡","3","57.0","木幡巧","1:53.8","","4.0","6.6","38.5","9-8-6-6","美浦牧","450(+10)","https://race.netkeiba.com/race/result.html?race_id=202504020204&rf=race_list"
"476","2","2025年7月27日","新潟","4R","3歳未勝利","ダ1800m (左)","11:20","晴","良","2","5","9","ヨドノタイヨウ","牡3","牡","3","57.0","小林凌","1:53.9","1/2","9.0","36.7","39.4","2-2-2-2","美浦小西","502(0)","https://race.netkeiba.com/race/result.html?race_id=202504020204&rf=race_list"
"477","3","2025年7月27日","新潟","4R","3歳未勝利","ダ1800m (左)","11:20","晴","良","3","7","12","タマモクリーガー","牡3","牡","3","57.0","菊沢","1:54.2","1.1/2","6.0","11.6","38.6","10-10-9-8","美浦菊沢","478(+14)","https://race.netkeiba.com/race/result.html?race_id=202504020204&rf=race_list"
"478","4","2025年7月27日","新潟","4R","3歳未勝利","ダ1800m (左)","11:20","晴","良","4","3","5","メイショウコウベ","牡3","牡","3","57.0","大野","1:54.7","3.1/2","1.0","2.9","40.2","1-1-1-1","美浦和田勇","470(0)","https://race.netkeiba.com/race/result.html?race_id=202504020204&rf=race_list"
"479","5","2025年7月27日","新潟","4R","3歳未勝利","ダ1800m (左)","11:20","晴","良","5","8","14","セブンスウェイ","牡3","牡","3","57.0","丸田","1:55.1","2","3.0","5.6","40.4","6-5-3-3","美浦清水英","506(-2)","https://race.netkeiba.com/race/result.html?race_id=202504020204&rf=race_list"
"480","6","2025年7月27日","新潟","4R","3歳未勝利","ダ1800m (左)","11:20","晴","良","6","7","13","グランスターオー","牡3","牡","3","54.0","▲石田","1:55.1","ハナ","13.0","179.9","39.7","5-5-6-7","美浦加藤和","496(0)","https://race.netkeiba.com/race/result.html?race_id=202504020204&rf=race_list"
"481","7","2025年7月27日","新潟","4R","3歳未勝利","ダ1800m (左)","11:20","晴","良","7","4","6","ドラゴンバスター","セ3","セ","3","54.0","▲水沼","1:55.5","2.1/2","11.0","68.9","40.5","6-5-4-4","美浦萱野","450(-4)","https://race.netkeiba.com/race/result.html?race_id=202504020204&rf=race_list"
"482","8","2025年7月27日","新潟","4R","3歳未勝利","ダ1800m (左)","11:20","晴","良","8","1","1","ホウオウサンサール","牡3","牡","3","57.0","菅原明","1:55.7","1.1/2","8.0","25.9","38.9","13-13-13-13","美浦高木","506(+2)","https://race.netkeiba.com/race/result.html?race_id=202504020204&rf=race_list"
"483","9","2025年7月27日","新潟","4R","3歳未勝利","ダ1800m (左)","11:20","晴","良","9","2","2","カイブショウ","牡3","牡","3","57.0","石橋脩","1:56.1","2.1/2","12.0","139.2","39.8","12-12-12-12","美浦尾関","486(0)","https://race.netkeiba.com/race/result.html?race_id=202504020204&rf=race_list"
"484","10","2025年7月27日","新潟","4R","3歳未勝利","ダ1800m (左)","11:20","晴","良","10","6","10","クラウンハート","牡3","牡","3","57.0","横山琉","1:56.2","クビ","5.0","8.2","40.6","11-11-9-8","美浦相沢","490(-2)","https://race.netkeiba.com/race/result.html?race_id=202504020204&rf=race_list"
"485","11","2025年7月27日","新潟","4R","3歳未勝利","ダ1800m (左)","11:20","晴","良","11","4","7","ウインマグノリア","牡3","牡","3","57.0","キング","1:56.2","クビ","2.0","4.9","40.3","6-8-11-11","美浦千葉","456(-2)","https://race.netkeiba.com/race/result.html?race_id=202504020204&rf=race_list"
"486","12","2025年7月27日","新潟","4R","3歳未勝利","ダ1800m (左)","11:20","晴","良","12","8","15","カフェヘニーハイ","牡3","牡","3","57.0","内田博","1:56.4","1.1/4","10.0","50.2","41.4","4-3-4-4","美浦中舘","514(+6)","https://race.netkeiba.com/race/result.html?race_id=202504020204&rf=race_list"
"487","13","2025年7月27日","新潟","4R","3歳未勝利","ダ1800m (左)","11:20","晴","良","13","5","8","ナックシュバリエ","牡3","牡","3","54.0","▲佐藤","1:57.3","5","14.0","197.4","39.8","14-14-14-14","美浦杉浦","490(-13)","https://race.netkeiba.com/race/result.html?race_id=202504020204&rf=race_list"
"488","14","2025年7月27日","新潟","4R","3歳未勝利","ダ1800m (左)","11:20","晴","良","14","6","11","ブランフォルテ","牡3","牡","3","57.0","原","1:58.1","5","7.0","20.8","42.7","3-3-6-10","美浦辻","484(+4)","https://race.netkeiba.com/race/result.html?race_id=202504020204&rf=race_list"
"489","15","2025年7月27日","新潟","4R","3歳未勝利","ダ1800m (左)","11:20","晴","良","15","3","4","サイモンカクタス","牡3","牡","3","57.0","石川","2:03.9","大","15.0","208.6","46.2","14-14-15-15","美浦稲垣","442(-6)","https://race.netkeiba.com/race/result.html?race_id=202504020204&rf=race_list"
"490","1","2025年7月27日","新潟","5R","3歳未勝利","ダ1200m (左)","11:50","晴","良","1","8","14","トラストパイロ","牡3","牡","3","57.0","三浦","1:11.6","","1.0","2.0","36.5","3-3","美浦田村","494(+6)","https://race.netkeiba.com/race/result.html?race_id=202504020205&rf=race_list"
"491","2","2025年7月27日","新潟","5R","3歳未勝利","ダ1200m (左)","11:50","晴","良","2","6","10","シスター","牝3","牝","3","55.0","菊沢","1:12.3","4","10.0","34.7","36.9","5-5","美浦勢司","478(-6)","https://race.netkeiba.com/race/result.html?race_id=202504020205&rf=race_list"
"492","3","2025年7月27日","新潟","5R","3歳未勝利","ダ1200m (左)","11:50","晴","良","3","8","15","サヤヒメ","牝3","牝","3","55.0","原","1:12.4","3/4","12.0","51.5","36.8","8-8","美浦青木","464(-7)","https://race.netkeiba.com/race/result.html?race_id=202504020205&rf=race_list"
"493","4","2025年7月27日","新潟","5R","3歳未勝利","ダ1200m (左)","11:50","晴","良","4","5","9","ダイタエリュシオン","牡3","牡","3","54.0","▲石神道","1:12.5","3/4","8.0","19.5","36.6","12-11","美浦土田","466(+6)","https://race.netkeiba.com/race/result.html?race_id=202504020205&rf=race_list"
"494","5","2025年7月27日","新潟","5R","3歳未勝利","ダ1200m (左)","11:50","晴","良","5","4","6","ロッカバイベイビー","牝3","牝","3","52.0","▲佐藤","1:12.6","クビ","5.0","14.9","37.1","8-8","美浦伊藤圭","444(+8)","https://race.netkeiba.com/race/result.html?race_id=202504020205&rf=race_list"
"495","6","2025年7月27日","新潟","5R","3歳未勝利","ダ1200m (左)","11:50","晴","良","6","7","12","ゲンキイッパイ","牡3","牡","3","57.0","杉原","1:12.7","1/2","4.0","9.5","37.0","11-11","美浦石栗","508(-2)","https://race.netkeiba.com/race/result.html?race_id=202504020205&rf=race_list"
"496","7","2025年7月27日","新潟","5R","3歳未勝利","ダ1200m (左)","11:50","晴","良","7","3","4","クリナッチ","牝3","牝","3","55.0","伊藤","1:12.8","3/4","7.0","19.0","37.7","3-4","美浦金成","482(+6)","https://race.netkeiba.com/race/result.html?race_id=202504020205&rf=race_list"
"497","8","2025年7月27日","新潟","5R","3歳未勝利","ダ1200m (左)","11:50","晴","良","8","7","13","タカイチナダル","牝3","牝","3","53.0","◇今村","1:13.0","1.1/4","2.0","6.1","38.0","2-2","美浦尾形","480(+28)","https://race.netkeiba.com/race/result.html?race_id=202504020205&rf=race_list"
"498","9","2025年7月27日","新潟","5R","3歳未勝利","ダ1200m (左)","11:50","晴","良","9","2","3","ヤサカエトワール","牝3","牝","3","55.0","武藤","1:13.7","4","15.0","203.2","37.3","14-14","美浦水野","508(+2)","https://race.netkeiba.com/race/result.html?race_id=202504020205&rf=race_list"
"499","10","2025年7月27日","新潟","5R","3歳未勝利","ダ1200m (左)","11:50","晴","良","10","6","11","ノックシュライン","牡3","牡","3","57.0","吉田豊","1:13.8","3/4","13.0","79.8","37.8","12-13","美浦高橋文","562(-26)","https://race.netkeiba.com/race/result.html?race_id=202504020205&rf=race_list"
"500","11","2025年7月27日","新潟","5R","3歳未勝利","ダ1200m (左)","11:50","晴","良","11","5","8","パーティーガール","牝3","牝","3","55.0","野中","1:13.9","3/4","6.0","16.5","38.6","5-5","美浦根本","460(0)","https://race.netkeiba.com/race/result.html?race_id=202504020205&rf=race_list"
"501","12","2025年7月27日","新潟","5R","3歳未勝利","ダ1200m (左)","11:50","晴","良","12","4","7","ディクシーヴォーグ","牝3","牝","3","55.0","丸山","1:14.1","3/4","3.0","8.1","38.8","5-5","美浦田中勝","452(+4)","https://race.netkeiba.com/race/result.html?race_id=202504020205&rf=race_list"
"502","13","2025年7月27日","新潟","5R","3歳未勝利","ダ1200m (左)","11:50","晴","良","13","3","5","グルナルーフス","牡3","牡","3","54.0","▲遠藤","1:14.6","3","11.0","38.5","39.1","8-10","美浦中川","486(-6)","https://race.netkeiba.com/race/result.html?race_id=202504020205&rf=race_list"
"503","14","2025年7月27日","新潟","5R","3歳未勝利","ダ1200m (左)","11:50","晴","良","14","2","2","ナギサノバルコニー","牝3","牝","3","55.0","嶋田","1:14.6","クビ","9.0","32.4","39.7","1-1","美浦伊坂","456(+2)","https://race.netkeiba.com/race/result.html?race_id=202504020205&rf=race_list"
"504","15","2025年7月27日","新潟","5R","3歳未勝利","ダ1200m (左)","11:50","晴","良","15","1","1","スムースオペレター","牡3","牡","3","57.0","木幡巧","1:14.8","3/4","14.0","126.7","38.4","14-14","美浦岩戸","438(-4)","https://race.netkeiba.com/race/result.html?race_id=202504020205&rf=race_list"
"505","1","2025年7月27日","新潟","6R","豊栄特別","芝1600m (左 外A)","15:10","晴","良","1","5","5","コートアリシアン","牝3","牝","3","54.0","菅原明","1:31.8","","2.0","3.2","32.9","3-3","美浦伊藤大","436(+4)","https://race.netkeiba.com/race/result.html?race_id=202504020206&rf=race_list"
"506","2","2025年7月27日","新潟","6R","豊栄特別","芝1600m (左 外A)","15:10","晴","良","2","6","7","テラメリタ","牝4","牝","4","54.0","戸崎圭","1:32.1","2","5.0","13.3","32.7","6-6","栗東須貝","480(-2)","https://race.netkeiba.com/race/result.html?race_id=202504020206&rf=race_list"
"507","3","2025年7月27日","新潟","6R","豊栄特別","芝1600m (左 外A)","15:10","晴","良","3","8","10","メイショウヨゾラ","牝4","牝","4","54.0","吉田豊","1:32.1","アタマ","4.0","12.3","33.5","2-2","美浦高柳瑞","480(+12)","https://race.netkeiba.com/race/result.html?race_id=202504020206&rf=race_list"
"508","4","2025年7月27日","新潟","6R","豊栄特別","芝1600m (左 外A)","15:10","晴","良","4","6","6","メタルスピード","牡5","牡","5","56.0","三浦","1:32.4","1.3/4","6.0","28.2","33.3","5-5","美浦斎藤誠","516(+4)","https://race.netkeiba.com/race/result.html?race_id=202504020206&rf=race_list"
"509","5","2025年7月27日","新潟","6R","豊栄特別","芝1600m (左 外A)","15:10","晴","良","5","4","4","デンクマール","牡3","牡","3","55.0","ルメー","1:32.5","クビ","1.0","1.7","34.6","1-1","美浦田中博","554(+6)","https://race.netkeiba.com/race/result.html?race_id=202504020206&rf=race_list"
"510","6","2025年7月27日","新潟","6R","豊栄特別","芝1600m (左 外A)","15:10","晴","良","6","7","8","シャンパンマーク","牡4","牡","4","55.0","原","1:32.5","クビ","7.0","30.2","32.9","7-7","美浦蛯名正","498(-2)","https://race.netkeiba.com/race/result.html?race_id=202504020206&rf=race_list"
"511","7","2025年7月27日","新潟","6R","豊栄特別","芝1600m (左 外A)","15:10","晴","良","7","8","11","チェルノボーグ","セ6","セ","6","57.0","西塚","1:32.6","クビ","3.0","10.0","33.9","3-3","栗東藤原","476(-10)","https://race.netkeiba.com/race/result.html?race_id=202504020206&rf=race_list"
"512","8","2025年7月27日","新潟","6R","豊栄特別","芝1600m (左 外A)","15:10","晴","良","8","3","3","アンビバレント","牡5","牡","5","54.0","石川","1:32.8","1.1/4","10.0","88.6","32.7","10-10","栗東藤野","482(+4)","https://race.netkeiba.com/race/result.html?race_id=202504020206&rf=race_list"
"513","9","2025年7月27日","新潟","6R","豊栄特別","芝1600m (左 外A)","15:10","晴","良","9","1","1","ペッレグリーニ","牡4","牡","4","55.0","内田博","1:32.8","クビ","9.0","65.3","33.1","7-8","美浦手塚久","464(+6)","https://race.netkeiba.com/race/result.html?race_id=202504020206&rf=race_list"
"514","10","2025年7月27日","新潟","6R","豊栄特別","芝1600m (左 外A)","15:10","晴","良","10","7","9","エイムフォーエース","牡4","牡","4","55.0","キング","1:32.9","クビ","8.0","32.7","33.2","9-8","美浦武井","434(-4)","https://race.netkeiba.com/race/result.html?race_id=202504020206&rf=race_list"
"515","11","2025年7月27日","新潟","6R","豊栄特別","芝1600m (左 外A)","15:10","晴","良","中止","2","2","デルバイス","牡6","牡","6","52.0","嶋田","","","11.0","327.6","","11-11","美浦南田","454(0)","https://race.netkeiba.com/race/result.html?race_id=202504020206&rf=race_list"
"516","1","2025年7月27日","新潟","7R","関屋記念","芝1600m (左 外A)","15:45","晴","良","1","7","14","カナテープ","牝6","牝","6","54.0","キング","1:31.0","","1.0","4.4","32.5","15-14","美浦堀","482(-2)","https://race.netkeiba.com/race/result.html?race_id=202504020207&rf=race_list"
"517","2","2025年7月27日","新潟","7R","関屋記念","芝1600m (左 外A)","15:45","晴","良","2","1","1","オフトレイル","牡4","牡","4","57.5","菅原明","1:31.0","クビ","10.0","25.3","32.7","11-11","栗東吉村","464(+4)","https://race.netkeiba.com/race/result.html?race_id=202504020207&rf=race_list"
"518","3","2025年7月27日","新潟","7R","関屋記念","芝1600m (左 外A)","15:45","晴","良","2","6","11","ボンドガール","牝4","牝","4","56.0","ルメー","1:31.0","クビ","2.0","5.4","32.8","9-9","美浦手塚久","456(0)","https://race.netkeiba.com/race/result.html?race_id=202504020207&rf=race_list"
"519","4","2025年7月27日","新潟","7R","関屋記念","芝1600m (左 外A)","15:45","晴","良","4","5","10","トランキリテ","牡6","牡","6","56.0","荻野極","1:31.2","1.1/4","11.0","39.1","32.7","14-14","栗東松永幹","474(-4)","https://race.netkeiba.com/race/result.html?race_id=202504020207&rf=race_list"
"520","5","2025年7月27日","新潟","7R","関屋記念","芝1600m (左 外A)","15:45","晴","良","5","4","8","シヴァース","牡4","牡","4","56.0","内田博","1:31.2","アタマ","4.0","8.6","33.5","3-3","栗東友道","458(0)","https://race.netkeiba.com/race/result.html?race_id=202504020207&rf=race_list"
"521","6","2025年7月27日","新潟","7R","関屋記念","芝1600m (左 外A)","15:45","晴","良","6","3","6","ニシノスーベニア","牡6","牡","6","56.0","大野","1:31.3","クビ","12.0","43.4","33.5","4-4","美浦上原博","536(+8)","https://race.netkeiba.com/race/result.html?race_id=202504020207&rf=race_list"
"522","7","2025年7月27日","新潟","7R","関屋記念","芝1600m (左 外A)","15:45","晴","良","7","2","4","レガーロデルシエロ","牡4","牡","4","56.0","戸崎圭","1:31.3","クビ","6.0","9.0","33.4","6-6","美浦栗田","526(+8)","https://race.netkeiba.com/race/result.html?race_id=202504020207&rf=race_list"
"523","8","2025年7月27日","新潟","7R","関屋記念","芝1600m (左 外A)","15:45","晴","良","8","6","12","メイショウシンタケ","牡7","牡","7","55.0","菊沢","1:31.6","1.1/2","15.0","96.1","33.2","12-12","栗東千田","488(-6)","https://race.netkeiba.com/race/result.html?race_id=202504020207&rf=race_list"
"524","9","2025年7月27日","新潟","7R","関屋記念","芝1600m (左 外A)","15:45","晴","良","9","8","16","フォーチュンタイム","牡4","牡","4","56.5","三浦","1:31.6","クビ","3.0","6.5","33.4","9-9","栗東吉岡","502(-10)","https://race.netkeiba.com/race/result.html?race_id=202504020207&rf=race_list"
"525","10","2025年7月27日","新潟","7R","関屋記念","芝1600m (左 外A)","15:45","晴","良","10","1","2","シンフォーエバー","牡3","牡","3","53.0","江田照","1:31.7","1/2","8.0","16.3","34.8","1-1","栗東森秀","500(+10)","https://race.netkeiba.com/race/result.html?race_id=202504020207&rf=race_list"
"526","11","2025年7月27日","新潟","7R","関屋記念","芝1600m (左 外A)","15:45","晴","良","11","7","15","イミグラントソング","牡3","牡","3","55.0","石川","1:31.9","1.1/4","5.0","8.7","33.1","16-16","美浦辻","488(+4)","https://race.netkeiba.com/race/result.html?race_id=202504020207&rf=race_list"
"527","12","2025年7月27日","新潟","7R","関屋記念","芝1600m (左 外A)","15:45","晴","良","12","2","3","ジョウショーホープ","牡5","牡","5","56.0","西塚","1:31.9","クビ","18.0","236.5","33.8","8-8","栗東新谷","480(0)","https://race.netkeiba.com/race/result.html?race_id=202504020207&rf=race_list"
"528","13","2025年7月27日","新潟","7R","関屋記念","芝1600m (左 外A)","15:45","晴","良","13","8","18","ダイシンヤマト","牡5","牡","5","56.0","吉田豊","1:31.9","クビ","9.0","16.3","33.5","12-12","美浦戸田","516(+10)","https://race.netkeiba.com/race/result.html?race_id=202504020207&rf=race_list"
"529","14","2025年7月27日","新潟","7R","関屋記念","芝1600m (左 外A)","15:45","晴","良","14","5","9","キョウエイブリッサ","牡5","牡","5","55.0","丸田","1:32.3","2","14.0","67.9","33.5","16-16","美浦武市","490(-2)","https://race.netkeiba.com/race/result.html?race_id=202504020207&rf=race_list"
"530","15","2025年7月27日","新潟","7R","関屋記念","芝1600m (左 外A)","15:45","晴","良","15","8","17","アルセナール","牝4","牝","4","53.0","杉原","1:32.3","クビ","7.0","13.3","34.6","4-4","美浦木村","462(+4)","https://race.netkeiba.com/race/result.html?race_id=202504020207&rf=race_list"
"531","16","2025年7月27日","新潟","7R","関屋記念","芝1600m (左 外A)","15:45","晴","良","16","4","7","ハクサンバード","牡5","牡","5","54.0","小崎","1:32.4","1/2","13.0","44.9","34.8","2-2","栗東高橋一","486(+2)","https://race.netkeiba.com/race/result.html?race_id=202504020207&rf=race_list"
"532","17","2025年7月27日","新潟","7R","関屋記念","芝1600m (左 外A)","15:45","晴","良","17","7","13","リフレーミング","牡7","牡","7","58.0","石橋脩","1:32.6","1.1/2","16.0","147.6","33.6","18-18","栗東藤野","468(-6)","https://race.netkeiba.com/race/result.html?race_id=202504020207&rf=race_list"
"533","18","2025年7月27日","新潟","7R","関屋記念","芝1600m (左 外A)","15:45","晴","良","18","3","5","ゴールデンシロップ","牡7","牡","7","54.0","原","1:32.8","1.1/4","17.0","223.8","34.9","6-6","美浦鈴木慎","538(0)","https://race.netkeiba.com/race/result.html?race_id=202504020207&rf=race_list"
"534","1","2025年7月27日","新潟","8R","出雲崎特別","ダ1200m (左)","16:25","晴","良","1","5","9","ノットファウンド","牝5","牝","5","56.0","ルメー","1:11.5","","1.0","2.5","36.6","12-12","美浦国枝","508(+4)","https://race.netkeiba.com/race/result.html?race_id=202504020208&rf=race_list"
"535","2","2025年7月27日","新潟","8R","出雲崎特別","ダ1200m (左)","16:25","晴","良","2","7","12","ダズリングダンス","セ5","セ","5","58.0","川須","1:11.5","クビ","5.0","10.9","37.9","2-2","栗東小椋","490(+2)","https://race.netkeiba.com/race/result.html?race_id=202504020208&rf=race_list"
"536","3","2025年7月27日","新潟","8R","出雲崎特別","ダ1200m (左)","16:25","晴","良","3","2","2","モリノセピア","牡4","牡","4","58.0","丸山","1:11.7","1.1/2","4.0","9.6","37.9","3-3","美浦鈴木伸","494(+10)","https://race.netkeiba.com/race/result.html?race_id=202504020208&rf=race_list"
"537","4","2025年7月27日","新潟","8R","出雲崎特別","ダ1200m (左)","16:25","晴","良","4","4","7","アルジェンタージョ","牝4","牝","4","56.0","木幡巧","1:11.8","クビ","6.0","13.6","37.4","8-6","美浦伊藤圭","470(+10)","https://race.netkeiba.com/race/result.html?race_id=202504020208&rf=race_list"
"538","5","2025年7月27日","新潟","8R","出雲崎特別","ダ1200m (左)","16:25","晴","良","5","8","15","ヤマメキング","牡3","牡","3","55.0","戸崎圭","1:11.8","ハナ","2.0","4.7","37.2","9-9","美浦田島","502(+10)","https://race.netkeiba.com/race/result.html?race_id=202504020208&rf=race_list"
"539","6","2025年7月27日","新潟","8R","出雲崎特別","ダ1200m (左)","16:25","晴","良","6","8","14","オーロラアーク","牝6","牝","6","56.0","菊沢","1:11.8","クビ","13.0","100.8","36.8","12-13","美浦石栗","454(-6)","https://race.netkeiba.com/race/result.html?race_id=202504020208&rf=race_list"
"540","7","2025年7月27日","新潟","8R","出雲崎特別","ダ1200m (左)","16:25","晴","良","7","3","5","スペキオサレジーナ","牝5","牝","5","56.0","荻野極","1:11.9","1/2","10.0","47.0","36.5","14-13","美浦森一","474(-4)","https://race.netkeiba.com/race/result.html?race_id=202504020208&rf=race_list"
"541","8","2025年7月27日","新潟","8R","出雲崎特別","ダ1200m (左)","16:25","晴","良","8","2","3","アパッシメント","牡3","牡","3","55.0","キング","1:12.0","1/2","3.0","6.9","37.4","9-9","美浦堀","490(+12)","https://race.netkeiba.com/race/result.html?race_id=202504020208&rf=race_list"
"542","9","2025年7月27日","新潟","8R","出雲崎特別","ダ1200m (左)","16:25","晴","良","9","7","13","ストリンジェンド","牡5","牡","5","58.0","内田博","1:12.2","1.1/4","7.0","15.1","38.0","6-6","栗東加藤公","478(-4)","https://race.netkeiba.com/race/result.html?race_id=202504020208&rf=race_list"
"543","10","2025年7月27日","新潟","8R","出雲崎特別","ダ1200m (左)","16:25","晴","良","10","1","1","メモリーグラス","牡5","牡","5","58.0","三浦","1:12.5","1.1/2","11.0","49.4","37.8","9-9","美浦松永康","486(0)","https://race.netkeiba.com/race/result.html?race_id=202504020208&rf=race_list"
"544","11","2025年7月27日","新潟","8R","出雲崎特別","ダ1200m (左)","16:25","晴","良","11","6","10","シリウス","牡4","牡","4","58.0","石川","1:12.7","1.1/4","8.0","15.6","38.6","5-5","栗東佐藤悠","464(-8)","https://race.netkeiba.com/race/result.html?race_id=202504020208&rf=race_list"
"545","12","2025年7月27日","新潟","8R","出雲崎特別","ダ1200m (左)","16:25","晴","良","12","3","4","パルプフィクション","牝4","牝","4","56.0","大野","1:12.9","1.1/2","9.0","21.1","39.0","3-3","栗東飯田","434(-4)","https://race.netkeiba.com/race/result.html?race_id=202504020208&rf=race_list"
"546","13","2025年7月27日","新潟","8R","出雲崎特別","ダ1200m (左)","16:25","晴","良","13","4","6","ヴェルトラウム","牡4","牡","4","58.0","武藤","1:13.3","2","12.0","100.6","39.1","6-6","美浦西田","452(-2)","https://race.netkeiba.com/race/result.html?race_id=202504020208&rf=race_list"
"547","14","2025年7月27日","新潟","8R","出雲崎特別","ダ1200m (左)","16:25","晴","良","14","6","11","コスモマルーン","牝5","牝","5","56.0","今村","1:13.4","3/4","15.0","373.3","37.1","15-15","美浦土田","460(-9)","https://race.netkeiba.com/race/result.html?race_id=202504020208&rf=race_list"
"548","15","2025年7月27日","新潟","8R","出雲崎特別","ダ1200m (左)","16:25","晴","良","15","5","8","ジェイエルバルカー","牡5","牡","5","58.0","小林凌","1:15.5","大","14.0","301.0","42.0","1-1","美浦小西","494(-1)","https://race.netkeiba.com/race/result.html?race_id=202504020208&rf=race_list"
"549","1","2025年7月27日","新潟","9R","3歳以上1勝クラス","ダ1800m (左)","16:55","晴","良","1","2","2","アールプロスト","牡3","牡","3","55.0","菅原明","1:54.5","","1.0","3.9","36.9","10-10-9-9","美浦伊藤大","524(+10)","https://race.netkeiba.com/race/result.html?race_id=202504020209&rf=race_list"
"550","2","2025年7月27日","新潟","9R","3歳以上1勝クラス","ダ1800m (左)","16:55","晴","良","2","8","13","ブレードサクセス","牡4","牡","4","55.0","▲水沼","1:54.5","ハナ","8.0","15.9","37.7","2-2-2-2","美浦岩戸","496(-6)","https://race.netkeiba.com/race/result.html?race_id=202504020209&rf=race_list"
"551","3","2025年7月27日","新潟","9R","3歳以上1勝クラス","ダ1800m (左)","16:55","晴","良","3","4","5","ミラクルキャッツ","牝5","牝","5","56.0","キング","1:54.7","1.1/4","7.0","15.5","37.6","3-3-4-4","美浦堀","464(+10)","https://race.netkeiba.com/race/result.html?race_id=202504020209&rf=race_list"
"552","4","2025年7月27日","新潟","9R","3歳以上1勝クラス","ダ1800m (左)","16:55","晴","良","4","6","8","リバースザトレンド","牝3","牝","3","53.0","荻野極","1:54.7","クビ","2.0","4.4","37.8","12-9-2-2","美浦中舘","432(+4)","https://race.netkeiba.com/race/result.html?race_id=202504020209&rf=race_list"
"553","5","2025年7月27日","新潟","9R","3歳以上1勝クラス","ダ1800m (左)","16:55","晴","良","5","3","3","マーゴットゲイン","牡3","牡","3","55.0","木幡巧","1:54.7","クビ","3.0","4.6","37.1","8-10-9-9","美浦伊坂","474(+10)","https://race.netkeiba.com/race/result.html?race_id=202504020209&rf=race_list"
"554","6","2025年7月27日","新潟","9R","3歳以上1勝クラス","ダ1800m (左)","16:55","晴","良","6","4","4","ペロ","牡4","牡","4","58.0","丸山","1:55.0","1.3/4","11.0","117.8","37.9","3-3-4-4","美浦小西","506(+10)","https://race.netkeiba.com/race/result.html?race_id=202504020209&rf=race_list"
"555","7","2025年7月27日","新潟","9R","3歳以上1勝クラス","ダ1800m (左)","16:55","晴","良","7","6","9","プロフェータ","牡3","牡","3","55.0","戸崎圭","1:55.2","1","6.0","11.1","37.8","10-10-7-6","美浦斎藤誠","474(+6)","https://race.netkeiba.com/race/result.html?race_id=202504020209&rf=race_list"
"556","8","2025年7月27日","新潟","9R","3歳以上1勝クラス","ダ1800m (左)","16:55","晴","良","8","8","12","コーカサスゴールド","牡4","牡","4","58.0","吉田豊","1:55.3","1/2","5.0","10.2","37.9","5-5-7-6","美浦加藤和","570(+6)","https://race.netkeiba.com/race/result.html?race_id=202504020209&rf=race_list"
"557","9","2025年7月27日","新潟","9R","3歳以上1勝クラス","ダ1800m (左)","16:55","晴","良","9","7","11","クラウングスタフ","牡4","牡","4","58.0","武藤","1:55.5","1.1/2","10.0","69.0","38.8","1-1-1-1","美浦水野","494(-18)","https://race.netkeiba.com/race/result.html?race_id=202504020209&rf=race_list"
"558","10","2025年7月27日","新潟","9R","3歳以上1勝クラス","ダ1800m (左)","16:55","晴","良","10","5","7","フジレイメイ","牡3","牡","3","55.0","三浦","1:55.6","クビ","4.0","6.5","38.0","7-7-9-9","美浦小笠","486(-6)","https://race.netkeiba.com/race/result.html?race_id=202504020209&rf=race_list"
"559","11","2025年7月27日","新潟","9R","3歳以上1勝クラス","ダ1800m (左)","16:55","晴","良","11","7","10","リュクススティール","セ5","セ","5","58.0","石川","1:56.2","4","13.0","167.8","38.1","13-13-13-13","美浦高柳瑞","494(-4)","https://race.netkeiba.com/race/result.html?race_id=202504020209&rf=race_list"
"560","12","2025年7月27日","新潟","9R","3歳以上1勝クラス","ダ1800m (左)","16:55","晴","良","12","5","6","ラーナローザ","牝3","牝","3","53.0","大野","1:56.3","1/2","9.0","17.1","39.0","5-5-6-6","美浦畠山","500(+8)","https://race.netkeiba.com/race/result.html?race_id=202504020209&rf=race_list"
"561","13","2025年7月27日","新潟","9R","3歳以上1勝クラス","ダ1800m (左)","16:55","晴","良","13","1","1","ヴァンナチュール","牡5","牡","5","58.0","杉原","1:56.9","3.1/2","12.0","155.1","39.2","8-7-12-12","美浦林","476(-6)","https://race.netkeiba.com/race/result.html?race_id=202504020209&rf=race_list"
"562","1","2025年7月27日","新潟","10R","3歳未勝利","芝2200m (左A)","17:25","晴","良","1","8","14","ディアボリカドンナ","牝3","牝","3","55.0","ルメー","2:12.7","","1.0","2.4","34.9","2-2-2-2","美浦武井","446(0)","https://race.netkeiba.com/race/result.html?race_id=202504020210&rf=race_list"
"563","2","2025年7月27日","新潟","10R","3歳未勝利","芝2200m (左A)","17:25","晴","良","2","8","13","エターナルシルバー","牡3","牡","3","57.0","吉田豊","2:12.7","クビ","7.0","18.0","35.1","1-1-1-1","美浦中舘","456(0)","https://race.netkeiba.com/race/result.html?race_id=202504020210&rf=race_list"
"564","3","2025年7月27日","新潟","10R","3歳未勝利","芝2200m (左A)","17:25","晴","良","3","7","12","ヴィジョンメーカー","牡3","牡","3","57.0","内田博","2:12.7","ハナ","4.0","10.8","34.8","4-4-2-4","美浦林","516(-2)","https://race.netkeiba.com/race/result.html?race_id=202504020210&rf=race_list"
"565","4","2025年7月27日","新潟","10R","3歳未勝利","芝2200m (左A)","17:25","晴","良","4","5","7","イフルジャンス","牡3","牡","3","57.0","戸崎圭","2:12.9","1","2.0","3.6","34.8","4-4-4-5","美浦金成","458(+8)","https://race.netkeiba.com/race/result.html?race_id=202504020210&rf=race_list"
"566","5","2025年7月27日","新潟","10R","3歳未勝利","芝2200m (左A)","17:25","晴","良","5","2","2","ギャランドゥ","牡3","牡","3","57.0","荻野極","2:13.0","3/4","3.0","7.2","34.5","12-11-7-6","美浦萩原","454(0)","https://race.netkeiba.com/race/result.html?race_id=202504020210&rf=race_list"
"567","6","2025年7月27日","新潟","10R","3歳未勝利","芝2200m (左A)","17:25","晴","良","6","6","9","マイネルフィスキオ","牡3","牡","3","54.0","▲石神道","2:13.0","アタマ","5.0","14.6","34.6","14-13-6-6","美浦佐藤吉","410(+2)","https://race.netkeiba.com/race/result.html?race_id=202504020210&rf=race_list"
"568","7","2025年7月27日","新潟","10R","3歳未勝利","芝2200m (左A)","17:25","晴","良","7","7","11","ダノンアンチュラス","牡3","牡","3","57.0","三浦","2:13.0","クビ","8.0","21.7","35.0","2-2-4-2","美浦国枝","474(+2)","https://race.netkeiba.com/race/result.html?race_id=202504020210&rf=race_list"
"569","8","2025年7月27日","新潟","10R","3歳未勝利","芝2200m (左A)","17:25","晴","良","8","4","6","クラレット","牡3","牡","3","57.0","菅原明","2:13.1","クビ","9.0","22.1","34.5","6-6-7-8","美浦古賀","492(0)","https://race.netkeiba.com/race/result.html?race_id=202504020210&rf=race_list"
"570","9","2025年7月27日","新潟","10R","3歳未勝利","芝2200m (左A)","17:25","晴","良","9","5","8","イサムダイヤモンド","牡3","牡","3","57.0","キング","2:13.4","1.3/4","6.0","16.8","34.2","9-9-12-11","美浦高橋文","476(-4)","https://race.netkeiba.com/race/result.html?race_id=202504020210&rf=race_list"
"571","10","2025年7月27日","新潟","10R","3歳未勝利","芝2200m (左A)","17:25","晴","良","10","4","5","キョウエイグッド","牡3","牡","3","57.0","丸田","2:13.4","クビ","10.0","30.1","34.0","13-13-13-13","美浦千葉","440(-2)","https://race.netkeiba.com/race/result.html?race_id=202504020210&rf=race_list"
"572","11","2025年7月27日","新潟","10R","3歳未勝利","芝2200m (左A)","17:25","晴","良","11","3","3","メイショウニトベ","牡3","牡","3","57.0","江田照","2:14.2","5","11.0","54.5","35.3","9-10-9-9","美浦蛯名正","478(-2)","https://race.netkeiba.com/race/result.html?race_id=202504020210&rf=race_list"
"573","12","2025年7月27日","新潟","10R","3歳未勝利","芝2200m (左A)","17:25","晴","良","12","3","4","ハンクスター","牡3","牡","3","57.0","木幡育","2:14.5","1.1/2","12.0","209.4","35.5","7-7-9-9","美浦松永康","478(-2)","https://race.netkeiba.com/race/result.html?race_id=202504020210&rf=race_list"
"574","13","2025年7月27日","新潟","10R","3歳未勝利","芝2200m (左A)","17:25","晴","良","13","6","10","サバイバルダッシュ","牡3","牡","3","57.0","柴田大","2:15.4","5","13.0","278.6","36.4","7-7-9-11","美浦和田雄","482(+6)","https://race.netkeiba.com/race/result.html?race_id=202504020210&rf=race_list"
"575","14","2025年7月27日","新潟","10R","3歳未勝利","芝2200m (左A)","17:25","晴","良","14","1","1","リンガスマイル","牡3","牡","3","54.0","▲水沼","2:18.2","大","14.0","287.2","38.3","11-11-14-14","美浦西田","504(-2)","https://race.netkeiba.com/race/result.html?race_id=202504020210&rf=race_list"
"576","1","2025年7月27日","新潟","11R","3歳未勝利","芝1000m (直線A)","17:55","晴","良","1","2","3","イスラコラソン","牝3","牝","3","53.0","◇今村","0:55.0","","10.0","30.6","32.3","6","美浦大和田","446(0)","https://race.netkeiba.com/race/result.html?race_id=202504020211&rf=race_list"
"577","2","2025年7月27日","新潟","11R","3歳未勝利","芝1000m (直線A)","17:55","晴","良","2","8","16","チュッチュポッポ","牝3","牝","3","55.0","武藤","0:55.1","1/2","2.0","4.4","32.6","2","美浦武藤","476(+18)","https://race.netkeiba.com/race/result.html?race_id=202504020211&rf=race_list"
"578","3","2025年7月27日","新潟","11R","3歳未勝利","芝1000m (直線A)","17:55","晴","良","3","5","10","ベルリネッタ","牡3","牡","3","54.0","▲石神道","0:55.7","3.1/2","1.0","2.8","32.9","9","美浦矢野","488(-4)","https://race.netkeiba.com/race/result.html?race_id=202504020211&rf=race_list"
"579","4","2025年7月27日","新潟","11R","3歳未勝利","芝1000m (直線A)","17:55","晴","良","4","7","14","スウェルティア","牝3","牝","3","55.0","荻野極","0:55.8","1/2","5.0","10.7","32.8","12","美浦加藤士","468(-2)","https://race.netkeiba.com/race/result.html?race_id=202504020211&rf=race_list"
"580","5","2025年7月27日","新潟","11R","3歳未勝利","芝1000m (直線A)","17:55","晴","良","5","3","5","キャンディブーケ","牝3","牝","3","55.0","横山琉","0:55.9","3/4","9.0","24.2","33.0","10","美浦鈴木伸","440(+10)","https://race.netkeiba.com/race/result.html?race_id=202504020211&rf=race_list"
"581","6","2025年7月27日","新潟","11R","3歳未勝利","芝1000m (直線A)","17:55","晴","良","6","8","15","シャンハイノハナ","牝3","牝","3","55.0","木幡巧","0:55.9","ハナ","4.0","10.1","33.3","4","美浦牧","450(0)","https://race.netkeiba.com/race/result.html?race_id=202504020211&rf=race_list"
"582","7","2025年7月27日","新潟","11R","3歳未勝利","芝1000m (直線A)","17:55","晴","良","7","2","4","ハクサンハナビ","牝3","牝","3","51.0","★谷原","0:55.9","クビ","12.0","55.7","33.3","4","美浦加藤士","446(+12)","https://race.netkeiba.com/race/result.html?race_id=202504020211&rf=race_list"
"583","8","2025年7月27日","新潟","11R","3歳未勝利","芝1000m (直線A)","17:55","晴","良","8","4","8","リュウノヒルド","牝3","牝","3","52.0","▲水沼","0:56.0","1/2","11.0","42.4","32.9","13","美浦伊坂","448(+10)","https://race.netkeiba.com/race/result.html?race_id=202504020211&rf=race_list"
"584","9","2025年7月27日","新潟","11R","3歳未勝利","芝1000m (直線A)","17:55","晴","良","9","6","11","ロジステート","牝3","牝","3","52.0","▲遠藤","0:56.1","クビ","3.0","5.3","33.9","1","美浦尾形","474(+4)","https://race.netkeiba.com/race/result.html?race_id=202504020211&rf=race_list"
"585","10","2025年7月27日","新潟","11R","3歳未勝利","芝1000m (直線A)","17:55","晴","良","10","4","7","ニシノカクテル","牝3","牝","3","55.0","菊沢","0:56.6","3.1/2","6.0","18.1","33.9","6","美浦清水英","438(-6)","https://race.netkeiba.com/race/result.html?race_id=202504020211&rf=race_list"
"586","11","2025年7月27日","新潟","11R","3歳未勝利","芝1000m (直線A)","17:55","晴","良","11","3","6","タワークライマー","セ3","セ","3","57.0","小林脩","0:56.8","1","8.0","24.0","33.6","14","美浦嘉藤","434(-2)","https://race.netkeiba.com/race/result.html?race_id=202504020211&rf=race_list"
"587","12","2025年7月27日","新潟","11R","3歳未勝利","芝1000m (直線A)","17:55","晴","良","12","1","2","エスポワールドロワ","牝3","牝","3","52.0","▲佐藤","0:56.9","3/4","15.0","155.3","34.0","10","美浦小手川","480(+14)","https://race.netkeiba.com/race/result.html?race_id=202504020211&rf=race_list"
"588","13","2025年7月27日","新潟","11R","3歳未勝利","芝1000m (直線A)","17:55","晴","良","13","6","12","ラベンサラ","牝3","牝","3","54.0","☆西塚","0:57.0","1/2","14.0","111.8","33.5","15","栗東大根田","402(+2)","https://race.netkeiba.com/race/result.html?race_id=202504020211&rf=race_list"
"589","14","2025年7月27日","新潟","11R","3歳未勝利","芝1000m (直線A)","17:55","晴","良","14","7","13","メモリーフィルム","牝3","牝","3","55.0","嶋田","0:57.0","アタマ","7.0","18.8","34.3","6","美浦矢嶋","410(+6)","https://race.netkeiba.com/race/result.html?race_id=202504020211&rf=race_list"
"590","15","2025年7月27日","新潟","11R","3歳未勝利","芝1000m (直線A)","17:55","晴","良","15","1","1","カパラミプ","牝3","牝","3","55.0","岩部","0:57.2","3/4","16.0","199.3","33.5","16","美浦蛯名利","416(+2)","https://race.netkeiba.com/race/result.html?race_id=202504020211&rf=race_list"
"591","16","2025年7月27日","新潟","11R","3歳未勝利","芝1000m (直線A)","17:55","晴","良","16","5","9","ブラックエトワール","牝3","牝","3","52.0","▲石田","0:57.4","1.1/2","13.0","58.7","34.9","2","美浦新開","456(+10)","https://race.netkeiba.com/race/result.html?race_id=202504020211&rf=race_list"
"592","1","2025年7月27日","新潟","12R","3歳以上1勝クラス","芝1400m (左A)","18:25","晴","良","1","6","12","ガーネットウインク","牝3","牝","3","50.0","▲石田","1:20.5","","3.0","6.9","33.9","13-13","美浦小西","480(+6)","https://race.netkeiba.com/race/result.html?race_id=202504020212&rf=race_list"
"593","2","2025年7月27日","新潟","12R","3歳以上1勝クラス","芝1400m (左A)","18:25","晴","良","2","5","10","クレオズニードル","牝3","牝","3","53.0","大野","1:20.7","1.1/2","9.0","24.8","35.1","1-1","美浦和田勇","458(+18)","https://race.netkeiba.com/race/result.html?race_id=202504020212&rf=race_list"
"594","3","2025年7月27日","新潟","12R","3歳以上1勝クラス","芝1400m (左A)","18:25","晴","良","3","3","5","ホリーアン","牝3","牝","3","50.0","▲遠藤","1:20.8","クビ","14.0","100.1","33.8","15-15","美浦萱野","434(0)","https://race.netkeiba.com/race/result.html?race_id=202504020212&rf=race_list"
"595","4","2025年7月27日","新潟","12R","3歳以上1勝クラス","芝1400m (左A)","18:25","晴","良","4","8","15","ロンドンアームズ","牝4","牝","4","56.0","荻野極","1:20.8","アタマ","10.0","37.4","34.5","5-5","美浦伊坂","448(-8)","https://race.netkeiba.com/race/result.html?race_id=202504020212&rf=race_list"
"596","5","2025年7月27日","新潟","12R","3歳以上1勝クラス","芝1400m (左A)","18:25","晴","良","5","1","1","マーゴットカーラ","牝3","牝","3","53.0","小崎","1:20.8","クビ","7.0","15.9","34.6","5-5","栗東石坂","428(0)","https://race.netkeiba.com/race/result.html?race_id=202504020212&rf=race_list"
"597","6","2025年7月27日","新潟","12R","3歳以上1勝クラス","芝1400m (左A)","18:25","晴","良","6","5","9","ラブリーガール","牝3","牝","3","53.0","吉田豊","1:21.0","3/4","4.0","9.4","35.0","4-3","美浦勢司","468(+14)","https://race.netkeiba.com/race/result.html?race_id=202504020212&rf=race_list"
"598","7","2025年7月27日","新潟","12R","3歳以上1勝クラス","芝1400m (左A)","18:25","晴","良","7","1","2","デイジー","牝4","牝","4","56.0","菊沢","1:21.1","3/4","5.0","12.3","34.7","9-9","美浦田中勝","476(+12)","https://race.netkeiba.com/race/result.html?race_id=202504020212&rf=race_list"
"599","8","2025年7月27日","新潟","12R","3歳以上1勝クラス","芝1400m (左A)","18:25","晴","良","8","6","11","ルパヴィヨン","牝3","牝","3","53.0","キング","1:21.1","ハナ","1.0","2.6","34.7","9-9","美浦小手川","468(+4)","https://race.netkeiba.com/race/result.html?race_id=202504020212&rf=race_list"
"600","9","2025年7月27日","新潟","12R","3歳以上1勝クラス","芝1400m (左A)","18:25","晴","良","9","8","16","ベランジェール","牝4","牝","4","56.0","石川","1:21.2","1/2","6.0","15.0","34.7","9-9","美浦木村","472(+10)","https://race.netkeiba.com/race/result.html?race_id=202504020212&rf=race_list"
"601","10","2025年7月27日","新潟","12R","3歳以上1勝クラス","芝1400m (左A)","18:25","晴","良","10","3","6","マジカルワード","牝5","牝","5","56.0","嶋田","1:21.2","クビ","15.0","129.1","34.5","13-13","美浦大竹","454(0)","https://race.netkeiba.com/race/result.html?race_id=202504020212&rf=race_list"
"602","11","2025年7月27日","新潟","12R","3歳以上1勝クラス","芝1400m (左A)","18:25","晴","良","11","7","14","イコノスタシス","牝5","牝","5","55.0","☆西塚","1:21.3","1/2","12.0","58.8","35.6","2-2","美浦古賀","492(+4)","https://race.netkeiba.com/race/result.html?race_id=202504020212&rf=race_list"
"603","12","2025年7月27日","新潟","12R","3歳以上1勝クラス","芝1400m (左A)","18:25","晴","良","12","7","13","アストラッド","牝4","牝","4","56.0","丸山","1:21.3","ハナ","11.0","37.4","35.1","5-5","美浦和田郎","416(-2)","https://race.netkeiba.com/race/result.html?race_id=202504020212&rf=race_list"
"604","13","2025年7月27日","新潟","12R","3歳以上1勝クラス","芝1400m (左A)","18:25","晴","良","13","4","7","ドゥムーラン","牝5","牝","5","56.0","内田博","1:21.3","クビ","13.0","82.6","33.8","16-16","美浦尾関","460(0)","https://race.netkeiba.com/race/result.html?race_id=202504020212&rf=race_list"
"605","14","2025年7月27日","新潟","12R","3歳以上1勝クラス","芝1400m (左A)","18:25","晴","良","14","4","8","レモンバーム","牝3","牝","3","50.0","▲石神道","1:21.5","1","2.0","4.6","35.2","5-5","美浦嘉藤","450(+2)","https://race.netkeiba.com/race/result.html?race_id=202504020212&rf=race_list"
"606","15","2025年7月27日","新潟","12R","3歳以上1勝クラス","芝1400m (左A)","18:25","晴","良","15","2","3","ニシノヒミチュ","牝3","牝","3","51.0","◇今村","1:21.6","3/4","8.0","18.0","35.7","3-3","美浦伊藤大","440(+2)","https://race.netkeiba.com/race/result.html?race_id=202504020212&rf=race_list"
"607","16","2025年7月27日","新潟","12R","3歳以上1勝クラス","芝1400m (左A)","18:25","晴","良","16","2","4","ザハーフェル","牝4","牝","4","53.0","▲水沼","1:21.8","1","16.0","352.9","35.3","9-9","美浦本間","480(-2)","https://race.netkeiba.com/race/result.html?race_id=202504020212&rf=race_list"
"608","1","2025年7月27日","中京","1R","3歳以上障害未勝利","障3000m (芝)","09:35","晴","良","1","8","14","タマモエース","牡6","牡","6","60.0","小野寺","3:19.0","","1.0","1.9","13.3","2-2-2-2","栗東宮地","486(-6)","https://race.netkeiba.com/race/result.html?race_id=202507030201&rf=race_list"
"609","2","2025年7月27日","中京","1R","3歳以上障害未勝利","障3000m (芝)","09:35","晴","良","2","3","4","ディープレイヤー","牡6","牡","6","60.0","五十嵐","3:19.3","1.3/4","2.0","4.0","13.3","1-1-1-1","美浦大和田","486(-2)","https://race.netkeiba.com/race/result.html?race_id=202507030201&rf=race_list"
"610","3","2025年7月27日","中京","1R","3歳以上障害未勝利","障3000m (芝)","09:35","晴","良","3","5","8","アースブレイブ","セ8","セ","8","60.0","江田勇","3:19.3","ハナ","9.0","46.1","13.3","3-3-3-3","美浦粕谷","482(+2)","https://race.netkeiba.com/race/result.html?race_id=202507030201&rf=race_list"
"611","4","2025年7月27日","中京","1R","3歳以上障害未勝利","障3000m (芝)","09:35","晴","良","4","7","12","スマラグドス","牡5","牡","5","60.0","森一","3:19.4","1","3.0","6.1","13.3","5-5-5-5","栗東西園正","484(-4)","https://race.netkeiba.com/race/result.html?race_id=202507030201&rf=race_list"
"612","5","2025年7月27日","中京","1R","3歳以上障害未勝利","障3000m (芝)","09:35","晴","良","5","2","2","タイセイジャスパー","セ6","セ","6","60.0","難波","3:19.5","クビ","7.0","22.9","13.3","6-6-6-5","美浦伊藤圭","492(0)","https://race.netkeiba.com/race/result.html?race_id=202507030201&rf=race_list"
"613","6","2025年7月27日","中京","1R","3歳以上障害未勝利","障3000m (芝)","09:35","晴","良","6","7","11","アルカンサス","牡6","牡","6","57.0","▲土田","3:19.5","ハナ","5.0","16.4","13.3","9-9-7-7","美浦土田","486(-2)","https://race.netkeiba.com/race/result.html?race_id=202507030201&rf=race_list"
"614","7","2025年7月27日","中京","1R","3歳以上障害未勝利","障3000m (芝)","09:35","晴","良","7","6","9","コスモエスメラルダ","牝4","牝","4","58.0","石神深","3:19.5","1/2","10.0","54.2","13.3","7-7-7-7","美浦土田","512(+2)","https://race.netkeiba.com/race/result.html?race_id=202507030201&rf=race_list"
"615","8","2025年7月27日","中京","1R","3歳以上障害未勝利","障3000m (芝)","09:35","晴","良","8","5","7","ケンヴァイザッハ","牡5","牡","5","60.0","伴","3:20.5","6","6.0","22.2","13.4","3-3-3-3","美浦石栗","444(-4)","https://race.netkeiba.com/race/result.html?race_id=202507030201&rf=race_list"
"616","9","2025年7月27日","中京","1R","3歳以上障害未勝利","障3000m (芝)","09:35","晴","良","9","4","5","アイファーキャップ","牡4","牡","4","60.0","小牧加","3:20.7","1.1/4","4.0","12.0","13.4","7-7-9-9","栗東加藤公","466(+4)","https://race.netkeiba.com/race/result.html?race_id=202507030201&rf=race_list"
"617","10","2025年7月27日","中京","1R","3歳以上障害未勝利","障3000m (芝)","09:35","晴","良","10","1","1","シュハリ","牡5","牡","5","60.0","大江圭","3:23.0","大","8.0","36.1","13.5","10-9-10-10","美浦粕谷","464(+8)","https://race.netkeiba.com/race/result.html?race_id=202507030201&rf=race_list"
"618","11","2025年7月27日","中京","1R","3歳以上障害未勝利","障3000m (芝)","09:35","晴","良","11","3","3","リゼレインボー","牡6","牡","6","60.0","草野","3:25.1","大","13.0","111.4","13.7","12-11-11-11","美浦松山","492(+12)","https://race.netkeiba.com/race/result.html?race_id=202507030201&rf=race_list"
"619","12","2025年7月27日","中京","1R","3歳以上障害未勝利","障3000m (芝)","09:35","晴","良","12","8","13","エメラルドラグーン","牡3","牡","3","58.0","田村","3:27.2","大","14.0","212.8","13.8","13-13-12-12","美浦伊藤伸","472(+8)","https://race.netkeiba.com/race/result.html?race_id=202507030201&rf=race_list"
"620","13","2025年7月27日","中京","1R","3歳以上障害未勝利","障3000m (芝)","09:35","晴","良","13","4","6","ダイシンネイビー","牡4","牡","4","60.0","上野","3:37.2","大","12.0","71.6","14.5","11-11-13-13","美浦戸田","492(+16)","https://race.netkeiba.com/race/result.html?race_id=202507030201&rf=race_list"
"621","14","2025年7月27日","中京","1R","3歳以上障害未勝利","障3000m (芝)","09:35","晴","良","14","6","10","ホウオウフウジン","牡6","牡","6","57.0","▲坂口","3:37.3","1/2","11.0","69.8","14.5","14-14-14-14","美浦稲垣","538(0)","https://race.netkeiba.com/race/result.html?race_id=202507030201&rf=race_list"
"622","1","2025年7月27日","中京","2R","3歳未勝利","ダ1800m (左)","10:10","晴","良","1","2","3","テーオーシュタイン","牡3","牡","3","57.0","松若","1:54.1","","5.0","7.2","38.4","6-4-4-3","栗東梅田","456(+6)","https://race.netkeiba.com/race/result.html?race_id=202507030202&rf=race_list"
"623","2","2025年7月27日","中京","2R","3歳未勝利","ダ1800m (左)","10:10","晴","良","2","8","15","グレイルクエスト","牡3","牡","3","56.0","☆吉村","1:54.5","2","2.0","4.7","38.5","8-9-7-6","栗東小栗","490(+8)","https://race.netkeiba.com/race/result.html?race_id=202507030202&rf=race_list"
"624","3","2025年7月27日","中京","2R","3歳未勝利","ダ1800m (左)","10:10","晴","良","3","7","14","スピントロニクス","牡3","牡","3","56.0","☆高杉","1:54.5","アタマ","8.0","16.7","38.1","8-8-10-10","栗東池江","520(+2)","https://race.netkeiba.com/race/result.html?race_id=202507030202&rf=race_list"
"625","4","2025年7月27日","中京","2R","3歳未勝利","ダ1800m (左)","10:10","晴","良","4","7","13","メイショウゲキハ","牡3","牡","3","57.0","松山","1:54.5","ハナ","3.0","5.4","37.9","11-11-12-12","栗東藤原","520(0)","https://race.netkeiba.com/race/result.html?race_id=202507030202&rf=race_list"
"626","5","2025年7月27日","中京","2R","3歳未勝利","ダ1800m (左)","10:10","晴","良","5","5","10","ブレスドナイル","牝3","牝","3","55.0","亀田","1:54.5","クビ","10.0","41.7","39.1","2-2-2-2","栗東北出","440(+8)","https://race.netkeiba.com/race/result.html?race_id=202507030202&rf=race_list"
"627","6","2025年7月27日","中京","2R","3歳未勝利","ダ1800m (左)","10:10","晴","良","6","1","2","メイショウカスガイ","牡3","牡","3","57.0","角田和","1:54.9","2.1/2","6.0","12.4","39.5","1-1-1-1","栗東角田","508(+4)","https://race.netkeiba.com/race/result.html?race_id=202507030202&rf=race_list"
"628","7","2025年7月27日","中京","2R","3歳未勝利","ダ1800m (左)","10:10","晴","良","7","8","16","レアルシチー","牡3","牡","3","57.0","長岡","1:55.2","1.3/4","15.0","205.1","39.2","7-7-7-6","栗東羽月","500(-10)","https://race.netkeiba.com/race/result.html?race_id=202507030202&rf=race_list"
"629","8","2025年7月27日","中京","2R","3歳未勝利","ダ1800m (左)","10:10","晴","良","8","6","12","エイシンガウディ","牡3","牡","3","57.0","田口","1:55.2","クビ","4.0","7.1","39.5","4-4-4-5","栗東渡辺","478(+6)","https://race.netkeiba.com/race/result.html?race_id=202507030202&rf=race_list"
"630","9","2025年7月27日","中京","2R","3歳未勝利","ダ1800m (左)","10:10","晴","良","9","6","11","ジャスティントレノ","牡3","牡","3","57.0","泉谷","1:56.1","5","7.0","14.6","40.6","2-3-2-3","栗東杉山晴","478(-2)","https://race.netkeiba.com/race/result.html?race_id=202507030202&rf=race_list"
"631","10","2025年7月27日","中京","2R","3歳未勝利","ダ1800m (左)","10:10","晴","良","10","3","6","エポエポサン","牡3","牡","3","57.0","武豊","1:56.3","1.1/2","1.0","4.4","40.3","10-10-7-6","栗東秋山","460(-8)","https://race.netkeiba.com/race/result.html?race_id=202507030202&rf=race_list"
"632","11","2025年7月27日","中京","2R","3歳未勝利","ダ1800m (左)","10:10","晴","良","11","2","4","ビモクシュウレイ","牡3","牡","3","57.0","中井","1:56.3","アタマ","16.0","285.3","39.8","12-11-12-10","栗東坂口","500(-2)","https://race.netkeiba.com/race/result.html?race_id=202507030202&rf=race_list"
"633","12","2025年7月27日","中京","2R","3歳未勝利","ダ1800m (左)","10:10","晴","良","12","5","9","バトンロード","牡3","牡","3","57.0","太宰","1:56.6","1.3/4","12.0","53.3","38.9","16-16-15-15","栗東石橋","480(0)","https://race.netkeiba.com/race/result.html?race_id=202507030202&rf=race_list"
"634","13","2025年7月27日","中京","2R","3歳未勝利","ダ1800m (左)","10:10","晴","良","13","4","8","ポジティビティ","牡3","牡","3","57.0","酒井","1:56.8","3/4","13.0","67.4","39.7","14-14-14-14","栗東飯田","466(-2)","https://race.netkeiba.com/race/result.html?race_id=202507030202&rf=race_list"
"635","14","2025年7月27日","中京","2R","3歳未勝利","ダ1800m (左)","10:10","晴","良","14","4","7","バンドブラザー","牡3","牡","3","57.0","和田竜","1:57.4","3.1/2","11.0","43.2","41.0","12-13-10-12","栗東西村","506(0)","https://race.netkeiba.com/race/result.html?race_id=202507030202&rf=race_list"
"636","15","2025年7月27日","中京","2R","3歳未勝利","ダ1800m (左)","10:10","晴","良","15","3","5","マスターライセンス","牡3","牡","3","57.0","小沢","1:57.4","クビ","9.0","19.8","41.6","4-4-4-6","栗東石坂","514(+4)","https://race.netkeiba.com/race/result.html?race_id=202507030202&rf=race_list"
"637","16","2025年7月27日","中京","2R","3歳未勝利","ダ1800m (左)","10:10","晴","良","16","1","1","フェスティーヴォ","牡3","牡","3","54.0","▲川端","1:58.0","3.1/2","14.0","202.3","40.1","15-15-16-16","栗東中竹","468(+1)","https://race.netkeiba.com/race/result.html?race_id=202507030202&rf=race_list"
"638","1","2025年7月27日","中京","3R","2歳新馬","芝2000m (左A)","10:40","晴","良","1","3","3","ロックターミガン","牡2","牡","2","55.0","幸","2:01.5","","3.0","6.7","34.8","4-4-2-3","栗東石坂","534(0)","https://race.netkeiba.com/race/result.html?race_id=202507030203&rf=race_list"
"639","2","2025年7月27日","中京","3R","2歳新馬","芝2000m (左A)","10:40","晴","良","2","6","6","ダノンセフィーロ","牡2","牡","2","55.0","川田","2:02.0","3","2.0","2.6","35.0","5-5-5-5","栗東福永","476(0)","https://race.netkeiba.com/race/result.html?race_id=202507030203&rf=race_list"
"640","3","2025年7月27日","中京","3R","2歳新馬","芝2000m (左A)","10:40","晴","良","3","5","5","クールドリオン","牡2","牡","2","55.0","坂井","2:02.1","3/4","1.0","1.9","35.5","2-2-2-2","栗東庄野","484(0)","https://race.netkeiba.com/race/result.html?race_id=202507030203&rf=race_list"
"641","4","2025年7月27日","中京","3R","2歳新馬","芝2000m (左A)","10:40","晴","良","4","1","1","ロードメルヴェイユ","牡2","牡","2","54.0","☆吉村","2:02.7","3.1/2","6.0","31.7","35.8","3-3-4-4","栗東長谷川","454(0)","https://race.netkeiba.com/race/result.html?race_id=202507030203&rf=race_list"
"642","5","2025年7月27日","中京","3R","2歳新馬","芝2000m (左A)","10:40","晴","良","5","2","2","リントゥラウル","牡2","牡","2","55.0","武豊","2:04.9","大","4.0","8.9","36.5","5-5-6-6","栗東秋山","462(0)","https://race.netkeiba.com/race/result.html?race_id=202507030203&rf=race_list"
"643","6","2025年7月27日","中京","3R","2歳新馬","芝2000m (左A)","10:40","晴","良","6","4","4","エコロレーヴ","牡2","牡","2","55.0","団野","2:05.1","1","5.0","15.6","38.6","1-1-1-1","栗東森秀","492(0)","https://race.netkeiba.com/race/result.html?race_id=202507030203&rf=race_list"
"644","1","2025年7月27日","中京","4R","3歳未勝利","ダ1200m (左)","11:10","晴","良","1","5","9","メイショウサトノヒ","牡3","牡","3","57.0","田口","1:12.3","","6.0","8.6","36.2","9-8","栗東長谷川","506(+4)","https://race.netkeiba.com/race/result.html?race_id=202507030204&rf=race_list"
"645","2","2025年7月27日","中京","4R","3歳未勝利","ダ1200m (左)","11:10","晴","良","2","1","1","マダムイグレイン","牝3","牝","3","54.0","☆吉村","1:12.3","ハナ","4.0","6.8","37.1","2-3","栗東飯田","490(+2)","https://race.netkeiba.com/race/result.html?race_id=202507030204&rf=race_list"
"646","3","2025年7月27日","中京","4R","3歳未勝利","ダ1200m (左)","11:10","晴","良","3","2","3","リリードリーマー","牝3","牝","3","55.0","藤懸","1:12.3","クビ","1.0","4.7","36.8","4-3","栗東平田","450(-2)","https://race.netkeiba.com/race/result.html?race_id=202507030204&rf=race_list"
"647","4","2025年7月27日","中京","4R","3歳未勝利","ダ1200m (左)","11:10","晴","良","4","7","14","スマートフランキー","牡3","牡","3","57.0","太宰","1:12.5","1","10.0","29.6","37.3","2-2","栗東石橋","494(0)","https://race.netkeiba.com/race/result.html?race_id=202507030204&rf=race_list"
"648","5","2025年7月27日","中京","4R","3歳未勝利","ダ1200m (左)","11:10","晴","良","5","6","12","モンサンヴデット","牝3","牝","3","55.0","松若","1:12.7","1","8.0","16.9","36.4","11-11","栗東平田","438(+2)","https://race.netkeiba.com/race/result.html?race_id=202507030204&rf=race_list"
"649","6","2025年7月27日","中京","4R","3歳未勝利","ダ1200m (左)","11:10","晴","良","6","4","8","ダンツトラバース","牡3","牡","3","57.0","中井","1:12.9","1.1/2","14.0","115.3","36.7","11-11","栗東本田","474(-10)","https://race.netkeiba.com/race/result.html?race_id=202507030204&rf=race_list"
"650","7","2025年7月27日","中京","4R","3歳未勝利","ダ1200m (左)","11:10","晴","良","7","4","7","パッションディーバ","牝3","牝","3","52.0","▲田山","1:13.0","クビ","5.0","6.9","37.4","5-5","栗東四位","430(+4)","https://race.netkeiba.com/race/result.html?race_id=202507030204&rf=race_list"
"651","8","2025年7月27日","中京","4R","3歳未勝利","ダ1200m (左)","11:10","晴","良","8","8","15","インディゴアスール","牡3","牡","3","57.0","和田竜","1:13.1","1/2","2.0","5.2","38.1","1-1","栗東鈴木孝","508(-6)","https://race.netkeiba.com/race/result.html?race_id=202507030204&rf=race_list"
"652","9","2025年7月27日","中京","4R","3歳未勝利","ダ1200m (左)","11:10","晴","良","9","5","10","メイショウセツゲツ","牝3","牝","3","55.0","小沢","1:13.2","3/4","3.0","6.4","37.4","7-7","栗東高橋忠","470(-10)","https://race.netkeiba.com/race/result.html?race_id=202507030204&rf=race_list"
"653","10","2025年7月27日","中京","4R","3歳未勝利","ダ1200m (左)","11:10","晴","良","10","2","4","メイショウヨンク","牡3","牡","3","57.0","酒井","1:13.5","2","7.0","16.8","37.4","9-8","栗東秋山","456(+4)","https://race.netkeiba.com/race/result.html?race_id=202507030204&rf=race_list"
"654","11","2025年7月27日","中京","4R","3歳未勝利","ダ1200m (左)","11:10","晴","良","11","1","2","ブライトイメル","牡3","牡","3","57.0","角田和","1:13.8","1.1/2","13.0","68.8","37.1","13-13","栗東本田","436(+2)","https://race.netkeiba.com/race/result.html?race_id=202507030204&rf=race_list"
"655","12","2025年7月27日","中京","4R","3歳未勝利","ダ1200m (左)","11:10","晴","良","12","3","6","アメリカンタロー","牡3","牡","3","57.0","秋山稔","1:14.2","2.1/2","15.0","126.8","36.7","16-16","栗東杉山佳","518(+6)","https://race.netkeiba.com/race/result.html?race_id=202507030204&rf=race_list"
"656","13","2025年7月27日","中京","4R","3歳未勝利","ダ1200m (左)","11:10","晴","良","13","7","13","シンゼンマルノスケ","牡3","牡","3","57.0","城戸","1:14.4","1.1/4","16.0","357.9","37.6","14-14","栗東荒川","460(+8)","https://race.netkeiba.com/race/result.html?race_id=202507030204&rf=race_list"
"657","14","2025年7月27日","中京","4R","3歳未勝利","ダ1200m (左)","11:10","晴","良","14","3","5","グティ","セ3","セ","3","57.0","岩田康","1:14.6","1.1/4","9.0","21.4","38.7","7-8","栗東友道","498(0)","https://race.netkeiba.com/race/result.html?race_id=202507030204&rf=race_list"
"658","15","2025年7月27日","中京","4R","3歳未勝利","ダ1200m (左)","11:10","晴","良","15","6","11","ドラゴンガール","牝3","牝","3","55.0","団野","1:14.6","クビ","12.0","34.6","39.0","5-5","栗東前川","480(+4)","https://race.netkeiba.com/race/result.html?race_id=202507030204&rf=race_list"
"659","16","2025年7月27日","中京","4R","3歳未勝利","ダ1200m (左)","11:10","晴","良","16","8","16","メメテラステラ","牝3","牝","3","55.0","幸","1:14.8","3/4","11.0","34.2","37.9","14-15","栗東飯田","444(0)","https://race.netkeiba.com/race/result.html?race_id=202507030204&rf=race_list"
"660","1","2025年7月27日","中京","5R","3歳未勝利","芝1400m (左A)","11:40","晴","良","1","4","7","メイショウセイロウ","牡3","牡","3","57.0","団野","1:20.0","","2.0","4.0","33.8","12-11","栗東荒川","414(-6)","https://race.netkeiba.com/race/result.html?race_id=202507030205&rf=race_list"
"661","2","2025年7月27日","中京","5R","3歳未勝利","芝1400m (左A)","11:40","晴","良","2","5","9","ベルサ","牝3","牝","3","53.0","◇永島","1:20.1","1/2","6.0","15.2","34.6","2-2","栗東鈴木孝","456(-2)","https://race.netkeiba.com/race/result.html?race_id=202507030205&rf=race_list"
"662","3","2025年7月27日","中京","5R","3歳未勝利","芝1400m (左A)","11:40","晴","良","3","2","4","キーブリーゼ","牡3","牡","3","57.0","秋山稔","1:20.3","1.1/4","4.0","7.7","35.0","1-1","栗東宮","492(+4)","https://race.netkeiba.com/race/result.html?race_id=202507030205&rf=race_list"
"663","4","2025年7月27日","中京","5R","3歳未勝利","芝1400m (左A)","11:40","晴","良","4","6","12","シャンパンライフ","牝3","牝","3","54.0","☆高杉","1:20.3","クビ","7.0","15.8","33.9","15-14","栗東四位","452(0)","https://race.netkeiba.com/race/result.html?race_id=202507030205&rf=race_list"
"664","5","2025年7月27日","中京","5R","3歳未勝利","芝1400m (左A)","11:40","晴","良","5","2","3","ロイヤルウィル","牝3","牝","3","55.0","川田","1:20.5","1.1/2","1.0","3.2","35.1","2-2","栗東加藤公","458(+4)","https://race.netkeiba.com/race/result.html?race_id=202507030205&rf=race_list"
"665","6","2025年7月27日","中京","5R","3歳未勝利","芝1400m (左A)","11:40","晴","良","6","6","11","シストロン","牝3","牝","3","55.0","岩田康","1:20.6","クビ","10.0","24.1","34.5","11-9","栗東中竹","470(-2)","https://race.netkeiba.com/race/result.html?race_id=202507030205&rf=race_list"
"666","7","2025年7月27日","中京","5R","3歳未勝利","芝1400m (左A)","11:40","晴","良","7","8","17","エンベッカ","牝3","牝","3","55.0","幸","1:20.7","1","3.0","7.3","34.3","12-14","栗東斉藤崇","428(-4)","https://race.netkeiba.com/race/result.html?race_id=202507030205&rf=race_list"
"667","8","2025年7月27日","中京","5R","3歳未勝利","芝1400m (左A)","11:40","晴","良","8","1","2","コンプリート","牝3","牝","3","55.0","藤懸","1:20.9","1.1/4","12.0","75.2","34.5","15-14","栗東田中克","476(+2)","https://race.netkeiba.com/race/result.html?race_id=202507030205&rf=race_list"
"668","9","2025年7月27日","中京","5R","3歳未勝利","芝1400m (左A)","11:40","晴","良","9","1","1","プレスジャンケット","牝3","牝","3","55.0","バデル","1:21.0","クビ","9.0","24.0","35.4","4-4","栗東渡辺","466(+2)","https://race.netkeiba.com/race/result.html?race_id=202507030205&rf=race_list"
"669","10","2025年7月27日","中京","5R","3歳未勝利","芝1400m (左A)","11:40","晴","良","10","7","15","アイサイト","牝3","牝","3","54.0","☆吉村","1:21.1","1/2","8.0","16.5","35.5","4-4","栗東藤岡","444(-2)","https://race.netkeiba.com/race/result.html?race_id=202507030205&rf=race_list"
"670","11","2025年7月27日","中京","5R","3歳未勝利","芝1400m (左A)","11:40","晴","良","11","3","5","ジーティーハート","牝3","牝","3","55.0","国分優","1:21.2","1","15.0","161.6","35.3","8-8","栗東渡辺","456(+10)","https://race.netkeiba.com/race/result.html?race_id=202507030205&rf=race_list"
"671","12","2025年7月27日","中京","5R","3歳未勝利","芝1400m (左A)","11:40","晴","良","12","7","14","サンマルメロディー","牝3","牝","3","51.0","★河原田","1:21.4","1.1/4","13.0","95.7","35.2","12-11","栗東千田","438(+4)","https://race.netkeiba.com/race/result.html?race_id=202507030205&rf=race_list"
"672","13","2025年7月27日","中京","5R","3歳未勝利","芝1400m (左A)","11:40","晴","良","13","4","8","フロレンテム","牝3","牝","3","55.0","亀田","1:21.7","1.3/4","17.0","222.6","35.9","4-6","栗東田中克","480(0)","https://race.netkeiba.com/race/result.html?race_id=202507030205&rf=race_list"
"673","14","2025年7月27日","中京","5R","3歳未勝利","芝1400m (左A)","11:40","晴","良","14","8","16","フライバイビーナス","牝3","牝","3","55.0","坂井","1:21.7","クビ","5.0","11.2","35.7","8-9","栗東茶木","432(+4)","https://race.netkeiba.com/race/result.html?race_id=202507030205&rf=race_list"
"674","15","2025年7月27日","中京","5R","3歳未勝利","芝1400m (左A)","11:40","晴","良","15","7","13","プロメトル","牝3","牝","3","55.0","田口","1:21.8","1/2","16.0","206.1","36.0","4-6","栗東武幸","434(+4)","https://race.netkeiba.com/race/result.html?race_id=202507030205&rf=race_list"
"675","16","2025年7月27日","中京","5R","3歳未勝利","芝1400m (左A)","11:40","晴","良","16","5","10","マグナドムス","牡3","牡","3","54.0","▲川端","1:22.4","3.1/2","14.0","100.0","34.8","18-18","栗東矢作","456(-2)","https://race.netkeiba.com/race/result.html?race_id=202507030205&rf=race_list"
"676","17","2025年7月27日","中京","5R","3歳未勝利","芝1400m (左A)","11:40","晴","良","17","8","18","ラヴアンドホープ","牝3","牝","3","52.0","▲田山","1:22.6","1","11.0","66.8","36.4","8-11","栗東庄野","490(-12)","https://race.netkeiba.com/race/result.html?race_id=202507030205&rf=race_list"
"677","18","2025年7月27日","中京","5R","3歳未勝利","芝1400m (左A)","11:40","晴","良","18","3","6","ワンダーフレックス","牝3","牝","3","55.0","小沢","1:23.0","2.1/2","18.0","508.9","35.9","17-17","栗東森田","416(+4)","https://race.netkeiba.com/race/result.html?race_id=202507030205&rf=race_list"
"678","1","2025年7月27日","中京","6R","木曽川特別","芝2000m (左A)","15:01","晴","良","1","3","3","ヤングスカーレット","牡4","牡","4","57.0","坂井","1:59.5","","2.0","2.7","33.3","8-5-7-7","栗東杉山晴","536(-6)","https://race.netkeiba.com/race/result.html?race_id=202507030206&rf=race_list"
"679","2","2025年7月27日","中京","6R","木曽川特別","芝2000m (左A)","15:01","晴","良","2","7","7","ヴァリディシームス","牡3","牡","3","54.0","川田","1:59.8","1.1/2","1.0","1.8","33.9","4-4-5-5","栗東中内田","486(+2)","https://race.netkeiba.com/race/result.html?race_id=202507030206&rf=race_list"
"680","3","2025年7月27日","中京","6R","木曽川特別","芝2000m (左A)","15:01","晴","良","3","2","2","シャハザマーン","牡4","牡","4","55.0","松山","1:59.8","クビ","3.0","8.6","34.2","2-2-2-2","栗東藤原","480(+12)","https://race.netkeiba.com/race/result.html?race_id=202507030206&rf=race_list"
"681","4","2025年7月27日","中京","6R","木曽川特別","芝2000m (左A)","15:01","晴","良","4","5","5","ジュンツバメガエシ","牡5","牡","5","57.0","バデル","2:00.0","1","4.0","10.5","34.2","5-5-5-5","栗東友道","520(+8)","https://race.netkeiba.com/race/result.html?race_id=202507030206&rf=race_list"
"682","5","2025年7月27日","中京","6R","木曽川特別","芝2000m (左A)","15:01","晴","良","5","4","4","バンフィエルド","牡6","牡","6","55.0","長岡","2:00.0","クビ","8.0","93.3","34.3","3-3-4-3","栗東緒方","432(+2)","https://race.netkeiba.com/race/result.html?race_id=202507030206&rf=race_list"
"683","6","2025年7月27日","中京","6R","木曽川特別","芝2000m (左A)","15:01","晴","良","6","1","1","アレナリア","牝6","牝","6","52.0","松若","2:00.4","2","5.0","20.5","34.9","1-1-1-1","栗東西園翔","440(+8)","https://race.netkeiba.com/race/result.html?race_id=202507030206&rf=race_list"
"684","7","2025年7月27日","中京","6R","木曽川特別","芝2000m (左A)","15:01","晴","良","7","6","6","ワイズゴールド","牝5","牝","5","51.0","秋山稔","2:00.8","2.1/2","9.0","209.1","34.3","9-9-9-9","美浦蛯名利","422(-2)","https://race.netkeiba.com/race/result.html?race_id=202507030206&rf=race_list"
"685","8","2025年7月27日","中京","6R","木曽川特別","芝2000m (左A)","15:01","晴","良","8","8","9","ティンク","牝4","牝","4","53.0","亀田","2:00.9","1/2","6.0","25.4","34.6","5-7-8-8","美浦久保田","498(+4)","https://race.netkeiba.com/race/result.html?race_id=202507030206&rf=race_list"
"686","9","2025年7月27日","中京","6R","木曽川特別","芝2000m (左A)","15:01","晴","良","9","7","8","コスモエクスプレス","牡6","牡","6","54.0","吉村","2:01.0","3/4","7.0","44.9","34.5","10-10-9-9","美浦松永康","496(0)","https://race.netkeiba.com/race/result.html?race_id=202507030206&rf=race_list"
"687","10","2025年7月27日","中京","6R","木曽川特別","芝2000m (左A)","15:01","晴","良","10","8","10","ヴィブラツィオーネ","セ6","セ","6","54.0","小沢","2:01.0","ハナ","10.0","210.9","35.3","7-8-3-3","美浦辻","464(-4)","https://race.netkeiba.com/race/result.html?race_id=202507030206&rf=race_list"
"688","1","2025年7月27日","中京","7R","東海S","ダ1400m (左)","15:35","晴","良","1","4","7","ヤマニンウルス","牡5","牡","5","57.0","武豊","1:22.2","","4.0","7.5","35.7","2-2","栗東斉藤崇","582(-2)","https://race.netkeiba.com/race/result.html?race_id=202507030207&rf=race_list"
"689","2","2025年7月27日","中京","7R","東海S","ダ1400m (左)","15:35","晴","良","2","4","8","インユアパレス","牡4","牡","4","57.0","川田","1:22.8","3.1/2","3.0","6.0","35.7","6-6","栗東須貝","486(+2)","https://race.netkeiba.com/race/result.html?race_id=202507030207&rf=race_list"
"690","3","2025年7月27日","中京","7R","東海S","ダ1400m (左)","15:35","晴","良","3","1","2","ビダーヤ","牡4","牡","4","57.0","坂井","1:23.1","1.1/2","1.0","3.6","35.8","8-7","栗東矢作","496(+2)","https://race.netkeiba.com/race/result.html?race_id=202507030207&rf=race_list"
"691","4","2025年7月27日","中京","7R","東海S","ダ1400m (左)","15:35","晴","良","4","2","3","オメガギネス","牡5","牡","5","57.0","岩田康","1:23.2","1/2","5.0","10.5","35.6","11-10","栗東安田","504(0)","https://race.netkeiba.com/race/result.html?race_id=202507030207&rf=race_list"
"692","5","2025年7月27日","中京","7R","東海S","ダ1400m (左)","15:35","晴","良","5","8","16","サンライズフレイム","牡5","牡","5","57.0","菱田","1:23.2","クビ","2.0","4.1","35.8","10-10","栗東石坂","518(-2)","https://race.netkeiba.com/race/result.html?race_id=202507030207&rf=race_list"
"693","6","2025年7月27日","中京","7R","東海S","ダ1400m (左)","15:35","晴","良","6","7","13","コンクイスタ","セ5","セ","5","57.0","松山","1:23.4","3/4","6.0","11.7","36.3","6-7","栗東吉岡","476(-8)","https://race.netkeiba.com/race/result.html?race_id=202507030207&rf=race_list"
"694","7","2025年7月27日","中京","7R","東海S","ダ1400m (左)","15:35","晴","良","7","8","15","リジル","牝4","牝","4","55.0","田口","1:23.7","2","13.0","67.5","37.4","1-1","栗東奥村豊","484(-8)","https://race.netkeiba.com/race/result.html?race_id=202507030207&rf=race_list"
"695","8","2025年7月27日","中京","7R","東海S","ダ1400m (左)","15:35","晴","良","8","6","12","アルファマム","牝6","牝","6","55.0","団野","1:23.8","1/2","8.0","21.1","35.9","16-13","栗東佐々木","462(-4)","https://race.netkeiba.com/race/result.html?race_id=202507030207&rf=race_list"
"696","9","2025年7月27日","中京","7R","東海S","ダ1400m (左)","15:35","晴","良","9","3","6","ダノンスコーピオン","牡6","牡","6","59.0","幸","1:24.0","1","12.0","56.0","36.2","14-13","栗東福永","468(+7)","https://race.netkeiba.com/race/result.html?race_id=202507030207&rf=race_list"
"697","10","2025年7月27日","中京","7R","東海S","ダ1400m (左)","15:35","晴","良","10","7","14","サンライズホーク","セ6","セ","6","57.0","吉村","1:24.2","1.1/4","7.0","16.8","36.5","13-13","栗東牧浦","516(+5)","https://race.netkeiba.com/race/result.html?race_id=202507030207&rf=race_list"
"698","11","2025年7月27日","中京","7R","東海S","ダ1400m (左)","15:35","晴","良","11","2","4","エートラックス","牡4","牡","4","58.0","バデル","1:24.2","アタマ","9.0","24.1","37.4","4-4","栗東宮本","514(-2)","https://race.netkeiba.com/race/result.html?race_id=202507030207&rf=race_list"
"699","12","2025年7月27日","中京","7R","東海S","ダ1400m (左)","15:35","晴","良","12","3","5","イグザルト","牡6","牡","6","57.0","御神本","1:24.2","クビ","15.0","104.2","36.4","14-13","地方荒山勝","512(+6)","https://race.netkeiba.com/race/result.html?race_id=202507030207&rf=race_list"
"700","13","2025年7月27日","中京","7R","東海S","ダ1400m (左)","15:35","晴","良","13","5","10","ヴィクティファルス","セ7","セ","7","58.0","亀田","1:24.4","1.1/4","16.0","217.7","36.8","11-12","栗東池添","484(0)","https://race.netkeiba.com/race/result.html?race_id=202507030207&rf=race_list"
"701","14","2025年7月27日","中京","7R","東海S","ダ1400m (左)","15:35","晴","良","14","6","11","ロードエクレール","牡7","牡","7","57.0","高杉","1:24.8","2.1/2","10.0","36.2","38.2","2-3","美浦斎藤誠","484(-2)","https://race.netkeiba.com/race/result.html?race_id=202507030207&rf=race_list"
"702","15","2025年7月27日","中京","7R","東海S","ダ1400m (左)","15:35","晴","良","15","5","9","ライツフォル","牡5","牡","5","57.0","小沢","1:24.9","クビ","11.0","40.4","38.1","4-4","栗東高橋忠","496(+2)","https://race.netkeiba.com/race/result.html?race_id=202507030207&rf=race_list"
"703","16","2025年7月27日","中京","7R","東海S","ダ1400m (左)","15:35","晴","良","16","1","1","アドバンスファラオ","牡5","牡","5","57.0","松若","1:25.4","3","14.0","80.4","38.1","8-7","栗東森秀","498(+8)","https://race.netkeiba.com/race/result.html?race_id=202507030207&rf=race_list"
"704","1","2025年7月27日","中京","8R","御在所特別","芝2000m (左A)","16:10","晴","良","1","6","6","メディテラニアン","牡3","牡","3","55.0","バデル","1:59.2","","2.0","2.9","34.8","3-3-3-2","栗東池江","460(0)","https://race.netkeiba.com/race/result.html?race_id=202507030208&rf=race_list"
"705","2","2025年7月27日","中京","8R","御在所特別","芝2000m (左A)","16:10","晴","良","2","2","2","フルレゾン","牝4","牝","4","56.0","亀田","1:59.2","ハナ","4.0","7.4","34.1","4-4-4-4","栗東池添","452(+8)","https://race.netkeiba.com/race/result.html?race_id=202507030208&rf=race_list"
"706","3","2025年7月27日","中京","8R","御在所特別","芝2000m (左A)","16:10","晴","良","3","4","4","ピエタンツァ","牝3","牝","3","53.0","武豊","1:59.2","アタマ","1.0","2.5","33.9","6-6-6-5","栗東松永幹","474(-2)","https://race.netkeiba.com/race/result.html?race_id=202507030208&rf=race_list"
"707","4","2025年7月27日","中京","8R","御在所特別","芝2000m (左A)","16:10","晴","良","4","5","5","メイケイロゼッタ","牡3","牡","3","55.0","酒井","1:59.8","3.1/2","7.0","68.6","34.5","4-5-5-5","栗東河嶋","462(-2)","https://race.netkeiba.com/race/result.html?race_id=202507030208&rf=race_list"
"708","5","2025年7月27日","中京","8R","御在所特別","芝2000m (左A)","16:10","晴","良","5","1","1","ツーネサーン","牡4","牡","4","58.0","坂井","1:59.8","アタマ","3.0","4.1","34.2","7-7-7-7","栗東矢作","502(-4)","https://race.netkeiba.com/race/result.html?race_id=202507030208&rf=race_list"
"709","6","2025年7月27日","中京","8R","御在所特別","芝2000m (左A)","16:10","晴","良","6","3","3","ラッキーベイ","牡3","牡","3","55.0","松山","2:00.9","7","5.0","10.8","36.6","2-1-1-1","栗東今野","456(-2)","https://race.netkeiba.com/race/result.html?race_id=202507030208&rf=race_list"
"710","7","2025年7月27日","中京","8R","御在所特別","芝2000m (左A)","16:10","晴","良","7","7","7","ヴォラヴィア","牡3","牡","3","55.0","秋山稔","2:01.1","3/4","6.0","38.7","36.6","1-2-2-3","栗東杉山佳","454(0)","https://race.netkeiba.com/race/result.html?race_id=202507030208&rf=race_list"
"711","1","2025年7月27日","中京","9R","3歳以上1勝クラス","ダ1800m (左)","16:45","晴","良","1","5","5","エターナルプロミス","牝3","牝","3","52.0","☆吉村","1:54.3","","3.0","4.4","37.7","6-7-5-4","栗東茶木","470(+4)","https://race.netkeiba.com/race/result.html?race_id=202507030209&rf=race_list"
"712","2","2025年7月27日","中京","9R","3歳以上1勝クラス","ダ1800m (左)","16:45","晴","良","2","6","6","アンドリーナ","牝3","牝","3","53.0","坂井","1:54.6","1.1/2","2.0","3.8","38.3","3-3-3-3","栗東牧浦","460(+6)","https://race.netkeiba.com/race/result.html?race_id=202507030209&rf=race_list"
"713","3","2025年7月27日","中京","9R","3歳以上1勝クラス","ダ1800m (左)","16:45","晴","良","3","1","1","ヴァンアグレアブル","牝3","牝","3","53.0","松山","1:55.4","5","1.0","2.0","37.8","9-9-9-9","栗東橋口","514(0)","https://race.netkeiba.com/race/result.html?race_id=202507030209&rf=race_list"
"714","4","2025年7月27日","中京","9R","3歳以上1勝クラス","ダ1800m (左)","16:45","晴","良","4","4","4","ブラックドレス","牝4","牝","4","54.0","◇永島","1:55.4","クビ","6.0","25.0","39.3","2-2-2-2","栗東谷","430(-4)","https://race.netkeiba.com/race/result.html?race_id=202507030209&rf=race_list"
"715","5","2025年7月27日","中京","9R","3歳以上1勝クラス","ダ1800m (左)","16:45","晴","良","5","7","7","アリストクラシア","牝4","牝","4","55.0","☆高杉","1:55.5","クビ","5.0","20.9","38.6","5-5-7-7","栗東吉岡","458(0)","https://race.netkeiba.com/race/result.html?race_id=202507030209&rf=race_list"
"716","6","2025年7月27日","中京","9R","3歳以上1勝クラス","ダ1800m (左)","16:45","晴","良","6","8","8","ノンスタンダルド","牝3","牝","3","53.0","幸","1:55.6","3/4","4.0","6.2","39.2","4-4-4-4","栗東茶木","502(+6)","https://race.netkeiba.com/race/result.html?race_id=202507030209&rf=race_list"
"717","7","2025年7月27日","中京","9R","3歳以上1勝クラス","ダ1800m (左)","16:45","晴","良","7","2","2","ペイシャコパ","牝4","牝","4","56.0","中井","1:56.1","3.1/2","9.0","115.5","39.2","6-5-7-7","栗東坂口","474(-8)","https://race.netkeiba.com/race/result.html?race_id=202507030209&rf=race_list"
"718","8","2025年7月27日","中京","9R","3歳以上1勝クラス","ダ1800m (左)","16:45","晴","良","8","3","3","ベファーナ","牝5","牝","5","53.0","▲田山","1:56.4","1.1/2","7.0","48.9","39.7","8-7-6-6","栗東松下","508(+14)","https://race.netkeiba.com/race/result.html?race_id=202507030209&rf=race_list"
"719","9","2025年7月27日","中京","9R","3歳以上1勝クラス","ダ1800m (左)","16:45","晴","良","9","8","9","ヨーグルトナン","牝3","牝","3","50.0","▲川端","1:57.4","6","8.0","92.6","41.5","1-1-1-1","栗東井上","438(-2)","https://race.netkeiba.com/race/result.html?race_id=202507030209&rf=race_list"
"720","1","2025年7月27日","中京","10R","3歳以上1勝クラス","ダ1400m (左)","17:15","晴","良","1","7","9","アメリカンポリス","牡3","牡","3","55.0","坂井","1:24.6","","1.0","2.1","37.3","1-1","栗東池江","512(+8)","https://race.netkeiba.com/race/result.html?race_id=202507030210&rf=race_list"
"721","2","2025年7月27日","中京","10R","3歳以上1勝クラス","ダ1400m (左)","17:15","晴","良","2","8","11","クリオシダード","牡3","牡","3","54.0","☆吉村","1:24.9","2","10.0","69.7","37.5","2-2","栗東清水久","492(-2)","https://race.netkeiba.com/race/result.html?race_id=202507030210&rf=race_list"
"722","3","2025年7月27日","中京","10R","3歳以上1勝クラス","ダ1400m (左)","17:15","晴","良","3","6","8","シルフズミスチーフ","牝3","牝","3","53.0","団野","1:24.9","クビ","7.0","19.8","37.0","5-5","栗東池江","442(+2)","https://race.netkeiba.com/race/result.html?race_id=202507030210&rf=race_list"
"723","4","2025年7月27日","中京","10R","3歳以上1勝クラス","ダ1400m (左)","17:15","晴","良","4","7","10","サンライズブレイク","牡3","牡","3","54.0","☆高杉","1:25.0","クビ","4.0","9.0","36.9","8-8","栗東浜田","496(-2)","https://race.netkeiba.com/race/result.html?race_id=202507030210&rf=race_list"
"724","5","2025年7月27日","中京","10R","3歳以上1勝クラス","ダ1400m (左)","17:15","晴","良","5","3","3","メティエダール","牝4","牝","4","56.0","武豊","1:25.6","3.1/2","6.0","13.8","37.0","10-11","栗東松永幹","492(0)","https://race.netkeiba.com/race/result.html?race_id=202507030210&rf=race_list"
"725","6","2025年7月27日","中京","10R","3歳以上1勝クラス","ダ1400m (左)","17:15","晴","良","6","1","1","ヴァカンツァ","牝3","牝","3","53.0","角田和","1:25.7","3/4","8.0","22.5","37.8","5-5","栗東高橋亮","480(+12)","https://race.netkeiba.com/race/result.html?race_id=202507030210&rf=race_list"
"726","7","2025年7月27日","中京","10R","3歳以上1勝クラス","ダ1400m (左)","17:15","晴","良","7","8","12","エイシンコクスン","牝4","牝","4","56.0","岩田康","1:26.2","3","5.0","9.3","38.6","3-3","栗東大久保","460(+2)","https://race.netkeiba.com/race/result.html?race_id=202507030210&rf=race_list"
"727","8","2025年7月27日","中京","10R","3歳以上1勝クラス","ダ1400m (左)","17:15","晴","良","8","5","6","ジェバーダ","牝3","牝","3","50.0","▲田山","1:26.3","1/2","9.0","24.3","37.9","9-9","栗東松下","494(0)","https://race.netkeiba.com/race/result.html?race_id=202507030210&rf=race_list"
"728","9","2025年7月27日","中京","10R","3歳以上1勝クラス","ダ1400m (左)","17:15","晴","良","9","2","2","ニューオーリンズ","牡3","牡","3","55.0","松若","1:26.4","クビ","2.0","5.0","38.6","5-5","栗東杉山晴","522(-2)","https://race.netkeiba.com/race/result.html?race_id=202507030210&rf=race_list"
"729","10","2025年7月27日","中京","10R","3歳以上1勝クラス","ダ1400m (左)","17:15","晴","良","10","4","4","パワーアイガー","牡3","牡","3","51.0","★河原田","1:26.6","1.1/4","12.0","195.5","38.1","10-9","栗東大橋","436(+6)","https://race.netkeiba.com/race/result.html?race_id=202507030210&rf=race_list"
"730","11","2025年7月27日","中京","10R","3歳以上1勝クラス","ダ1400m (左)","17:15","晴","良","11","5","5","モカラマーズ","牡3","牡","3","55.0","松山","1:26.9","2","3.0","8.2","38.1","12-11","栗東高柳大","466(-4)","https://race.netkeiba.com/race/result.html?race_id=202507030210&rf=race_list"
"731","12","2025年7月27日","中京","10R","3歳以上1勝クラス","ダ1400m (左)","17:15","晴","良","12","6","7","サンウイキョウ","牡4","牡","4","58.0","秋山稔","1:27.0","3/4","11.0","91.4","39.4","3-3","栗東秋山","482(+15)","https://race.netkeiba.com/race/result.html?race_id=202507030210&rf=race_list"
"732","1","2025年7月27日","中京","11R","3歳未勝利","芝2200m (左A)","17:45","晴","良","1","5","5","ホウオウレイヴン","セ3","セ","3","57.0","坂井","2:13.6","","1.0","2.0","34.0","8-8-7-8","栗東矢作","452(+4)","https://race.netkeiba.com/race/result.html?race_id=202507030211&rf=race_list"
"733","2","2025年7月27日","中京","11R","3歳未勝利","芝2200m (左A)","17:45","晴","良","2","1","1","パイオニアスクエア","牡3","牡","3","57.0","和田竜","2:13.6","クビ","3.0","6.8","34.5","3-3-4-4","栗東友道","494(+4)","https://race.netkeiba.com/race/result.html?race_id=202507030211&rf=race_list"
"734","3","2025年7月27日","中京","11R","3歳未勝利","芝2200m (左A)","17:45","晴","良","3","7","9","アスクコモンタレヴ","牡3","牡","3","57.0","岩田康","2:13.7","1/2","6.0","25.2","34.8","2-2-2-2","栗東梅田","458(+4)","https://race.netkeiba.com/race/result.html?race_id=202507030211&rf=race_list"
"735","4","2025年7月27日","中京","11R","3歳未勝利","芝2200m (左A)","17:45","晴","良","4","8","10","オゴオゴ","牡3","牡","3","57.0","角田和","2:13.9","1.1/4","8.0","83.0","34.9","3-3-3-2","栗東中尾","464(+4)","https://race.netkeiba.com/race/result.html?race_id=202507030211&rf=race_list"
"736","5","2025年7月27日","中京","11R","3歳未勝利","芝2200m (左A)","17:45","晴","良","5","6","7","リビングストン","牡3","牡","3","57.0","松山","2:13.9","ハナ","2.0","3.3","34.2","10-10-9-9","栗東吉岡","534(+10)","https://race.netkeiba.com/race/result.html?race_id=202507030211&rf=race_list"
"737","6","2025年7月27日","中京","11R","3歳未勝利","芝2200m (左A)","17:45","晴","良","6","4","4","マテンロウアーチ","牡3","牡","3","57.0","小沢","2:14.1","1.1/2","7.0","35.7","34.7","5-5-7-7","栗東中内田","474(-2)","https://race.netkeiba.com/race/result.html?race_id=202507030211&rf=race_list"
"738","7","2025年7月27日","中京","11R","3歳未勝利","芝2200m (左A)","17:45","晴","良","7","7","8","マイネルトラオム","牡3","牡","3","57.0","幸","2:14.1","ハナ","4.0","8.0","35.5","1-1-1-1","美浦深山","464(-2)","https://race.netkeiba.com/race/result.html?race_id=202507030211&rf=race_list"
"739","8","2025年7月27日","中京","11R","3歳未勝利","芝2200m (左A)","17:45","晴","良","8","8","11","キングベル","牡3","牡","3","57.0","菱田","2:14.8","4","5.0","9.9","35.5","5-7-5-5","栗東鈴木孝","536(+6)","https://race.netkeiba.com/race/result.html?race_id=202507030211&rf=race_list"
"740","9","2025年7月27日","中京","11R","3歳未勝利","芝2200m (左A)","17:45","晴","良","9","6","6","ルークピオーネ","牝3","牝","3","51.0","★河原田","2:14.9","アタマ","10.0","113.6","34.9","10-10-10-10","栗東畑端","456(-10)","https://race.netkeiba.com/race/result.html?race_id=202507030211&rf=race_list"
"741","10","2025年7月27日","中京","11R","3歳未勝利","芝2200m (左A)","17:45","晴","良","10","2","2","ピンクベルズ","牝3","牝","3","55.0","松若","2:15.2","1.3/4","9.0","106.9","35.9","5-5-5-5","栗東小栗","436(+4)","https://race.netkeiba.com/race/result.html?race_id=202507030211&rf=race_list"
"742","11","2025年7月27日","中京","11R","3歳未勝利","芝2200m (左A)","17:45","晴","良","11","3","3","カーボナード","牡3","牡","3","54.0","▲川端","2:22.6","大","11.0","221.4","41.5","8-8-11-11","栗東斉藤崇","478(+2)","https://race.netkeiba.com/race/result.html?race_id=202507030211&rf=race_list"
"743","1","2025年7月27日","中京","12R","3歳以上1勝クラス","芝1200m (左A)","18:15","晴","良","1","3","3","ピースフルナイト","牝5","牝","5","56.0","バデル","1:07.9","","3.0","6.9","33.9","4-4","栗東高野","410(+2)","https://race.netkeiba.com/race/result.html?race_id=202507030212&rf=race_list"
"744","2","2025年7月27日","中京","12R","3歳以上1勝クラス","芝1200m (左A)","18:15","晴","良","2","6","6","フォティック","牡5","牡","5","58.0","酒井","1:07.9","ハナ","7.0","17.8","33.4","9-9","栗東飯田","468(-4)","https://race.netkeiba.com/race/result.html?race_id=202507030212&rf=race_list"
"745","3","2025年7月27日","中京","12R","3歳以上1勝クラス","芝1200m (左A)","18:15","晴","良","3","4","4","エコロハート","牝3","牝","3","53.0","亀田","1:07.9","アタマ","2.0","5.2","33.6","7-6","栗東須貝","416(-2)","https://race.netkeiba.com/race/result.html?race_id=202507030212&rf=race_list"
"746","4","2025年7月27日","中京","12R","3歳以上1勝クラス","芝1200m (左A)","18:15","晴","良","4","5","5","アウクソー","牝5","牝","5","56.0","和田竜","1:08.0","1/2","5.0","12.9","34.0","4-4","栗東平田","422(-12)","https://race.netkeiba.com/race/result.html?race_id=202507030212&rf=race_list"
"747","5","2025年7月27日","中京","12R","3歳以上1勝クラス","芝1200m (左A)","18:15","晴","良","5","8","9","ウィンストン","牡3","牡","3","55.0","川田","1:08.0","ハナ","1.0","1.8","34.2","2-2","栗東杉山晴","492(+4)","https://race.netkeiba.com/race/result.html?race_id=202507030212&rf=race_list"
"748","6","2025年7月27日","中京","12R","3歳以上1勝クラス","芝1200m (左A)","18:15","晴","良","6","7","7","チカポコ","牝5","牝","5","56.0","国分恭","1:08.3","1.1/2","8.0","27.2","34.0","7-6","栗東西園正","422(+4)","https://race.netkeiba.com/race/result.html?race_id=202507030212&rf=race_list"
"749","7","2025年7月27日","中京","12R","3歳以上1勝クラス","芝1200m (左A)","18:15","晴","良","7","8","8","スネーフリンガ","牝3","牝","3","53.0","団野","1:08.5","1.1/2","6.0","16.4","34.7","2-2","栗東森田","456(+6)","https://race.netkeiba.com/race/result.html?race_id=202507030212&rf=race_list"
"750","8","2025年7月27日","中京","12R","3歳以上1勝クラス","芝1200m (左A)","18:15","晴","良","8","2","2","ブラックサンライズ","牝4","牝","4","56.0","小沢","1:09.0","3","4.0","8.4","35.3","1-1","栗東井上","510(+16)","https://race.netkeiba.com/race/result.html?race_id=202507030212&rf=race_list"
"751","9","2025年7月27日","中京","12R","3歳以上1勝クラス","芝1200m (左A)","18:15","晴","良","9","1","1","ピストンボーイ","牡4","牡","4","54.0","★河原田","1:09.3","2","9.0","31.2","34.9","6-6","栗東池添","514(-4)","https://race.netkeiba.com/race/result.html?race_id=202507030212&rf=race_list"
"752","1","2025年7月27日","札幌","1R","3歳未勝利","ダ1700m (右)","09:55","曇","不","1","3","3","メイショウハマギク","牝3","牝","3","52.0","▲小林美","1:45.2","","9.0","25.3","39.0","1-1-1-1","栗東藤岡","498(+8)","https://race.netkeiba.com/race/result.html?race_id=202501010201&rf=race_list"
"753","2","2025年7月27日","札幌","1R","3歳未勝利","ダ1700m (右)","09:55","曇","不","2","3","4","ユージュアーナ","牝3","牝","3","55.0","斎藤","1:45.3","クビ","4.0","8.6","39.0","2-2-2-2","栗東奥村豊","450(-6)","https://race.netkeiba.com/race/result.html?race_id=202501010201&rf=race_list"
"754","3","2025年7月27日","札幌","1R","3歳未勝利","ダ1700m (右)","09:55","曇","不","3","2","2","ミサビスケッツ","牝3","牝","3","55.0","丹内","1:45.4","3/4","1.0","2.4","38.9","5-4-4-3","美浦村田","436(-4)","https://race.netkeiba.com/race/result.html?race_id=202501010201&rf=race_list"
"755","4","2025年7月27日","札幌","1R","3歳未勝利","ダ1700m (右)","09:55","曇","不","4","7","11","スマートイザナミ","牝3","牝","3","55.0","鮫島駿","1:45.5","クビ","2.0","4.8","38.1","11-11-9-7","栗東谷","446(+6)","https://race.netkeiba.com/race/result.html?race_id=202501010201&rf=race_list"
"756","5","2025年7月27日","札幌","1R","3歳未勝利","ダ1700m (右)","09:55","曇","不","5","8","13","ハローエンジェル","牝3","牝","3","55.0","北村友","1:46.0","3","3.0","7.7","39.6","2-2-2-3","栗東田中克","460(-8)","https://race.netkeiba.com/race/result.html?race_id=202501010201&rf=race_list"
"757","6","2025年7月27日","札幌","1R","3歳未勝利","ダ1700m (右)","09:55","曇","不","6","1","1","フェアーメロディ","牝3","牝","3","52.0","▲舟山","1:46.3","1.3/4","6.0","13.4","37.6","13-13-13-11","栗東高橋忠","432(0)","https://race.netkeiba.com/race/result.html?race_id=202501010201&rf=race_list"
"758","7","2025年7月27日","札幌","1R","3歳未勝利","ダ1700m (右)","09:55","曇","不","7","4","5","モアサナイト","牝3","牝","3","55.0","佐々木","1:46.6","2","7.0","16.3","39.8","6-6-5-5","栗東小林","444(+18)","https://race.netkeiba.com/race/result.html?race_id=202501010201&rf=race_list"
"759","8","2025年7月27日","札幌","1R","3歳未勝利","ダ1700m (右)","09:55","曇","不","8","8","14","アラマンダ","牝3","牝","3","55.0","荻野琢","1:47.3","4","14.0","149.7","40.4","8-8-5-7","栗東平田","434(+14)","https://race.netkeiba.com/race/result.html?race_id=202501010201&rf=race_list"
"760","9","2025年7月27日","札幌","1R","3歳未勝利","ダ1700m (右)","09:55","曇","不","9","5","8","サンダーフレア","牝3","牝","3","55.0","吉田隼","1:47.4","1/2","5.0","8.7","40.6","7-7-5-5","美浦久保田","464(+8)","https://race.netkeiba.com/race/result.html?race_id=202501010201&rf=race_list"
"761","10","2025年7月27日","札幌","1R","3歳未勝利","ダ1700m (右)","09:55","曇","不","10","7","12","セレーネアステール","牝3","牝","3","52.0","▲森田","1:47.4","ハナ","10.0","55.5","39.0","13-13-12-12","栗東武幸","422(+20)","https://race.netkeiba.com/race/result.html?race_id=202501010201&rf=race_list"
"762","11","2025年7月27日","札幌","1R","3歳未勝利","ダ1700m (右)","09:55","曇","不","11","4","6","スタードメイソン","牝3","牝","3","52.0","▲和田陽","1:47.9","3","11.0","65.8","40.6","2-4-8-10","栗東藤原","400(0)","https://race.netkeiba.com/race/result.html?race_id=202501010201&rf=race_list"
"763","12","2025年7月27日","札幌","1R","3歳未勝利","ダ1700m (右)","09:55","曇","不","12","6","9","オルミラベル","牝3","牝","3","55.0","藤岡佑","1:48.4","3","8.0","19.9","41.0","11-11-9-9","栗東上村","466(-8)","https://race.netkeiba.com/race/result.html?race_id=202501010201&rf=race_list"
"764","13","2025年7月27日","札幌","1R","3歳未勝利","ダ1700m (右)","09:55","曇","不","13","6","10","タヤスソーレ","牝3","牝","3","52.0","▲柴田裕","1:50.6","大","13.0","143.5","43.0","8-9-11-13","美浦岩戸","446(+4)","https://race.netkeiba.com/race/result.html?race_id=202501010201&rf=race_list"
"765","14","2025年7月27日","札幌","1R","3歳未勝利","ダ1700m (右)","09:55","曇","不","14","5","7","ウインフルゴラ","牝3","牝","3","55.0","黛","1:52.1","9","12.0","112.0","42.9","8-9-14-14","栗東新谷","422(-8)","https://race.netkeiba.com/race/result.html?race_id=202501010201&rf=race_list"
"766","1","2025年7月27日","札幌","2R","3歳未勝利","芝1200m (右A)","10:30","曇","重","1","7","11","キャナルクルーズ","牝3","牝","3","55.0","横山武","1:09.2","","3.0","6.8","35.1","3-3","美浦大竹","436(0)","https://race.netkeiba.com/race/result.html?race_id=202501010202&rf=race_list"
"767","2","2025年7月27日","札幌","2R","3歳未勝利","芝1200m (右A)","10:30","曇","重","2","6","10","ユキノエミリオ","牡3","牡","3","57.0","松岡","1:09.2","ハナ","8.0","29.1","35.3","2-2","美浦竹内","438(-4)","https://race.netkeiba.com/race/result.html?race_id=202501010202&rf=race_list"
"768","3","2025年7月27日","札幌","2R","3歳未勝利","芝1200m (右A)","10:30","曇","重","3","5","8","ハーフェン","牝3","牝","3","55.0","丹内","1:09.2","アタマ","2.0","3.4","35.1","3-3","美浦新開","400(-4)","https://race.netkeiba.com/race/result.html?race_id=202501010202&rf=race_list"
"769","4","2025年7月27日","札幌","2R","3歳未勝利","芝1200m (右A)","10:30","曇","重","4","7","12","ダークメモリー","牝3","牝","3","54.0","☆松本","1:09.7","3","1.0","2.4","35.9","1-1","栗東田中克","462(-6)","https://race.netkeiba.com/race/result.html?race_id=202501010202&rf=race_list"
"770","5","2025年7月27日","札幌","2R","3歳未勝利","芝1200m (右A)","10:30","曇","重","5","8","13","スピリットサージ","牝3","牝","3","55.0","佐々木","1:09.8","クビ","4.0","8.9","35.4","5-5","栗東須貝","446(-6)","https://race.netkeiba.com/race/result.html?race_id=202501010202&rf=race_list"
"771","6","2025年7月27日","札幌","2R","3歳未勝利","芝1200m (右A)","10:30","曇","重","6","4","5","ロードステイタス","牡3","牡","3","57.0","吉田隼","1:10.1","1.1/2","5.0","11.2","35.0","11-10","栗東四位","460(+4)","https://race.netkeiba.com/race/result.html?race_id=202501010202&rf=race_list"
"772","7","2025年7月27日","札幌","2R","3歳未勝利","芝1200m (右A)","10:30","曇","重","7","4","6","ベルシャイニー","牝3","牝","3","52.0","▲柴田裕","1:10.1","クビ","14.0","196.0","35.4","8-8","美浦高橋文","400(-6)","https://race.netkeiba.com/race/result.html?race_id=202501010202&rf=race_list"
"773","8","2025年7月27日","札幌","2R","3歳未勝利","芝1200m (右A)","10:30","曇","重","8","1","1","コルネイユドール","牝3","牝","3","52.0","▲舟山","1:10.2","クビ","10.0","63.8","35.5","8-8","栗東千田","432(-24)","https://race.netkeiba.com/race/result.html?race_id=202501010202&rf=race_list"
"774","9","2025年7月27日","札幌","2R","3歳未勝利","芝1200m (右A)","10:30","曇","重","9","5","7","ウィンビュー","牝3","牝","3","55.0","古川吉","1:10.3","1","9.0","62.9","35.5","10-10","栗東畑端","428(-2)","https://race.netkeiba.com/race/result.html?race_id=202501010202&rf=race_list"
"775","10","2025年7月27日","札幌","2R","3歳未勝利","芝1200m (右A)","10:30","曇","重","10","6","9","ウインボニータ","牝3","牝","3","55.0","黛","1:10.4","1/2","13.0","176.5","35.0","14-14","美浦奥平","470(-16)","https://race.netkeiba.com/race/result.html?race_id=202501010202&rf=race_list"
"776","11","2025年7月27日","札幌","2R","3歳未勝利","芝1200m (右A)","10:30","曇","重","11","2","2","スイッチビスケット","牡3","牡","3","54.0","▲和田陽","1:10.8","2","11.0","93.1","35.7","11-12","栗東森田","472(0)","https://race.netkeiba.com/race/result.html?race_id=202501010202&rf=race_list"
"777","12","2025年7月27日","札幌","2R","3歳未勝利","芝1200m (右A)","10:30","曇","重","12","3","3","シーオン","牝3","牝","3","52.0","▲古川奈","1:11.2","2.1/2","12.0","114.3","36.7","6-6","美浦奥平","402(-8)","https://race.netkeiba.com/race/result.html?race_id=202501010202&rf=race_list"
"778","13","2025年7月27日","札幌","2R","3歳未勝利","芝1200m (右A)","10:30","曇","重","13","3","4","エクラドネージュ","牝3","牝","3","55.0","斎藤","1:11.2","ハナ","7.0","21.5","36.7","6-6","栗東奥村豊","432(+22)","https://race.netkeiba.com/race/result.html?race_id=202501010202&rf=race_list"
"779","14","2025年7月27日","札幌","2R","3歳未勝利","芝1200m (右A)","10:30","曇","重","14","8","14","ピースフルゴールド","牝3","牝","3","52.0","▲小林美","1:11.5","1.3/4","6.0","16.5","36.3","13-13","美浦斎藤誠","458(-18)","https://race.netkeiba.com/race/result.html?race_id=202501010202&rf=race_list"
"780","1","2025年7月27日","札幌","3R","3歳未勝利","ダ1700m (右)","11:00","曇","不","1","3","3","カフェブーケット","牡3","牡","3","57.0","横山典","1:45.3","","1.0","2.2","37.4","4-3-6-3","美浦柄崎","480(-4)","https://race.netkeiba.com/race/result.html?race_id=202501010203&rf=race_list"
"781","2","2025年7月27日","札幌","3R","3歳未勝利","ダ1700m (右)","11:00","曇","不","2","7","12","ルグランシャリオ","牡3","牡","3","54.0","▲小林美","1:45.3","クビ","4.0","13.6","37.6","3-3-4-3","美浦石栗","514(-3)","https://race.netkeiba.com/race/result.html?race_id=202501010203&rf=race_list"
"782","3","2025年7月27日","札幌","3R","3歳未勝利","ダ1700m (右)","11:00","曇","不","3","7","11","オンクラウドナイン","牡3","牡","3","57.0","藤岡佑","1:45.5","1.1/2","2.0","3.7","38.1","9-8-2-2","美浦和田郎","510(+2)","https://race.netkeiba.com/race/result.html?race_id=202501010203&rf=race_list"
"783","4","2025年7月27日","札幌","3R","3歳未勝利","ダ1700m (右)","11:00","曇","不","4","5","7","サザンブラック","牡3","牡","3","54.0","▲橋木","1:45.6","クビ","14.0","191.6","38.3","2-2-1-1","美浦根本","490(0)","https://race.netkeiba.com/race/result.html?race_id=202501010203&rf=race_list"
"784","5","2025年7月27日","札幌","3R","3歳未勝利","ダ1700m (右)","11:00","曇","不","5","6","9","ボールドハーテッド","牡3","牡","3","54.0","▲和田陽","1:45.9","1.1/2","9.0","36.3","37.7","8-8-8-6","栗東鈴木孝","450(-2)","https://race.netkeiba.com/race/result.html?race_id=202501010203&rf=race_list"
"785","6","2025年7月27日","札幌","3R","3歳未勝利","ダ1700m (右)","11:00","曇","不","6","6","10","タイキフィアリーベ","牡3","牡","3","57.0","川又","1:46.4","3","8.0","36.1","38.6","6-7-4-6","栗東中尾","472(-4)","https://race.netkeiba.com/race/result.html?race_id=202501010203&rf=race_list"
"786","7","2025年7月27日","札幌","3R","3歳未勝利","ダ1700m (右)","11:00","曇","不","7","1","1","ニコ","牝3","牝","3","52.0","▲古川奈","1:46.5","3/4","11.0","71.1","38.3","6-6-8-8","美浦大和田","406(+6)","https://race.netkeiba.com/race/result.html?race_id=202501010203&rf=race_list"
"787","8","2025年7月27日","札幌","3R","3歳未勝利","ダ1700m (右)","11:00","曇","不","8","8","13","ジャスティンアロー","牡3","牡","3","57.0","北村友","1:46.7","1.1/4","3.0","5.9","38.6","12-13-7-8","栗東吉岡","538(-4)","https://race.netkeiba.com/race/result.html?race_id=202501010203&rf=race_list"
"788","9","2025年7月27日","札幌","3R","3歳未勝利","ダ1700m (右)","11:00","曇","不","9","2","2","セイスイミリオン","牡3","牡","3","57.0","松岡","1:47.2","2.1/2","6.0","15.7","38.6","14-13-12-10","美浦堀内","494(+12)","https://race.netkeiba.com/race/result.html?race_id=202501010203&rf=race_list"
"789","10","2025年7月27日","札幌","3R","3歳未勝利","ダ1700m (右)","11:00","曇","不","10","3","4","ロングロングロング","牡3","牡","3","57.0","荻野琢","1:47.2","クビ","12.0","153.0","38.5","10-11-14-13","栗東角田","460(-4)","https://race.netkeiba.com/race/result.html?race_id=202501010203&rf=race_list"
"790","11","2025年7月27日","札幌","3R","3歳未勝利","ダ1700m (右)","11:00","曇","不","11","8","14","ミユンガー","牡3","牡","3","57.0","鮫島駿","1:47.8","3.1/2","10.0","40.7","39.5","12-10-10-10","栗東岡田","466(+4)","https://race.netkeiba.com/race/result.html?race_id=202501010203&rf=race_list"
"791","12","2025年7月27日","札幌","3R","3歳未勝利","ダ1700m (右)","11:00","曇","不","12","5","8","アルテボーイ","牡3","牡","3","57.0","斎藤","1:47.9","クビ","5.0","14.0","39.6","10-11-10-12","美浦斎藤誠","510(+10)","https://race.netkeiba.com/race/result.html?race_id=202501010203&rf=race_list"
"792","13","2025年7月27日","札幌","3R","3歳未勝利","ダ1700m (右)","11:00","曇","不","13","4","5","ブラックレーション","牡3","牡","3","56.0","☆松本","1:48.2","2","7.0","16.9","40.8","1-1-2-3","栗東本田","522(-10)","https://race.netkeiba.com/race/result.html?race_id=202501010203&rf=race_list"
"793","14","2025年7月27日","札幌","3R","3歳未勝利","ダ1700m (右)","11:00","曇","不","14","4","6","マークオブゾロ","牡3","牡","3","54.0","▲鷲頭","1:48.9","4","13.0","181.3","40.3","5-5-12-14","栗東西村","476(-8)","https://race.netkeiba.com/race/result.html?race_id=202501010203&rf=race_list"
"794","1","2025年7月27日","札幌","4R","3歳未勝利","芝2000m (右A)","11:30","曇","重","1","5","5","ヨヒーン","牝3","牝","3","55.0","鮫島駿","2:02.8","","2.0","2.6","35.3","5-5-5-4","栗東杉山晴","460(0)","https://race.netkeiba.com/race/result.html?race_id=202501010204&rf=race_list"
"795","2","2025年7月27日","札幌","4R","3歳未勝利","芝2000m (右A)","11:30","曇","重","2","7","7","メテオレーナ","牝3","牝","3","55.0","丹内","2:03.5","4","6.0","15.3","36.2","3-3-3-2","栗東中村","410(-12)","https://race.netkeiba.com/race/result.html?race_id=202501010204&rf=race_list"
"796","3","2025年7月27日","札幌","4R","3歳未勝利","芝2000m (右A)","11:30","曇","重","3","8","8","ハードロックスター","牡3","牡","3","54.0","▲舟山","2:03.6","3/4","5.0","12.1","36.6","1-1-1-1","美浦鹿戸","488(+2)","https://race.netkeiba.com/race/result.html?race_id=202501010204&rf=race_list"
"797","4","2025年7月27日","札幌","4R","3歳未勝利","芝2000m (右A)","11:30","曇","重","4","4","4","サイモンイロハニー","牝3","牝","3","52.0","▲小林美","2:03.6","アタマ","4.0","11.5","35.5","9-9-9-8","栗東谷","412(+4)","https://race.netkeiba.com/race/result.html?race_id=202501010204&rf=race_list"
"798","5","2025年7月27日","札幌","4R","3歳未勝利","芝2000m (右A)","11:30","曇","重","5","3","3","トルストイ","牡3","牡","3","57.0","斎藤","2:03.7","クビ","3.0","9.2","36.4","4-4-3-2","栗東杉山晴","496(-4)","https://race.netkeiba.com/race/result.html?race_id=202501010204&rf=race_list"
"799","6","2025年7月27日","札幌","4R","3歳未勝利","芝2000m (右A)","11:30","曇","重","6","1","1","ピティロディア","牡3","牡","3","57.0","横山武","2:03.9","1","1.0","2.1","36.4","5-6-5-6","美浦西田","444(-8)","https://race.netkeiba.com/race/result.html?race_id=202501010204&rf=race_list"
"800","7","2025年7月27日","札幌","4R","3歳未勝利","芝2000m (右A)","11:30","曇","重","7","2","2","ディアイライザ","牝3","牝","3","55.0","佐々木","2:04.3","2.1/2","7.0","24.9","36.6","7-7-7-4","美浦加藤和","420(-4)","https://race.netkeiba.com/race/result.html?race_id=202501010204&rf=race_list"
"801","8","2025年7月27日","札幌","4R","3歳未勝利","芝2000m (右A)","11:30","曇","重","8","6","6","カリビアンブルー","牡3","牡","3","56.0","☆松本","2:04.6","2","9.0","127.2","36.9","7-8-7-8","栗東池江","506(+6)","https://race.netkeiba.com/race/result.html?race_id=202501010204&rf=race_list"
"802","9","2025年7月27日","札幌","4R","3歳未勝利","芝2000m (右A)","11:30","曇","重","9","8","9","アルファシリウス","牡3","牡","3","54.0","▲古川奈","2:05.6","6","8.0","51.0","38.4","2-2-2-6","栗東矢作","462(-4)","https://race.netkeiba.com/race/result.html?race_id=202501010204&rf=race_list"
"803","1","2025年7月27日","札幌","5R","2歳新馬","芝1800m (右A)","12:20","晴","重","1","6","6","サンセットゴールド","牡2","牡","2","55.0","鮫島駿","1:53.5","","1.0","1.8","34.4","3-3-3-3","栗東矢作","448(0)","https://race.netkeiba.com/race/result.html?race_id=202501010205&rf=race_list"
"804","2","2025年7月27日","札幌","5R","2歳新馬","芝1800m (右A)","12:20","晴","重","2","5","5","マイネルシンベリン","牡2","牡","2","55.0","丹内","1:53.5","クビ","2.0","4.0","34.7","2-2-2-2","美浦武市","454(0)","https://race.netkeiba.com/race/result.html?race_id=202501010205&rf=race_list"
"805","3","2025年7月27日","札幌","5R","2歳新馬","芝1800m (右A)","12:20","晴","重","3","1","1","マリノリュミエール","牝2","牝","2","52.0","▲舟山","1:54.0","3","6.0","57.1","34.7","5-5-5-5","美浦村田","454(0)","https://race.netkeiba.com/race/result.html?race_id=202501010205&rf=race_list"
"806","4","2025年7月27日","札幌","5R","2歳新馬","芝1800m (右A)","12:20","晴","重","4","2","2","シンデレラガール","牝2","牝","2","55.0","斎藤","1:54.4","2.1/2","4.0","6.0","35.7","1-1-1-1","栗東西園翔","438(0)","https://race.netkeiba.com/race/result.html?race_id=202501010205&rf=race_list"
"807","5","2025年7月27日","札幌","5R","2歳新馬","芝1800m (右A)","12:20","晴","重","5","3","3","ユイノカタリベ","牡2","牡","2","52.0","▲小林美","1:55.0","3.1/2","5.0","21.5","36.0","3-3-3-3","美浦竹内","504(0)","https://race.netkeiba.com/race/result.html?race_id=202501010205&rf=race_list"
"808","6","2025年7月27日","札幌","5R","2歳新馬","芝1800m (右A)","12:20","晴","重","5","4","4","レイサンソク","牡2","牡","2","55.0","佐々木","1:55.0","3.1/2","3.0","4.5","35.8","5-5-5-5","栗東吉村","510(0)","https://race.netkeiba.com/race/result.html?race_id=202501010205&rf=race_list"
"809","1","2025年7月27日","札幌","6R","3歳以上1勝クラス","ダ1000m (右)","12:50","晴","不","1","8","9","ストラテージュ","牡3","牡","3","52.0","▲古川奈","0:58.1","","4.0","6.4","34.4","3-3","栗東矢作","458(-2)","https://race.netkeiba.com/race/result.html?race_id=202501010206&rf=race_list"
"810","2","2025年7月27日","札幌","6R","3歳以上1勝クラス","ダ1000m (右)","12:50","晴","不","2","6","6","エコロレオナ","牝3","牝","3","50.0","▲和田陽","0:58.1","クビ","3.0","5.2","34.6","2-2","栗東森秀","438(-4)","https://race.netkeiba.com/race/result.html?race_id=202501010206&rf=race_list"
"811","3","2025年7月27日","札幌","6R","3歳以上1勝クラス","ダ1000m (右)","12:50","晴","不","3","2","2","ピクラリーダ","牝4","牝","4","53.0","▲鷲頭","0:58.7","3.1/2","7.0","52.3","35.5","1-1","美浦清水英","466(+4)","https://race.netkeiba.com/race/result.html?race_id=202501010206&rf=race_list"
"812","4","2025年7月27日","札幌","6R","3歳以上1勝クラス","ダ1000m (右)","12:50","晴","不","4","5","5","テイオームサシ","牡3","牡","3","55.0","荻野琢","0:58.8","1/2","5.0","20.8","34.9","5-6","栗東秋山","488(+4)","https://race.netkeiba.com/race/result.html?race_id=202501010206&rf=race_list"
"813","5","2025年7月27日","札幌","6R","3歳以上1勝クラス","ダ1000m (右)","12:50","晴","不","5","4","4","ペレグリン","牝4","牝","4","53.0","▲小林美","0:58.8","アタマ","2.0","4.4","34.5","8-8","栗東河嶋","440(+4)","https://race.netkeiba.com/race/result.html?race_id=202501010206&rf=race_list"
"814","6","2025年7月27日","札幌","6R","3歳以上1勝クラス","ダ1000m (右)","12:50","晴","不","6","7","7","セイゲン","セ6","セ","6","58.0","古川吉","0:58.8","ハナ","6.0","44.8","34.3","9-8","美浦中川","456(-6)","https://race.netkeiba.com/race/result.html?race_id=202501010206&rf=race_list"
"815","7","2025年7月27日","札幌","6R","3歳以上1勝クラス","ダ1000m (右)","12:50","晴","不","7","1","1","ジャスパーソレイユ","牡3","牡","3","55.0","北村友","0:58.9","アタマ","1.0","1.7","35.2","3-3","栗東森秀","464(-2)","https://race.netkeiba.com/race/result.html?race_id=202501010206&rf=race_list"
"816","8","2025年7月27日","札幌","6R","3歳以上1勝クラス","ダ1000m (右)","12:50","晴","不","8","3","3","カップッチョ","牡8","牡","8","58.0","黛","0:58.9","クビ","8.0","61.0","35.0","5-5","美浦南田","494(+2)","https://race.netkeiba.com/race/result.html?race_id=202501010206&rf=race_list"
"817","9","2025年7月27日","札幌","6R","3歳以上1勝クラス","ダ1000m (右)","12:50","晴","不","9","8","8","アスクアメージモア","牡4","牡","4","55.0","▲舟山","0:59.9","6","9.0","94.0","35.8","7-7","栗東藤原","472(0)","https://race.netkeiba.com/race/result.html?race_id=202501010206&rf=race_list"
"818","1","2025年7月27日","札幌","7R","3歳以上1勝クラス","ダ1700m (右)","13:20","晴","不","1","6","8","サンキャメロン","牝4","牝","4","55.0","☆松本","1:44.1","","7.0","13.5","37.5","9-9-11-9","美浦上原博","460(0)","https://race.netkeiba.com/race/result.html?race_id=202501010207&rf=race_list"
"819","2","2025年7月27日","札幌","7R","3歳以上1勝クラス","ダ1700m (右)","13:20","晴","不","2","3","3","ルージュミラージュ","牝3","牝","3","50.0","▲森田","1:44.3","1.1/4","5.0","11.5","38.3","1-1-1-1","栗東武幸","448(-8)","https://race.netkeiba.com/race/result.html?race_id=202501010207&rf=race_list"
"820","3","2025年7月27日","札幌","7R","3歳以上1勝クラス","ダ1700m (右)","13:20","晴","不","3","8","13","スナークメモリー","牝5","牝","5","53.0","▲柴田裕","1:44.7","2","11.0","29.3","38.4","5-5-5-2","栗東宮地","436(+2)","https://race.netkeiba.com/race/result.html?race_id=202501010207&rf=race_list"
"821","4","2025年7月27日","札幌","7R","3歳以上1勝クラス","ダ1700m (右)","13:20","晴","不","4","5","6","オーロヴェール","牝4","牝","4","56.0","浜中","1:44.8","1/2","8.0","13.8","38.4","11-11-7-7","栗東田中克","492(0)","https://race.netkeiba.com/race/result.html?race_id=202501010207&rf=race_list"
"822","5","2025年7月27日","札幌","7R","3歳以上1勝クラス","ダ1700m (右)","13:20","晴","不","5","8","12","カポレイラ","牝3","牝","3","53.0","佐々木","1:44.8","クビ","6.0","13.5","37.7","12-12-12-11","美浦中舘","438(+6)","https://race.netkeiba.com/race/result.html?race_id=202501010207&rf=race_list"
"823","6","2025年7月27日","札幌","7R","3歳以上1勝クラス","ダ1700m (右)","13:20","晴","不","6","7","11","シンボリノエル","牝4","牝","4","56.0","横山典","1:45.0","1.1/4","9.0","17.9","37.9","13-12-12-11","美浦土田","506(+4)","https://race.netkeiba.com/race/result.html?race_id=202501010207&rf=race_list"
"824","7","2025年7月27日","札幌","7R","3歳以上1勝クラス","ダ1700m (右)","13:20","晴","不","7","7","10","ドレミファニー","牝5","牝","5","56.0","古川吉","1:45.1","1/2","10.0","27.8","38.7","7-7-7-5","美浦西田","508(+6)","https://race.netkeiba.com/race/result.html?race_id=202501010207&rf=race_list"
"825","8","2025年7月27日","札幌","7R","3歳以上1勝クラス","ダ1700m (右)","13:20","晴","不","8","6","9","ガールズデイアウト","牝3","牝","3","53.0","川又","1:45.4","1.1/2","4.0","8.6","39.1","7-7-5-7","栗東吉村","480(+10)","https://race.netkeiba.com/race/result.html?race_id=202501010207&rf=race_list"
"826","9","2025年7月27日","札幌","7R","3歳以上1勝クラス","ダ1700m (右)","13:20","晴","不","9","2","2","セージグリーン","牝4","牝","4","53.0","▲小林美","1:45.8","2.1/2","3.0","8.3","39.6","5-5-3-5","美浦菊川","480(+2)","https://race.netkeiba.com/race/result.html?race_id=202501010207&rf=race_list"
"827","10","2025年7月27日","札幌","7R","3歳以上1勝クラス","ダ1700m (右)","13:20","晴","不","10","1","1","タマモジャスミン","牝3","牝","3","53.0","丹内","1:46.2","2.1/2","1.0","3.1","39.7","9-9-10-9","栗東大橋","506(0)","https://race.netkeiba.com/race/result.html?race_id=202501010207&rf=race_list"
"828","11","2025年7月27日","札幌","7R","3歳以上1勝クラス","ダ1700m (右)","13:20","晴","不","11","4","4","エルバステラ","牝3","牝","3","53.0","鮫島駿","1:46.4","1.1/4","12.0","42.2","40.3","2-2-2-2","美浦高柳瑞","484(-6)","https://race.netkeiba.com/race/result.html?race_id=202501010207&rf=race_list"
"829","12","2025年7月27日","札幌","7R","3歳以上1勝クラス","ダ1700m (右)","13:20","晴","不","12","5","7","パーソナルアフェア","牝3","牝","3","50.0","▲鷲頭","1:48.7","大","13.0","94.1","42.3","3-2-7-13","美浦和田勇","448(+8)","https://race.netkeiba.com/race/result.html?race_id=202501010207&rf=race_list"
"830","13","2025年7月27日","札幌","7R","3歳以上1勝クラス","ダ1700m (右)","13:20","晴","不","13","4","5","コンティオ","牝3","牝","3","53.0","横山武","1:54.3","大","2.0","4.2","48.1","3-2-3-2","美浦和田勇","460(0)","https://race.netkeiba.com/race/result.html?race_id=202501010207&rf=race_list"
"831","1","2025年7月27日","札幌","8R","3歳以上1勝クラス","芝1800m (右A)","13:50","晴","稍","1","2","2","コンドゥイア","牝3","牝","3","50.0","▲鷲頭","1:47.4","","1.0","2.5","35.4","2-2-2-2","栗東井上","490(+2)","https://race.netkeiba.com/race/result.html?race_id=202501010208&rf=race_list"
"832","2","2025年7月27日","札幌","8R","3歳以上1勝クラス","芝1800m (右A)","13:50","晴","稍","2","3","3","ダークブロンド","牝5","牝","5","56.0","北村友","1:47.8","2.1/2","6.0","15.6","35.1","7-6-6-4","栗東高橋亮","430(-6)","https://race.netkeiba.com/race/result.html?race_id=202501010208&rf=race_list"
"833","3","2025年7月27日","札幌","8R","3歳以上1勝クラス","芝1800m (右A)","13:50","晴","稍","3","4","4","ネーブルオレンジ","牝3","牝","3","50.0","▲小林美","1:47.9","クビ","4.0","8.4","36.1","1-1-1-1","栗東杉山佳","476(+6)","https://race.netkeiba.com/race/result.html?race_id=202501010208&rf=race_list"
"834","4","2025年7月27日","札幌","8R","3歳以上1勝クラス","芝1800m (右A)","13:50","晴","稍","4","8","8","ドーギッド","牝3","牝","3","53.0","吉田隼","1:48.2","1.3/4","3.0","5.6","35.5","6-6-6-6","栗東矢作","464(0)","https://race.netkeiba.com/race/result.html?race_id=202501010208&rf=race_list"
"835","5","2025年7月27日","札幌","8R","3歳以上1勝クラス","芝1800m (右A)","13:50","晴","稍","5","1","1","スモーキーゴッド","牡3","牡","3","55.0","横山武","1:48.4","1.1/2","2.0","2.7","35.9","5-4-4-4","美浦萩原","450(0)","https://race.netkeiba.com/race/result.html?race_id=202501010208&rf=race_list"
"836","6","2025年7月27日","札幌","8R","3歳以上1勝クラス","芝1800m (右A)","13:50","晴","稍","6","7","7","イリスレーン","牝5","牝","5","53.0","▲古川奈","1:48.7","1.3/4","5.0","14.9","36.8","2-2-2-3","栗東清水久","482(-2)","https://race.netkeiba.com/race/result.html?race_id=202501010208&rf=race_list"
"837","7","2025年7月27日","札幌","8R","3歳以上1勝クラス","芝1800m (右A)","13:50","晴","稍","7","5","5","ブラックバラード","セ4","セ","4","55.0","▲舟山","1:48.7","クビ","7.0","22.2","35.7","8-8-8-7","美浦嘉藤","446(-6)","https://race.netkeiba.com/race/result.html?race_id=202501010208&rf=race_list"
"838","8","2025年7月27日","札幌","8R","3歳以上1勝クラス","芝1800m (右A)","13:50","晴","稍","8","6","6","サトノメルベイユ","牝4","牝","4","56.0","鮫島駿","1:52.0","大","8.0","55.3","39.5","4-4-4-7","美浦高柳瑞","386(-2)","https://race.netkeiba.com/race/result.html?race_id=202501010208&rf=race_list"
"839","1","2025年7月27日","札幌","9R","3歳以上1勝クラス","芝1500m (右A)","14:20","晴","稍","1","8","8","フォルテム","牡3","牡","3","55.0","丹内","1:28.3","","4.0","7.3","35.2","1-1-1","美浦千葉","480(0)","https://race.netkeiba.com/race/result.html?race_id=202501010209&rf=race_list"
"840","2","2025年7月27日","札幌","9R","3歳以上1勝クラス","芝1500m (右A)","14:20","晴","稍","2","2","2","エフォートレス","牡4","牡","4","58.0","藤岡佑","1:28.5","1.1/2","1.0","2.8","34.8","6-6-6","美浦嘉藤","488(+14)","https://race.netkeiba.com/race/result.html?race_id=202501010209&rf=race_list"
"841","3","2025年7月27日","札幌","9R","3歳以上1勝クラス","芝1500m (右A)","14:20","晴","稍","3","5","5","ルナルーチェット","牝3","牝","3","53.0","横山武","1:28.8","2","3.0","3.4","35.5","2-2-2","美浦国枝","418(-2)","https://race.netkeiba.com/race/result.html?race_id=202501010209&rf=race_list"
"842","4","2025年7月27日","札幌","9R","3歳以上1勝クラス","芝1500m (右A)","14:20","晴","稍","4","7","7","メリディアンスター","牡3","牡","3","55.0","鮫島駿","1:29.0","1","2.0","3.1","35.6","5-2-4","美浦加藤征","486(+2)","https://race.netkeiba.com/race/result.html?race_id=202501010209&rf=race_list"
"843","5","2025年7月27日","札幌","9R","3歳以上1勝クラス","芝1500m (右A)","14:20","晴","稍","5","3","3","ルクスアドラー","牡4","牡","4","55.0","▲小林美","1:29.2","1","5.0","12.8","35.3","6-7-7","栗東須貝","462(-2)","https://race.netkeiba.com/race/result.html?race_id=202501010209&rf=race_list"
"844","6","2025年7月27日","札幌","9R","3歳以上1勝クラス","芝1500m (右A)","14:20","晴","稍","6","4","4","ソアラ","牝5","牝","5","53.0","▲橋木","1:29.2","アタマ","7.0","45.2","35.6","4-5-4","栗東高橋康","476(+10)","https://race.netkeiba.com/race/result.html?race_id=202501010209&rf=race_list"
"845","7","2025年7月27日","札幌","9R","3歳以上1勝クラス","芝1500m (右A)","14:20","晴","稍","7","6","6","セイウンビッグバン","牡3","牡","3","55.0","池添","1:29.4","1.1/4","6.0","20.7","36.1","3-2-2","美浦萱野","444(+8)","https://race.netkeiba.com/race/result.html?race_id=202501010209&rf=race_list"
"846","8","2025年7月27日","札幌","9R","3歳以上1勝クラス","芝1500m (右A)","14:20","晴","稍","8","8","9","ヴァイタルピース","セ4","セ","4","57.0","☆松本","1:29.7","1.3/4","8.0","69.0","35.7","8-8-7","栗東吉田","436(-10)","https://race.netkeiba.com/race/result.html?race_id=202501010209&rf=race_list"
"847","9","2025年7月27日","札幌","9R","3歳以上1勝クラス","芝1500m (右A)","14:20","晴","稍","除外","1","1","レッドレナート","牡4","牡","4","58.0","佐々木","","","","","","","美浦手塚久","484(-8)","https://race.netkeiba.com/race/result.html?race_id=202501010209&rf=race_list"
"848","1","2025年7月27日","札幌","10R","ポプラS","ダ1700m (右)","14:50","晴","重","1","2","2","ラタフォレスト","牡4","牡","4","58.0","鮫島駿","1:42.8","","3.0","3.3","35.7","2-2-2-2","美浦加藤征","512(+2)","https://race.netkeiba.com/race/result.html?race_id=202501010210&rf=race_list"
"849","2","2025年7月27日","札幌","10R","ポプラS","ダ1700m (右)","14:50","晴","重","2","3","3","ドバイブルース","牡4","牡","4","58.0","横山武","1:43.3","3.1/2","1.0","3.0","36.1","3-3-3-3","美浦加藤征","500(0)","https://race.netkeiba.com/race/result.html?race_id=202501010210&rf=race_list"
"850","3","2025年7月27日","札幌","10R","ポプラS","ダ1700m (右)","14:50","晴","重","3","4","4","セクシーブーケ","牝4","牝","4","56.0","北村友","1:43.6","1.3/4","4.0","9.3","36.3","4-4-3-3","栗東田中克","460(+10)","https://race.netkeiba.com/race/result.html?race_id=202501010210&rf=race_list"
"851","4","2025年7月27日","札幌","10R","ポプラS","ダ1700m (右)","14:50","晴","重","4","5","5","タンゴバイラリン","牡4","牡","4","58.0","横山典","1:43.6","ハナ","5.0","13.4","36.0","5-5-5-6","美浦栗田","526(+8)","https://race.netkeiba.com/race/result.html?race_id=202501010210&rf=race_list"
"852","5","2025年7月27日","札幌","10R","ポプラS","ダ1700m (右)","14:50","晴","重","5","8","8","マッシャーブルム","牡4","牡","4","58.0","高倉","1:43.7","クビ","2.0","3.2","36.7","1-1-1-1","栗東前川","520(-2)","https://race.netkeiba.com/race/result.html?race_id=202501010210&rf=race_list"
"853","6","2025年7月27日","札幌","10R","ポプラS","ダ1700m (右)","14:50","晴","重","6","7","7","グラウンドビート","セ4","セ","4","58.0","丹内","1:44.2","3.1/2","7.0","20.7","36.5","8-7-6-3","美浦田村","488(-4)","https://race.netkeiba.com/race/result.html?race_id=202501010210&rf=race_list"
"854","7","2025年7月27日","札幌","10R","ポプラS","ダ1700m (右)","14:50","晴","重","7","1","1","アスクビックスター","牡6","牡","6","58.0","黛","1:44.6","2.1/2","8.0","70.2","36.8","5-5-7-8","栗東前川","484(+14)","https://race.netkeiba.com/race/result.html?race_id=202501010210&rf=race_list"
"855","8","2025年7月27日","札幌","10R","ポプラS","ダ1700m (右)","14:50","晴","重","8","6","6","トップオブジェラス","牡6","牡","6","58.0","佐々木","1:44.8","1.1/4","6.0","15.8","37.0","7-7-7-6","美浦高木","532(-6)","https://race.netkeiba.com/race/result.html?race_id=202501010210&rf=race_list"
"856","1","2025年7月27日","札幌","11R","札幌日経賞","芝2600m (右A)","15:25","曇","稍","1","3","3","スティンガーグラス","牡4","牡","4","57.0","北村友","2:41.7","","1.0","3.4","35.1","6-7-8-8","美浦木村","482(0)","https://race.netkeiba.com/race/result.html?race_id=202501010211&rf=race_list"
"857","2","2025年7月27日","札幌","11R","札幌日経賞","芝2600m (右A)","15:25","曇","稍","2","6","6","フルール","牝5","牝","5","55.0","佐々木","2:41.8","1/2","6.0","14.8","35.5","4-4-4-2","美浦上原佑","494(+2)","https://race.netkeiba.com/race/result.html?race_id=202501010211&rf=race_list"
"858","3","2025年7月27日","札幌","11R","札幌日経賞","芝2600m (右A)","15:25","曇","稍","3","2","2","マイネルカンパーナ","牡5","牡","5","57.0","丹内","2:42.0","1.1/4","5.0","6.3","35.6","5-5-4-5","美浦青木","408(-10)","https://race.netkeiba.com/race/result.html?race_id=202501010211&rf=race_list"
"859","4","2025年7月27日","札幌","11R","札幌日経賞","芝2600m (右A)","15:25","曇","稍","4","8","10","ミステリーウェイ","セ7","セ","7","57.0","池添","2:42.2","1.1/4","4.0","6.2","36.1","1-1-1-2","栗東小林","502(-2)","https://race.netkeiba.com/race/result.html?race_id=202501010211&rf=race_list"
"860","5","2025年7月27日","札幌","11R","札幌日経賞","芝2600m (右A)","15:25","曇","稍","5","5","5","シュバルツクーゲル","牡4","牡","4","57.0","浜中","2:42.5","1.1/2","3.0","5.9","36.1","6-6-4-2","美浦鹿戸","496(+2)","https://race.netkeiba.com/race/result.html?race_id=202501010211&rf=race_list"
"861","6","2025年7月27日","札幌","11R","札幌日経賞","芝2600m (右A)","15:25","曇","稍","6","8","9","マキシ","牡5","牡","5","57.0","藤岡佑","2:42.5","アタマ","8.0","20.0","36.4","2-2-2-1","栗東杉山佳","506(0)","https://race.netkeiba.com/race/result.html?race_id=202501010211&rf=race_list"
"862","7","2025年7月27日","札幌","11R","札幌日経賞","芝2600m (右A)","15:25","曇","稍","7","7","7","パトリックハンサム","牡6","牡","6","57.0","松岡","2:42.6","3/4","10.0","94.0","36.3","3-2-4-5","美浦柄崎","470(-4)","https://race.netkeiba.com/race/result.html?race_id=202501010211&rf=race_list"
"863","8","2025年7月27日","札幌","11R","札幌日経賞","芝2600m (右A)","15:25","曇","稍","8","4","4","ヴェルミセル","牝5","牝","5","55.0","横山武","2:42.8","1.1/4","2.0","4.0","36.6","8-7-2-5","栗東吉村","464(+2)","https://race.netkeiba.com/race/result.html?race_id=202501010211&rf=race_list"
"864","9","2025年7月27日","札幌","11R","札幌日経賞","芝2600m (右A)","15:25","曇","稍","9","7","8","エゾダイモン","牡5","牡","5","57.0","吉田隼","2:43.0","1.1/2","9.0","20.2","36.0","9-9-9-9","栗東武幸","482(0)","https://race.netkeiba.com/race/result.html?race_id=202501010211&rf=race_list"
"865","10","2025年7月27日","札幌","11R","札幌日経賞","芝2600m (右A)","15:25","曇","稍","10","1","1","アドマイヤサジー","牝5","牝","5","55.0","鮫島駿","2:43.7","4","7.0","17.6","36.3","10-10-10-10","美浦宮田","440(-4)","https://race.netkeiba.com/race/result.html?race_id=202501010211&rf=race_list"
"866","1","2025年7月27日","札幌","12R","羊ヶ丘特別","芝1500m (右A)","16:01","曇","稍","1","2","2","エリーズダイヤ","牝5","牝","5","56.0","松岡","1:28.0","","3.0","5.2","35.2","2-2-2","美浦戸田","490(-2)","https://race.netkeiba.com/race/result.html?race_id=202501010212&rf=race_list"
"867","2","2025年7月27日","札幌","12R","羊ヶ丘特別","芝1500m (右A)","16:01","曇","稍","2","5","5","ビーナスローズ","牝6","牝","6","56.0","斎藤","1:28.2","1.1/4","2.0","3.8","35.8","1-1-1","栗東杉山佳","446(0)","https://race.netkeiba.com/race/result.html?race_id=202501010212&rf=race_list"
"868","3","2025年7月27日","札幌","12R","羊ヶ丘特別","芝1500m (右A)","16:01","曇","稍","3","3","3","マイネルフォルツァ","牡5","牡","5","58.0","鮫島駿","1:28.6","2","4.0","6.5","34.9","8-6-7","美浦金成","510(-8)","https://race.netkeiba.com/race/result.html?race_id=202501010212&rf=race_list"
"869","4","2025年7月27日","札幌","12R","羊ヶ丘特別","芝1500m (右A)","16:01","曇","稍","4","1","1","ステラバルセロナ","牝5","牝","5","56.0","丹内","1:28.6","ハナ","5.0","8.4","35.3","4-4-5","美浦菊川","428(0)","https://race.netkeiba.com/race/result.html?race_id=202501010212&rf=race_list"
"870","5","2025年7月27日","札幌","12R","羊ヶ丘特別","芝1500m (右A)","16:01","曇","稍","5","6","6","ヨウシタンレイ","牝5","牝","5","56.0","横山典","1:28.6","ハナ","1.0","2.5","35.5","2-3-4","栗東藤野","466(+18)","https://race.netkeiba.com/race/result.html?race_id=202501010212&rf=race_list"
"871","6","2025年7月27日","札幌","12R","羊ヶ丘特別","芝1500m (右A)","16:01","曇","稍","6","4","4","ルージュイストリア","牝5","牝","5","56.0","舟山","1:28.7","3/4","6.0","14.3","35.5","4-4-3","美浦浅利","464(-10)","https://race.netkeiba.com/race/result.html?race_id=202501010212&rf=race_list"
"872","7","2025年7月27日","札幌","12R","羊ヶ丘特別","芝1500m (右A)","16:01","曇","稍","7","7","7","オルフェスト","牝5","牝","5","56.0","吉田隼","1:28.9","1","7.0","21.4","35.3","4-6-6","美浦池上","446(-2)","https://race.netkeiba.com/race/result.html?race_id=202501010212&rf=race_list"
"873","8","2025年7月27日","札幌","12R","羊ヶ丘特別","芝1500m (右A)","16:01","曇","稍","8","8","8","ヒロノゴウカイ","牡6","牡","6","58.0","菅原隆","1:29.4","3","8.0","66.9","35.6","7-8-8","美浦蛯名利","496(0)","https://race.netkeiba.com/race/result.html?race_id=202501010212&rf=race_list"
