"autoNo","No","開催日","開催地","レースNo","レース名","距離","発走時刻","天候","馬場","着順","枠","馬番","馬名","性齢","gender","age","斤量","騎手","タイム","着差","人気","単勝オッズ","後3F","コーナー通過順","厩舎","馬体重(増減)","url"
"1","1","2025年8月16日","新潟","1R","2歳未勝利","芝1800m (左 外A)","09:45","晴","良","1","6","8","ジーネキング","牡2","牡","2","55.0","戸崎圭","1:48.2","","1.0","1.5","34.4","1-1","美浦斎藤誠","474(-2)","https://race.netkeiba.com/race/result.html?race_id=202504020701&rf=race_list"
"2","2","2025年8月16日","新潟","1R","2歳未勝利","芝1800m (左 外A)","09:45","晴","良","2","8","12","ユメシルベ","牝2","牝","2","55.0","柴田大","1:48.4","1.1/4","7.0","49.2","34.0","8-8","美浦粕谷","412(-2)","https://race.netkeiba.com/race/result.html?race_id=202504020701&rf=race_list"
"3","3","2025年8月16日","新潟","1R","2歳未勝利","芝1800m (左 外A)","09:45","晴","良","3","4","4","トルネードアイル","牡2","牡","2","55.0","荻野極","1:48.5","3/4","5.0","19.0","33.9","10-10","美浦鹿戸","474(-8)","https://race.netkeiba.com/race/result.html?race_id=202504020701&rf=race_list"
"4","4","2025年8月16日","新潟","1R","2歳未勝利","芝1800m (左 外A)","09:45","晴","良","4","7","11","グランセレスト","牡2","牡","2","55.0","三浦","1:48.6","3/4","3.0","6.3","34.3","5-6","美浦竹内","520(+10)","https://race.netkeiba.com/race/result.html?race_id=202504020701&rf=race_list"
"5","5","2025年8月16日","新潟","1R","2歳未勝利","芝1800m (左 外A)","09:45","晴","良","5","5","7","ジェイストリーク","牝2","牝","2","55.0","北村友","1:48.8","1","2.0","4.4","34.9","2-2","栗東武幸","492(+8)","https://race.netkeiba.com/race/result.html?race_id=202504020701&rf=race_list"
"6","6","2025年8月16日","新潟","1R","2歳未勝利","芝1800m (左 外A)","09:45","晴","良","6","4","5","ジャストビコーズ","牝2","牝","2","53.0","◇今村","1:49.0","1.1/4","4.0","10.9","34.8","5-4","美浦武井","476(-8)","https://race.netkeiba.com/race/result.html?race_id=202504020701&rf=race_list"
"7","7","2025年8月16日","新潟","1R","2歳未勝利","芝1800m (左 外A)","09:45","晴","良","7","1","1","ホッカイダイオー","牡2","牡","2","55.0","野中","1:49.2","1","12.0","330.5","34.8","8-8","美浦奥平","482(-6)","https://race.netkeiba.com/race/result.html?race_id=202504020701&rf=race_list"
"8","8","2025年8月16日","新潟","1R","2歳未勝利","芝1800m (左 外A)","09:45","晴","良","8","5","6","レイランディ","牡2","牡","2","55.0","内田博","1:49.5","2","9.0","137.8","34.5","13-13","美浦古賀","456(-4)","https://race.netkeiba.com/race/result.html?race_id=202504020701&rf=race_list"
"9","9","2025年8月16日","新潟","1R","2歳未勝利","芝1800m (左 外A)","09:45","晴","良","9","7","10","カガチャンプ","牡2","牡","2","55.0","小林脩","1:49.8","2","13.0","339.8","35.2","10-10","美浦萱野","540(+6)","https://race.netkeiba.com/race/result.html?race_id=202504020701&rf=race_list"
"10","10","2025年8月16日","新潟","1R","2歳未勝利","芝1800m (左 外A)","09:45","晴","良","10","3","3","フラクタル","牝2","牝","2","55.0","木幡巧","1:49.8","クビ","11.0","252.4","35.6","3-4","美浦牧","454(-2)","https://race.netkeiba.com/race/result.html?race_id=202504020701&rf=race_list"
"11","11","2025年8月16日","新潟","1R","2歳未勝利","芝1800m (左 外A)","09:45","晴","良","11","2","2","エイシンイクサボシ","牝2","牝","2","55.0","木幡育","1:50.4","3.1/2","6.0","24.4","35.7","12-12","美浦勢司","466(-2)","https://race.netkeiba.com/race/result.html?race_id=202504020701&rf=race_list"
"12","12","2025年8月16日","新潟","1R","2歳未勝利","芝1800m (左 外A)","09:45","晴","良","12","8","13","パンジー","牝2","牝","2","55.0","丸田","1:50.5","1/2","8.0","114.2","36.1","5-6","美浦深山","440(+4)","https://race.netkeiba.com/race/result.html?race_id=202504020701&rf=race_list"
"13","13","2025年8月16日","新潟","1R","2歳未勝利","芝1800m (左 外A)","09:45","晴","良","13","6","9","テンオンスゴールド","牡2","牡","2","55.0","江田照","1:52.1","10","10.0","149.6","37.9","3-2","美浦田中剛","472(+4)","https://race.netkeiba.com/race/result.html?race_id=202504020701&rf=race_list"
"14","1","2025年8月16日","新潟","2R","3歳未勝利","芝2400m (左A)","10:15","晴","良","1","8","16","ヴィジョンメーカー","牡3","牡","3","57.0","内田博","2:26.8","","1.0","3.0","35.6","3-3-3-3","美浦林","516(0)","https://race.netkeiba.com/race/result.html?race_id=202504020702&rf=race_list"
"15","2","2025年8月16日","新潟","2R","3歳未勝利","芝2400m (左A)","10:15","晴","良","2","5","10","ピコラ","牝3","牝","3","55.0","木幡巧","2:26.9","3/4","8.0","21.6","35.3","11-11-8-7","美浦黒岩","424(-4)","https://race.netkeiba.com/race/result.html?race_id=202504020702&rf=race_list"
"16","3","2025年8月16日","新潟","2R","3歳未勝利","芝2400m (左A)","10:15","晴","良","3","7","15","ナヴァラトゥナ","牡3","牡","3","57.0","戸崎圭","2:26.9","ハナ","2.0","3.4","35.8","2-2-2-2","美浦上原佑","430(-6)","https://race.netkeiba.com/race/result.html?race_id=202504020702&rf=race_list"
"17","4","2025年8月16日","新潟","2R","3歳未勝利","芝2400m (左A)","10:15","晴","良","4","1","1","ピュルテ","牝3","牝","3","55.0","嶋田","2:26.9","アタマ","12.0","60.5","35.5","7-7-5-5","美浦手塚久","428(-6)","https://race.netkeiba.com/race/result.html?race_id=202504020702&rf=race_list"
"18","5","2025年8月16日","新潟","2R","3歳未勝利","芝2400m (左A)","10:15","晴","良","5","2","4","エターナルシルバー","牡3","牡","3","57.0","吉田豊","2:27.1","1.1/4","3.0","8.0","35.8","5-5-5-5","美浦中舘","458(+2)","https://race.netkeiba.com/race/result.html?race_id=202504020702&rf=race_list"
"19","6","2025年8月16日","新潟","2R","3歳未勝利","芝2400m (左A)","10:15","晴","良","6","7","13","トリュフチョコ","牝3","牝","3","55.0","杉原","2:27.3","1.1/4","15.0","174.7","36.4","1-1-1-1","美浦林","438(-2)","https://race.netkeiba.com/race/result.html?race_id=202504020702&rf=race_list"
"20","7","2025年8月16日","新潟","2R","3歳未勝利","芝2400m (左A)","10:15","晴","良","7","8","18","キロノヴァ","牡3","牡","3","57.0","大野","2:27.3","クビ","9.0","27.6","35.1","15-15-13-12","美浦萩原","436(+4)","https://race.netkeiba.com/race/result.html?race_id=202504020702&rf=race_list"
"21","8","2025年8月16日","新潟","2R","3歳未勝利","芝2400m (左A)","10:15","晴","良","8","8","17","クラレット","牡3","牡","3","57.0","丸山","2:27.4","1/2","6.0","16.3","36.2","3-3-3-3","美浦古賀","496(+4)","https://race.netkeiba.com/race/result.html?race_id=202504020702&rf=race_list"
"22","9","2025年8月16日","新潟","2R","3歳未勝利","芝2400m (左A)","10:15","晴","良","9","6","12","ブランフォルテ","牡3","牡","3","57.0","石橋脩","2:27.4","クビ","14.0","126.8","35.9","6-5-7-7","美浦辻","484(0)","https://race.netkeiba.com/race/result.html?race_id=202504020702&rf=race_list"
"23","10","2025年8月16日","新潟","2R","3歳未勝利","芝2400m (左A)","10:15","晴","良","10","4","7","マイネルフィスキオ","牡3","牡","3","54.0","▲石神道","2:27.5","クビ","4.0","8.7","35.6","17-16-11-9","美浦佐藤吉","410(0)","https://race.netkeiba.com/race/result.html?race_id=202504020702&rf=race_list"
"24","11","2025年8月16日","新潟","2R","3歳未勝利","芝2400m (左A)","10:15","晴","良","11","7","14","イサゴールド","牝3","牝","3","53.0","◇今村","2:27.5","クビ","10.0","33.5","35.7","7-7-9-9","美浦奥村武","414(+4)","https://race.netkeiba.com/race/result.html?race_id=202504020702&rf=race_list"
"25","12","2025年8月16日","新潟","2R","3歳未勝利","芝2400m (左A)","10:15","晴","良","12","4","8","ブライトメール","牡3","牡","3","57.0","菅原明","2:27.7","1.1/2","5.0","9.8","35.5","13-13-13-12","美浦伊藤大","446(+2)","https://race.netkeiba.com/race/result.html?race_id=202504020702&rf=race_list"
"26","13","2025年8月16日","新潟","2R","3歳未勝利","芝2400m (左A)","10:15","晴","良","13","1","2","タナハシ","牡3","牡","3","57.0","菊沢","2:27.8","クビ","7.0","17.1","36.0","9-9-9-9","美浦伊坂","508(+4)","https://race.netkeiba.com/race/result.html?race_id=202504020702&rf=race_list"
"27","14","2025年8月16日","新潟","2R","3歳未勝利","芝2400m (左A)","10:15","晴","良","14","3","5","シャイニーセーラー","牝3","牝","3","55.0","横山琉","2:27.8","ハナ","13.0","118.3","35.2","13-13-15-15","美浦相沢","456(0)","https://race.netkeiba.com/race/result.html?race_id=202504020702&rf=race_list"
"28","15","2025年8月16日","新潟","2R","3歳未勝利","芝2400m (左A)","10:15","晴","良","15","2","3","イルジーリオ","牝3","牝","3","55.0","柴田大","2:28.0","1.1/2","11.0","58.1","36.0","11-11-11-12","美浦林","432(-6)","https://race.netkeiba.com/race/result.html?race_id=202504020702&rf=race_list"
"29","16","2025年8月16日","新潟","2R","3歳未勝利","芝2400m (左A)","10:15","晴","良","16","5","9","エットトゥカム","牡3","牡","3","57.0","丸田","2:28.2","1.1/4","16.0","229.2","35.7","18-18-15-15","美浦深山","392(-6)","https://race.netkeiba.com/race/result.html?race_id=202504020702&rf=race_list"
"30","17","2025年8月16日","新潟","2R","3歳未勝利","芝2400m (左A)","10:15","晴","良","17","6","11","タニセンダイヤ","牝3","牝","3","52.0","▲石田","2:28.6","2.1/2","17.0","312.1","36.0","9-9-15-18","美浦根本","514(+6)","https://race.netkeiba.com/race/result.html?race_id=202504020702&rf=race_list"
"31","18","2025年8月16日","新潟","2R","3歳未勝利","芝2400m (左A)","10:15","晴","良","18","3","6","マイウェイ","牡3","牡","3","57.0","木幡育","2:28.8","1.1/4","18.0","432.4","36.0","15-16-18-17","美浦高橋文","404(0)","https://race.netkeiba.com/race/result.html?race_id=202504020702&rf=race_list"
"32","1","2025年8月16日","新潟","3R","3歳未勝利","ダ1800m (左)","10:45","晴","稍","1","8","13","キタノマーシャル","牝3","牝","3","55.0","津村","1:55.4","","3.0","4.3","39.2","5-6-2-2","美浦奥平","508(+8)","https://race.netkeiba.com/race/result.html?race_id=202504020703&rf=race_list"
"33","2","2025年8月16日","新潟","3R","3歳未勝利","ダ1800m (左)","10:45","晴","稍","2","7","12","カサビセンス","牝3","牝","3","55.0","木幡巧","1:55.5","1","6.0","15.1","39.2","10-10-4-4","美浦加藤士","434(-2)","https://race.netkeiba.com/race/result.html?race_id=202504020703&rf=race_list"
"34","3","2025年8月16日","新潟","3R","3歳未勝利","ダ1800m (左)","10:45","晴","稍","3","4","5","コヴェナント","牝3","牝","3","52.0","▲水沼","1:55.7","1.1/4","13.0","310.6","38.9","12-12-10-9","美浦根本","438(+6)","https://race.netkeiba.com/race/result.html?race_id=202504020703&rf=race_list"
"35","4","2025年8月16日","新潟","3R","3歳未勝利","ダ1800m (左)","10:45","晴","稍","4","7","11","フローラルデザイン","牝3","牝","3","55.0","菅原明","1:55.8","1/2","8.0","55.2","39.0","12-12-10-9","美浦畠山","442(-4)","https://race.netkeiba.com/race/result.html?race_id=202504020703&rf=race_list"
"36","5","2025年8月16日","新潟","3R","3歳未勝利","ダ1800m (左)","10:45","晴","稍","5","6","10","サラニキケン","牝3","牝","3","55.0","木幡初","1:55.9","1/2","4.0","5.0","39.3","5-7-7-7","美浦竹内","432(+2)","https://race.netkeiba.com/race/result.html?race_id=202504020703&rf=race_list"
"37","6","2025年8月16日","新潟","3R","3歳未勝利","ダ1800m (左)","10:45","晴","稍","6","1","1","アルマリカシバ","牝3","牝","3","52.0","▲石田","1:56.0","3/4","1.0","3.5","39.9","2-2-2-2","美浦中舘","452(+2)","https://race.netkeiba.com/race/result.html?race_id=202504020703&rf=race_list"
"38","7","2025年8月16日","新潟","3R","3歳未勝利","ダ1800m (左)","10:45","晴","稍","7","5","8","プロメテドール","牝3","牝","3","53.0","◇今村","1:56.1","クビ","2.0","3.8","39.4","14-14-7-6","美浦久保田","432(-8)","https://race.netkeiba.com/race/result.html?race_id=202504020703&rf=race_list"
"39","8","2025年8月16日","新潟","3R","3歳未勝利","ダ1800m (左)","10:45","晴","稍","8","3","3","プラウドモーメント","牝3","牝","3","55.0","柴田大","1:56.6","3","10.0","56.0","40.2","5-5-5-4","美浦林","496(-6)","https://race.netkeiba.com/race/result.html?race_id=202504020703&rf=race_list"
"40","9","2025年8月16日","新潟","3R","3歳未勝利","ダ1800m (左)","10:45","晴","稍","9","5","7","ノースカトレア","牝3","牝","3","55.0","野中","1:56.9","2","9.0","56.0","40.3","8-7-7-7","美浦和田勇","502(-2)","https://race.netkeiba.com/race/result.html?race_id=202504020703&rf=race_list"
"41","10","2025年8月16日","新潟","3R","3歳未勝利","ダ1800m (左)","10:45","晴","稍","10","8","14","ホウオウヌーヴォー","牝3","牝","3","55.0","吉田豊","1:56.9","ハナ","5.0","11.1","41.1","1-1-1-1","美浦田島","456(-8)","https://race.netkeiba.com/race/result.html?race_id=202504020703&rf=race_list"
"42","11","2025年8月16日","新潟","3R","3歳未勝利","ダ1800m (左)","10:45","晴","稍","11","6","9","ムンディ","牝3","牝","3","52.0","▲土田","1:57.6","4","14.0","553.7","40.5","11-10-12-11","美浦田村","410(-6)","https://race.netkeiba.com/race/result.html?race_id=202504020703&rf=race_list"
"43","12","2025年8月16日","新潟","3R","3歳未勝利","ダ1800m (左)","10:45","晴","稍","12","4","6","メイショウナナカゼ","牝3","牝","3","52.0","▲佐藤","1:59.1","9","12.0","134.5","42.6","4-4-5-11","美浦和田勇","410(-6)","https://race.netkeiba.com/race/result.html?race_id=202504020703&rf=race_list"
"44","13","2025年8月16日","新潟","3R","3歳未勝利","ダ1800m (左)","10:45","晴","稍","13","3","4","オータムメモリー","牝3","牝","3","52.0","▲遠藤","2:01.4","大","11.0","75.7","44.4","8-7-12-13","美浦堀内","490(-8)","https://race.netkeiba.com/race/result.html?race_id=202504020703&rf=race_list"
"45","14","2025年8月16日","新潟","3R","3歳未勝利","ダ1800m (左)","10:45","晴","稍","中止","2","2","トリフォラート","牝3","牝","3","55.0","菊沢","","","7.0","22.8","","3-3-14-14","美浦小手川","482(-4)","https://race.netkeiba.com/race/result.html?race_id=202504020703&rf=race_list"
"46","1","2025年8月16日","新潟","4R","2歳新馬","芝1600m (左 外A)","11:15","晴","良","1","1","1","モンローウォーク","牝2","牝","2","55.0","戸崎圭","1:35.5","","1.0","1.2","33.9","1-1","美浦木村","430(0)","https://race.netkeiba.com/race/result.html?race_id=202504020704&rf=race_list"
"47","2","2025年8月16日","新潟","4R","2歳新馬","芝1600m (左 外A)","11:15","晴","良","2","7","9","キリミツ","牡2","牡","2","55.0","石橋脩","1:36.0","3","7.0","35.6","33.9","5-6","美浦勢司","450(0)","https://race.netkeiba.com/race/result.html?race_id=202504020704&rf=race_list"
"48","3","2025年8月16日","新潟","4R","2歳新馬","芝1600m (左 外A)","11:15","晴","良","3","6","7","プレシャスフェザー","牝2","牝","2","55.0","木幡巧","1:36.6","3.1/2","5.0","23.2","34.7","4-4","美浦牧","436(0)","https://race.netkeiba.com/race/result.html?race_id=202504020704&rf=race_list"
"49","4","2025年8月16日","新潟","4R","2歳新馬","芝1600m (左 外A)","11:15","晴","良","4","3","3","ニンジャトットリ","牡2","牡","2","55.0","木幡育","1:36.8","1.1/4","3.0","10.6","34.4","8-8","美浦松永康","454(0)","https://race.netkeiba.com/race/result.html?race_id=202504020704&rf=race_list"
"50","5","2025年8月16日","新潟","4R","2歳新馬","芝1600m (左 外A)","11:15","晴","良","5","6","6","レモンドルチェ","牡2","牡","2","55.0","大野","1:37.5","4","2.0","8.1","35.7","2-2","美浦中舘","436(0)","https://race.netkeiba.com/race/result.html?race_id=202504020704&rf=race_list"
"51","6","2025年8月16日","新潟","4R","2歳新馬","芝1600m (左 外A)","11:15","晴","良","6","8","10","コスモエウポリア","牝2","牝","2","55.0","菊沢","1:37.8","1.1/2","8.0","36.3","35.4","7-7","美浦菊沢","478(0)","https://race.netkeiba.com/race/result.html?race_id=202504020704&rf=race_list"
"52","7","2025年8月16日","新潟","4R","2歳新馬","芝1600m (左 外A)","11:15","晴","良","7","8","11","エクスペクタント","牡2","牡","2","55.0","荻野極","1:37.9","1/2","6.0","28.1","36.1","3-2","栗東西園翔","454(0)","https://race.netkeiba.com/race/result.html?race_id=202504020704&rf=race_list"
"53","8","2025年8月16日","新潟","4R","2歳新馬","芝1600m (左 外A)","11:15","晴","良","8","7","8","オトシダマ","牝2","牝","2","52.0","▲石神道","1:38.1","1.1/2","9.0","96.5","35.4","8-8","美浦金成","474(0)","https://race.netkeiba.com/race/result.html?race_id=202504020704&rf=race_list"
"54","9","2025年8月16日","新潟","4R","2歳新馬","芝1600m (左 外A)","11:15","晴","良","9","2","2","スターサンサルー","牝2","牝","2","55.0","菅原明","1:38.1","アタマ","4.0","16.3","36.1","5-4","美浦尾関","426(0)","https://race.netkeiba.com/race/result.html?race_id=202504020704&rf=race_list"
"55","10","2025年8月16日","新潟","4R","2歳新馬","芝1600m (左 外A)","11:15","晴","良","10","5","5","クラウンプレゼンタ","牡2","牡","2","55.0","内田博","1:38.2","1/2","11.0","299.1","35.0","11-11","美浦天間","454(0)","https://race.netkeiba.com/race/result.html?race_id=202504020704&rf=race_list"
"56","11","2025年8月16日","新潟","4R","2歳新馬","芝1600m (左 外A)","11:15","晴","良","11","4","4","キタノマテンロウ","牝2","牝","2","55.0","岩部","1:38.3","1/2","10.0","229.4","35.6","10-10","美浦萱野","454(0)","https://race.netkeiba.com/race/result.html?race_id=202504020704&rf=race_list"
"57","1","2025年8月16日","新潟","5R","2歳新馬","芝1400m (左A)","11:45","晴","良","1","8","17","ベレーバスク","牝2","牝","2","52.0","▲石神道","1:21.7","","2.0","5.0","34.9","3-3","美浦清水英","444(0)","https://race.netkeiba.com/race/result.html?race_id=202504020705&rf=race_list"
"58","2","2025年8月16日","新潟","5R","2歳新馬","芝1400m (左A)","11:45","晴","良","2","8","16","ミティリーニ","牝2","牝","2","55.0","北村友","1:22.2","3","5.0","5.9","35.7","1-1","栗東高野","436(0)","https://race.netkeiba.com/race/result.html?race_id=202504020705&rf=race_list"
"59","3","2025年8月16日","新潟","5R","2歳新馬","芝1400m (左A)","11:45","晴","良","3","6","12","スマッシング","牝2","牝","2","55.0","菅原明","1:22.2","アタマ","4.0","5.9","34.8","7-7","栗東佐藤悠","480(0)","https://race.netkeiba.com/race/result.html?race_id=202504020705&rf=race_list"
"60","4","2025年8月16日","新潟","5R","2歳新馬","芝1400m (左A)","11:45","晴","良","4","2","3","ガラベイヤ","牝2","牝","2","55.0","石川","1:22.7","3","3.0","5.7","35.5","6-4","美浦加藤士","416(0)","https://race.netkeiba.com/race/result.html?race_id=202504020705&rf=race_list"
"61","5","2025年8月16日","新潟","5R","2歳新馬","芝1400m (左A)","11:45","晴","良","5","1","1","ジャストマイウェイ","牝2","牝","2","55.0","荻野極","1:22.8","1/2","1.0","3.6","35.0","11-9","美浦国枝","514(0)","https://race.netkeiba.com/race/result.html?race_id=202504020705&rf=race_list"
"62","6","2025年8月16日","新潟","5R","2歳新馬","芝1400m (左A)","11:45","晴","良","6","6","11","リーデレクオーレ","牝2","牝","2","55.0","柴田大","1:22.9","3/4","13.0","118.2","36.0","3-4","美浦土田","420(0)","https://race.netkeiba.com/race/result.html?race_id=202504020705&rf=race_list"
"63","7","2025年8月16日","新潟","5R","2歳新馬","芝1400m (左A)","11:45","晴","良","7","7","13","トランスマーレ","牝2","牝","2","55.0","戸崎圭","1:23.0","3/4","6.0","13.1","35.4","9-9","美浦高柳瑞","442(0)","https://race.netkeiba.com/race/result.html?race_id=202504020705&rf=race_list"
"64","8","2025年8月16日","新潟","5R","2歳新馬","芝1400m (左A)","11:45","晴","良","8","8","15","セイウンマナウス","牝2","牝","2","55.0","吉田豊","1:23.3","2","9.0","36.3","36.6","2-2","美浦田中剛","464(0)","https://race.netkeiba.com/race/result.html?race_id=202504020705&rf=race_list"
"65","9","2025年8月16日","新潟","5R","2歳新馬","芝1400m (左A)","11:45","晴","良","9","7","14","ツキノマバタキ","牝2","牝","2","55.0","木幡巧","1:23.5","1.1/4","8.0","33.5","36.1","7-7","美浦牧","426(0)","https://race.netkeiba.com/race/result.html?race_id=202504020705&rf=race_list"
"66","10","2025年8月16日","新潟","5R","2歳新馬","芝1400m (左A)","11:45","晴","良","10","5","10","ケンブリッジサクラ","牝2","牝","2","55.0","丸田","1:23.7","1.1/4","12.0","106.2","35.9","11-12","美浦石栗","434(0)","https://race.netkeiba.com/race/result.html?race_id=202504020705&rf=race_list"
"67","11","2025年8月16日","新潟","5R","2歳新馬","芝1400m (左A)","11:45","晴","良","11","1","2","カセノアステリア","牝2","牝","2","55.0","津村","1:23.8","クビ","7.0","17.6","36.8","5-4","美浦鈴木伸","488(0)","https://race.netkeiba.com/race/result.html?race_id=202504020705&rf=race_list"
"68","12","2025年8月16日","新潟","5R","2歳新馬","芝1400m (左A)","11:45","晴","良","12","3","6","ルージュノヴァ","牝2","牝","2","55.0","菊沢","1:23.8","クビ","16.0","207.5","35.8","13-12","美浦萱野","454(0)","https://race.netkeiba.com/race/result.html?race_id=202504020705&rf=race_list"
"69","13","2025年8月16日","新潟","5R","2歳新馬","芝1400m (左A)","11:45","晴","良","13","4","7","エスシーレイジュ","牝2","牝","2","55.0","大野","1:24.0","1.1/4","14.0","169.5","36.3","9-11","美浦松山","448(0)","https://race.netkeiba.com/race/result.html?race_id=202504020705&rf=race_list"
"70","14","2025年8月16日","新潟","5R","2歳新馬","芝1400m (左A)","11:45","晴","良","14","5","9","ニシノゴージャス","牝2","牝","2","55.0","杉原","1:24.3","1.3/4","10.0","37.8","36.3","13-14","美浦村田","408(0)","https://race.netkeiba.com/race/result.html?race_id=202504020705&rf=race_list"
"71","15","2025年8月16日","新潟","5R","2歳新馬","芝1400m (左A)","11:45","晴","良","15","4","8","アロハオエ","牝2","牝","2","55.0","岩部","1:24.4","クビ","17.0","260.3","36.3","15-15","美浦中川","446(0)","https://race.netkeiba.com/race/result.html?race_id=202504020705&rf=race_list"
"72","16","2025年8月16日","新潟","5R","2歳新馬","芝1400m (左A)","11:45","晴","良","16","3","5","ラヴィングリー","牝2","牝","2","55.0","横山琉","1:24.5","3/4","11.0","81.8","35.9","16-16","美浦池上","432(0)","https://race.netkeiba.com/race/result.html?race_id=202504020705&rf=race_list"
"73","17","2025年8月16日","新潟","5R","2歳新馬","芝1400m (左A)","11:45","晴","良","17","2","4","メイポール","牝2","牝","2","55.0","嶋田","1:28.9","大","15.0","174.5","39.8","17-17","美浦武市","428(0)","https://race.netkeiba.com/race/result.html?race_id=202504020705&rf=race_list"
"74","1","2025年8月16日","新潟","6R","中郷特別","芝1800m (左 外A)","15:10","晴","良","1","6","7","エストゥペンダ","牝3","牝","3","53.0","戸崎圭","1:44.8","","1.0","2.2","32.4","11-10","美浦高柳瑞","442(0)","https://race.netkeiba.com/race/result.html?race_id=202504020706&rf=race_list"
"75","2","2025年8月16日","新潟","6R","中郷特別","芝1800m (左 外A)","15:10","晴","良","2","2","2","クライスレリアーナ","牝3","牝","3","53.0","津村","1:45.3","3","2.0","2.9","33.8","3-3","美浦木村","462(+4)","https://race.netkeiba.com/race/result.html?race_id=202504020706&rf=race_list"
"76","3","2025年8月16日","新潟","6R","中郷特別","芝1800m (左 外A)","15:10","晴","良","3","4","4","フォーカルフラワー","牝5","牝","5","56.0","田辺","1:46.1","5","4.0","15.8","34.8","1-1","美浦国枝","446(-12)","https://race.netkeiba.com/race/result.html?race_id=202504020706&rf=race_list"
"77","4","2025年8月16日","新潟","6R","中郷特別","芝1800m (左 外A)","15:10","晴","良","4","3","3","キューティリップ","牝3","牝","3","53.0","江田照","1:46.1","クビ","5.0","16.4","34.0","9-6","美浦戸田","460(+4)","https://race.netkeiba.com/race/result.html?race_id=202504020706&rf=race_list"
"78","5","2025年8月16日","新潟","6R","中郷特別","芝1800m (左 外A)","15:10","晴","良","5","6","8","ペプロス","牝3","牝","3","53.0","荻野極","1:46.3","1.1/4","9.0","61.0","35.0","2-2","美浦矢野","468(+2)","https://race.netkeiba.com/race/result.html?race_id=202504020706&rf=race_list"
"79","6","2025年8月16日","新潟","6R","中郷特別","芝1800m (左 外A)","15:10","晴","良","6","7","9","イージーブリージー","牝4","牝","4","56.0","菊沢","1:46.3","クビ","10.0","104.6","34.2","7-6","美浦伊坂","448(0)","https://race.netkeiba.com/race/result.html?race_id=202504020706&rf=race_list"
"80","7","2025年8月16日","新潟","6R","中郷特別","芝1800m (左 外A)","15:10","晴","良","7","1","1","ラルンエベール","牝4","牝","4","56.0","川端","1:46.5","1","7.0","32.8","34.9","3-3","美浦田島","428(+2)","https://race.netkeiba.com/race/result.html?race_id=202504020706&rf=race_list"
"81","8","2025年8月16日","新潟","6R","中郷特別","芝1800m (左 外A)","15:10","晴","良","8","5","6","メランジェ","牝3","牝","3","53.0","丸山","1:46.5","ハナ","8.0","48.5","34.6","5-5","美浦田中剛","454(+10)","https://race.netkeiba.com/race/result.html?race_id=202504020706&rf=race_list"
"82","9","2025年8月16日","新潟","6R","中郷特別","芝1800m (左 外A)","15:10","晴","良","9","7","10","レイユール","牝3","牝","3","53.0","横山琉","1:46.5","ハナ","6.0","20.1","34.0","7-9","美浦手塚久","410(-2)","https://race.netkeiba.com/race/result.html?race_id=202504020706&rf=race_list"
"83","10","2025年8月16日","新潟","6R","中郷特別","芝1800m (左 外A)","15:10","晴","良","10","8","12","ニシノコマチムスメ","牝4","牝","4","56.0","今村","1:47.3","5","11.0","176.4","34.5","10-10","美浦松山","438(+6)","https://race.netkeiba.com/race/result.html?race_id=202504020706&rf=race_list"
"84","11","2025年8月16日","新潟","6R","中郷特別","芝1800m (左 外A)","15:10","晴","良","11","8","11","ホーリーノット","牝3","牝","3","53.0","北村友","1:51.6","大","3.0","4.8","39.1","5-6","栗東高野","440(+12)","https://race.netkeiba.com/race/result.html?race_id=202504020706&rf=race_list"
"85","12","2025年8月16日","新潟","6R","中郷特別","芝1800m (左 外A)","15:10","晴","良","除外","5","5","トロピカルティー","牝4","牝","4","56.0","菅原明","","","","","","","美浦林","436(-4)","https://race.netkeiba.com/race/result.html?race_id=202504020706&rf=race_list"
"86","1","2025年8月16日","新潟","7R","上越S","ダ1200m (左)","15:45","晴","良","1","8","15","タガノミスト","牝4","牝","4","56.0","丸山","1:10.9","","2.0","5.1","36.8","3-3","栗東渡辺","488(+8)","https://race.netkeiba.com/race/result.html?race_id=202504020707&rf=race_list"
"87","2","2025年8月16日","新潟","7R","上越S","ダ1200m (左)","15:45","晴","良","2","6","10","ルディック","牡4","牡","4","58.0","北村友","1:10.9","ハナ","1.0","3.2","37.1","2-2","栗東高野","524(+4)","https://race.netkeiba.com/race/result.html?race_id=202504020707&rf=race_list"
"88","3","2025年8月16日","新潟","7R","上越S","ダ1200m (左)","15:45","晴","良","3","4","7","ドンレパルス","牡6","牡","6","58.0","菅原明","1:11.1","3/4","3.0","6.5","35.8","9-7","美浦高木","520(0)","https://race.netkeiba.com/race/result.html?race_id=202504020707&rf=race_list"
"89","4","2025年8月16日","新潟","7R","上越S","ダ1200m (左)","15:45","晴","良","4","1","1","ワークソング","牡4","牡","4","58.0","三浦","1:11.1","クビ","8.0","36.7","35.7","10-10","栗東牧浦","486(+12)","https://race.netkeiba.com/race/result.html?race_id=202504020707&rf=race_list"
"90","5","2025年8月16日","新潟","7R","上越S","ダ1200m (左)","15:45","晴","良","5","3","5","イミュータブル","牡5","牡","5","58.0","津村","1:11.6","3","9.0","44.8","36.7","5-5","栗東浜田","490(+16)","https://race.netkeiba.com/race/result.html?race_id=202504020707&rf=race_list"
"91","6","2025年8月16日","新潟","7R","上越S","ダ1200m (左)","15:45","晴","良","6","2","3","ビバップ","牡4","牡","4","58.0","石橋脩","1:11.6","クビ","6.0","7.6","38.0","1-1","栗東清水久","492(+4)","https://race.netkeiba.com/race/result.html?race_id=202504020707&rf=race_list"
"92","7","2025年8月16日","新潟","7R","上越S","ダ1200m (左)","15:45","晴","良","7","8","14","パドマ","牝4","牝","4","56.0","戸崎圭","1:11.6","アタマ","5.0","7.3","37.5","3-3","栗東杉山晴","502(-4)","https://race.netkeiba.com/race/result.html?race_id=202504020707&rf=race_list"
"93","8","2025年8月16日","新潟","7R","上越S","ダ1200m (左)","15:45","晴","良","8","3","4","ミラバーグマン","牝7","牝","7","56.0","杉原","1:11.7","1/2","15.0","176.3","36.5","7-7","栗東西村","466(-4)","https://race.netkeiba.com/race/result.html?race_id=202504020707&rf=race_list"
"94","9","2025年8月16日","新潟","7R","上越S","ダ1200m (左)","15:45","晴","良","9","5","9","イノセントキャット","牝4","牝","4","56.0","田辺","1:11.9","1.1/4","4.0","6.7","36.7","7-7","美浦久保田","454(0)","https://race.netkeiba.com/race/result.html?race_id=202504020707&rf=race_list"
"95","10","2025年8月16日","新潟","7R","上越S","ダ1200m (左)","15:45","晴","良","10","2","2","ユスティニアン","牡7","牡","7","58.0","石川","1:12.0","1/2","13.0","156.1","36.4","11-11","栗東小椋","440(-4)","https://race.netkeiba.com/race/result.html?race_id=202504020707&rf=race_list"
"96","11","2025年8月16日","新潟","7R","上越S","ダ1200m (左)","15:45","晴","良","11","5","8","パルデンス","牡7","牡","7","58.0","菊沢","1:12.2","3/4","14.0","159.8","36.5","12-11","美浦森一","494(-4)","https://race.netkeiba.com/race/result.html?race_id=202504020707&rf=race_list"
"97","12","2025年8月16日","新潟","7R","上越S","ダ1200m (左)","15:45","晴","良","12","4","6","メイショウタイゲイ","牡6","牡","6","58.0","内田博","1:12.2","ハナ","10.0","56.9","36.1","14-15","栗東荒川","462(-12)","https://race.netkeiba.com/race/result.html?race_id=202504020707&rf=race_list"
"98","13","2025年8月16日","新潟","7R","上越S","ダ1200m (左)","15:45","晴","良","13","7","13","ウナギノボリ","牡6","牡","6","58.0","大野","1:12.6","2.1/2","12.0","88.5","36.5","14-13","栗東東田","486(-14)","https://race.netkeiba.com/race/result.html?race_id=202504020707&rf=race_list"
"99","14","2025年8月16日","新潟","7R","上越S","ダ1200m (左)","15:45","晴","良","14","6","11","ライジン","牡5","牡","5","58.0","荻野極","1:12.8","1.1/4","7.0","15.5","37.1","12-13","栗東池添","486(+8)","https://race.netkeiba.com/race/result.html?race_id=202504020707&rf=race_list"
"100","15","2025年8月16日","新潟","7R","上越S","ダ1200m (左)","15:45","晴","良","15","7","12","モデルハント","牝4","牝","4","56.0","今村","1:13.8","6","11.0","58.6","38.8","5-5","美浦武藤","454(+2)","https://race.netkeiba.com/race/result.html?race_id=202504020707&rf=race_list"
"101","1","2025年8月16日","新潟","8R","瀬波温泉特別","ダ1800m (左)","16:20","晴","良","1","5","7","ピカピカサンダー","牡3","牡","3","55.0","三浦","1:52.6","","1.0","1.6","37.1","1-1-1-1","美浦鹿戸","498(+12)","https://race.netkeiba.com/race/result.html?race_id=202504020708&rf=race_list"
"102","2","2025年8月16日","新潟","8R","瀬波温泉特別","ダ1800m (左)","16:20","晴","良","2","7","10","タカサンフェイス","牡5","牡","5","58.0","丸山","1:52.9","1.3/4","5.0","15.3","37.4","2-2-2-2","栗東森田","466(-4)","https://race.netkeiba.com/race/result.html?race_id=202504020708&rf=race_list"
"103","3","2025年8月16日","新潟","8R","瀬波温泉特別","ダ1800m (左)","16:20","晴","良","3","8","13","マルカブリッツ","牡5","牡","5","58.0","津村","1:53.2","2","6.0","19.5","37.6","3-3-2-2","栗東福永","484(+2)","https://race.netkeiba.com/race/result.html?race_id=202504020708&rf=race_list"
"104","4","2025年8月16日","新潟","8R","瀬波温泉特別","ダ1800m (左)","16:20","晴","良","4","8","12","グレイスザクラウン","セ3","セ","3","55.0","木幡巧","1:53.5","1.3/4","3.0","7.0","37.6","8-9-7-7","美浦上原博","502(-6)","https://race.netkeiba.com/race/result.html?race_id=202504020708&rf=race_list"
"105","5","2025年8月16日","新潟","8R","瀬波温泉特別","ダ1800m (左)","16:20","晴","良","5","6","8","サンセットブライト","牝4","牝","4","56.0","横山琉","1:53.5","ハナ","9.0","60.6","37.5","7-7-7-7","美浦相沢","496(-2)","https://race.netkeiba.com/race/result.html?race_id=202504020708&rf=race_list"
"106","6","2025年8月16日","新潟","8R","瀬波温泉特別","ダ1800m (左)","16:20","晴","良","6","4","5","シャパリュ","セ4","セ","4","58.0","菊沢","1:53.5","ハナ","4.0","13.6","37.8","4-4-4-4","美浦菊沢","522(+18)","https://race.netkeiba.com/race/result.html?race_id=202504020708&rf=race_list"
"107","7","2025年8月16日","新潟","8R","瀬波温泉特別","ダ1800m (左)","16:20","晴","良","7","2","2","ビターゼノビア","牝5","牝","5","56.0","嶋田","1:53.7","3/4","11.0","170.1","37.2","11-11-11-10","美浦手塚久","466(-4)","https://race.netkeiba.com/race/result.html?race_id=202504020708&rf=race_list"
"108","8","2025年8月16日","新潟","8R","瀬波温泉特別","ダ1800m (左)","16:20","晴","良","8","1","1","エンファサイズ","牡5","牡","5","58.0","内田博","1:53.7","クビ","8.0","53.2","37.5","8-7-9-9","美浦小笠","464(-4)","https://race.netkeiba.com/race/result.html?race_id=202504020708&rf=race_list"
"109","9","2025年8月16日","新潟","8R","瀬波温泉特別","ダ1800m (左)","16:20","晴","良","9","5","6","ベルベルコンパス","牡3","牡","3","55.0","北村友","1:53.8","3/4","2.0","4.0","37.4","10-10-10-10","栗東小栗","554(+10)","https://race.netkeiba.com/race/result.html?race_id=202504020708&rf=race_list"
"110","10","2025年8月16日","新潟","8R","瀬波温泉特別","ダ1800m (左)","16:20","晴","良","10","7","11","サトミノマロン","牡6","牡","6","58.0","大野","1:54.0","3/4","12.0","240.3","37.4","12-12-11-12","美浦鈴木伸","524(+4)","https://race.netkeiba.com/race/result.html?race_id=202504020708&rf=race_list"
"111","11","2025年8月16日","新潟","8R","瀬波温泉特別","ダ1800m (左)","16:20","晴","良","11","3","3","エクストラノート","セ8","セ","8","58.0","水沼","1:54.1","3/4","10.0","152.3","37.6","13-12-11-12","美浦加藤和","494(+8)","https://race.netkeiba.com/race/result.html?race_id=202504020708&rf=race_list"
"112","12","2025年8月16日","新潟","8R","瀬波温泉特別","ダ1800m (左)","16:20","晴","良","12","4","4","ニフェーデービル","セ5","セ","5","58.0","荻野極","1:54.8","4","7.0","37.7","39.1","4-4-4-4","美浦中舘","480(+12)","https://race.netkeiba.com/race/result.html?race_id=202504020708&rf=race_list"
"113","13","2025年8月16日","新潟","8R","瀬波温泉特別","ダ1800m (左)","16:20","晴","良","13","6","9","スプレーフォール","牡4","牡","4","58.0","石川","1:57.8","大","13.0","248.8","42.1","4-4-4-6","美浦相沢","444(-6)","https://race.netkeiba.com/race/result.html?race_id=202504020708&rf=race_list"
"114","1","2025年8月16日","新潟","9R","新潟JS","障3250m (芝 外-内)","16:55","晴","良","1","7","12","インプレス","牡6","牡","6","60.0","小牧加","3:30.5","","1.0","2.0","13.0","8-6-2-2","栗東佐々木","530(+6)","https://race.netkeiba.com/race/result.html?race_id=202504020709&rf=race_list"
"115","2","2025年8月16日","新潟","9R","新潟JS","障3250m (芝 外-内)","16:55","晴","良","2","6","9","サイード","セ6","セ","6","60.0","小坂","3:30.7","1","3.0","6.1","13.0","6-6-3-4","栗東角田","506(+4)","https://race.netkeiba.com/race/result.html?race_id=202504020709&rf=race_list"
"116","3","2025年8月16日","新潟","9R","新潟JS","障3250m (芝 外-内)","16:55","晴","良","3","1","1","ヒートオンビート","セ8","セ","8","60.0","石神深","3:30.9","1.1/2","2.0","3.6","13.0","10-9-3-3","美浦青木","476(0)","https://race.netkeiba.com/race/result.html?race_id=202504020709&rf=race_list"
"117","4","2025年8月16日","新潟","9R","新潟JS","障3250m (芝 外-内)","16:55","晴","良","4","4","6","ローディアマント","セ5","セ","5","60.0","伴","3:31.2","1.1/2","7.0","31.0","13.0","4-4-8-6","美浦尾関","484(+4)","https://race.netkeiba.com/race/result.html?race_id=202504020709&rf=race_list"
"118","5","2025年8月16日","新潟","9R","新潟JS","障3250m (芝 外-内)","16:55","晴","良","5","4","5","マイネルエール","セ6","セ","6","60.0","大江圭","3:31.5","2","8.0","36.9","13.0","1-1-1-1","美浦蛯名利","454(-6)","https://race.netkeiba.com/race/result.html?race_id=202504020709&rf=race_list"
"119","6","2025年8月16日","新潟","9R","新潟JS","障3250m (芝 外-内)","16:55","晴","良","6","5","8","ドゥラモンド","牡7","牡","7","60.0","坂口","3:32.5","6","10.0","59.5","13.1","8-8-5-5","美浦手塚久","502(+2)","https://race.netkeiba.com/race/result.html?race_id=202504020709&rf=race_list"
"120","7","2025年8月16日","新潟","9R","新潟JS","障3250m (芝 外-内)","16:55","晴","良","7","2","2","フェーレンベルク","牡5","牡","5","60.0","高田","3:32.9","2","6.0","28.6","13.1","11-11-10-10","美浦千葉","484(-8)","https://race.netkeiba.com/race/result.html?race_id=202504020709&rf=race_list"
"121","8","2025年8月16日","新潟","9R","新潟JS","障3250m (芝 外-内)","16:55","晴","良","8","3","4","スコラーリ","牡6","牡","6","60.0","上野","3:33.7","5","4.0","10.2","13.2","6-5-9-9","美浦萩原","486(+2)","https://race.netkeiba.com/race/result.html?race_id=202504020709&rf=race_list"
"122","9","2025年8月16日","新潟","9R","新潟JS","障3250m (芝 外-内)","16:55","晴","良","9","7","11","ハーツシンフォニー","セ8","セ","8","60.0","森一","3:33.8","クビ","12.0","111.1","13.2","12-12-11-11","美浦辻","482(-2)","https://race.netkeiba.com/race/result.html?race_id=202504020709&rf=race_list"
"123","10","2025年8月16日","新潟","9R","新潟JS","障3250m (芝 外-内)","16:55","晴","良","10","6","10","ホッコーメヴィウス","セ9","セ","9","60.0","難波","3:34.7","5","5.0","14.2","13.2","3-3-5-7","栗東清水久","476(+2)","https://race.netkeiba.com/race/result.html?race_id=202504020709&rf=race_list"
"124","11","2025年8月16日","新潟","9R","新潟JS","障3250m (芝 外-内)","16:55","晴","良","11","3","3","フレッチア","牡10","牡","10","60.0","小野寺","3:35.5","5","11.0","87.5","13.3","2-2-5-7","美浦木村","500(+6)","https://race.netkeiba.com/race/result.html?race_id=202504020709&rf=race_list"
"125","12","2025年8月16日","新潟","9R","新潟JS","障3250m (芝 外-内)","16:55","晴","良","12","8","13","エコロマーベリック","セ5","セ","5","60.0","水沼","3:35.7","1.1/2","14.0","254.4","13.3","14-13-13-13","美浦岩戸","490(+4)","https://race.netkeiba.com/race/result.html?race_id=202504020709&rf=race_list"
"126","13","2025年8月16日","新潟","9R","新潟JS","障3250m (芝 外-内)","16:55","晴","良","13","5","7","アサクサゲンキ","セ10","セ","10","60.0","西谷誠","3:36.2","3","9.0","39.3","13.3","5-9-12-12","栗東四位","472(-2)","https://race.netkeiba.com/race/result.html?race_id=202504020709&rf=race_list"
"127","14","2025年8月16日","新潟","9R","新潟JS","障3250m (芝 外-内)","16:55","晴","良","14","8","14","ブルメンダール","牡7","牡","7","60.0","黒岩","3:44.0","大","13.0","231.9","13.8","13-13-14-14","美浦国枝","472(+8)","https://race.netkeiba.com/race/result.html?race_id=202504020709&rf=race_list"
"128","1","2025年8月16日","新潟","10R","3歳未勝利","ダ1800m (左)","17:30","晴","良","1","7","12","カーフキック","牡3","牡","3","57.0","武藤","1:54.1","","1.0","2.4","39.0","3-3-2-2","美浦高橋文","450(0)","https://race.netkeiba.com/race/result.html?race_id=202504020710&rf=race_list"
"129","2","2025年8月16日","新潟","10R","3歳未勝利","ダ1800m (左)","17:30","晴","良","2","3","5","ギャランドゥ","牡3","牡","3","57.0","戸崎圭","1:54.4","1.3/4","2.0","3.6","39.1","4-4-4-4","美浦萩原","454(0)","https://race.netkeiba.com/race/result.html?race_id=202504020710&rf=race_list"
"130","3","2025年8月16日","新潟","10R","3歳未勝利","ダ1800m (左)","17:30","晴","良","3","8","15","アドマイヤコーク","セ3","セ","3","57.0","津村","1:54.9","3","3.0","9.5","39.9","2-2-2-2","美浦宮田","436(-2)","https://race.netkeiba.com/race/result.html?race_id=202504020710&rf=race_list"
"131","4","2025年8月16日","新潟","10R","3歳未勝利","ダ1800m (左)","17:30","晴","良","4","2","3","メイショウニトベ","牡3","牡","3","57.0","江田照","1:54.9","クビ","6.0","16.4","39.6","6-6-4-4","美浦蛯名正","468(-10)","https://race.netkeiba.com/race/result.html?race_id=202504020710&rf=race_list"
"132","5","2025年8月16日","新潟","10R","3歳未勝利","ダ1800m (左)","17:30","晴","良","5","8","14","ドラゴンバスター","セ3","セ","3","57.0","杉原","1:55.1","1.1/4","9.0","34.8","38.4","12-12-11-10","美浦萱野","446(-4)","https://race.netkeiba.com/race/result.html?race_id=202504020710&rf=race_list"
"133","6","2025年8月16日","新潟","10R","3歳未勝利","ダ1800m (左)","17:30","晴","良","6","4","7","サカイシューター","牡3","牡","3","57.0","木幡育","1:55.2","1/2","14.0","150.6","38.7","8-8-10-10","美浦松永康","496(-16)","https://race.netkeiba.com/race/result.html?race_id=202504020710&rf=race_list"
"134","7","2025年8月16日","新潟","10R","3歳未勝利","ダ1800m (左)","17:30","晴","良","7","6","10","ホウオウサンサール","牡3","牡","3","57.0","菅原明","1:55.2","クビ","5.0","14.8","39.1","8-8-8-9","美浦高木","506(0)","https://race.netkeiba.com/race/result.html?race_id=202504020710&rf=race_list"
"135","8","2025年8月16日","新潟","10R","3歳未勝利","ダ1800m (左)","17:30","晴","良","8","3","4","サイモングリット","牡3","牡","3","57.0","吉田豊","1:55.7","3","10.0","39.5","39.7","10-10-8-6","美浦勢司","468(+2)","https://race.netkeiba.com/race/result.html?race_id=202504020710&rf=race_list"
"136","9","2025年8月16日","新潟","10R","3歳未勝利","ダ1800m (左)","17:30","晴","良","9","5","9","ワウワウワウ","牡3","牡","3","57.0","石橋脩","1:56.3","3.1/2","4.0","10.1","40.7","6-6-7-6","美浦牧","490(-6)","https://race.netkeiba.com/race/result.html?race_id=202504020710&rf=race_list"
"137","10","2025年8月16日","新潟","10R","3歳未勝利","ダ1800m (左)","17:30","晴","良","10","1","1","クリプトス","牡3","牡","3","57.0","大野","1:56.6","2","7.0","16.4","41.3","4-4-4-6","美浦和田勇","470(-12)","https://race.netkeiba.com/race/result.html?race_id=202504020710&rf=race_list"
"138","11","2025年8月16日","新潟","10R","3歳未勝利","ダ1800m (左)","17:30","晴","良","11","4","6","ロードオブキング","牡3","牡","3","57.0","内田博","1:56.9","2","8.0","19.1","40.0","13-13-12-13","美浦中川","442(0)","https://race.netkeiba.com/race/result.html?race_id=202504020710&rf=race_list"
"139","12","2025年8月16日","新潟","10R","3歳未勝利","ダ1800m (左)","17:30","晴","良","12","2","2","ヒロノビックバン","牡3","牡","3","54.0","▲石田","1:57.1","1.1/4","15.0","254.0","40.2","10-10-12-12","美浦蛯名利","428(-4)","https://race.netkeiba.com/race/result.html?race_id=202504020710&rf=race_list"
"140","13","2025年8月16日","新潟","10R","3歳未勝利","ダ1800m (左)","17:30","晴","良","13","7","13","テーオービースト","牡3","牡","3","57.0","菊沢","1:57.5","2.1/2","11.0","46.0","42.8","1-1-1-1","美浦清水英","462(0)","https://race.netkeiba.com/race/result.html?race_id=202504020710&rf=race_list"
"141","14","2025年8月16日","新潟","10R","3歳未勝利","ダ1800m (左)","17:30","晴","良","14","5","8","グランプラネッタ","牡3","牡","3","57.0","横山琉","1:58.4","5","12.0","55.0","40.4","15-15-15-15","美浦小島","478(-16)","https://race.netkeiba.com/race/result.html?race_id=202504020710&rf=race_list"
"142","15","2025年8月16日","新潟","10R","3歳未勝利","ダ1800m (左)","17:30","晴","良","15","6","11","ベニハンマード","牡3","牡","3","57.0","野中","1:58.7","1.3/4","13.0","77.7","41.7","14-13-12-14","美浦栗田","476(-10)","https://race.netkeiba.com/race/result.html?race_id=202504020710&rf=race_list"
"143","1","2025年8月16日","新潟","11R","3歳以上1勝クラス","芝1000m (直線A)","17:55","晴","良","1","3","6","イスラコラソン","牝3","牝","3","52.0","◇今村","0:55.0","","5.0","8.4","32.9","1","美浦大和田","444(-2)","https://race.netkeiba.com/race/result.html?race_id=202504020711&rf=race_list"
"144","2","2025年8月16日","新潟","11R","3歳以上1勝クラス","芝1000m (直線A)","17:55","晴","良","2","4","7","マジカルガール","牝5","牝","5","53.0","▲川端","0:55.1","1/2","10.0","35.6","32.9","2","美浦本間","428(+4)","https://race.netkeiba.com/race/result.html?race_id=202504020711&rf=race_list"
"145","3","2025年8月16日","新潟","11R","3歳以上1勝クラス","芝1000m (直線A)","17:55","晴","良","3","5","10","シュラフ","牝3","牝","3","54.0","嶋田","0:55.1","クビ","1.0","4.5","32.4","8","美浦佐藤吉","438(+10)","https://race.netkeiba.com/race/result.html?race_id=202504020711&rf=race_list"
"146","4","2025年8月16日","新潟","11R","3歳以上1勝クラス","芝1000m (直線A)","17:55","晴","良","4","8","17","ハッピーパンニャ","牡5","牡","5","58.0","津村","0:55.1","ハナ","3.0","5.5","31.7","14","美浦鈴木伸","504(+4)","https://race.netkeiba.com/race/result.html?race_id=202504020711&rf=race_list"
"147","5","2025年8月16日","新潟","11R","3歳以上1勝クラス","芝1000m (直線A)","17:55","晴","良","5","3","5","アルデショワ","牝3","牝","3","54.0","三浦","0:55.4","1.1/2","2.0","4.8","33.1","3","美浦田中博","446(+2)","https://race.netkeiba.com/race/result.html?race_id=202504020711&rf=race_list"
"148","6","2025年8月16日","新潟","11R","3歳以上1勝クラス","芝1000m (直線A)","17:55","晴","良","6","6","11","マオノボルケーノ","牝4","牝","4","53.0","▲石田","0:55.6","1.1/2","14.0","111.1","32.6","11","美浦辻","456(+16)","https://race.netkeiba.com/race/result.html?race_id=202504020711&rf=race_list"
"149","7","2025年8月16日","新潟","11R","3歳以上1勝クラス","芝1000m (直線A)","17:55","晴","良","7","1","2","アップフルーク","牡6","牡","6","55.0","▲上里","0:55.6","ハナ","15.0","168.8","32.9","8","美浦松山","516(-2)","https://race.netkeiba.com/race/result.html?race_id=202504020711&rf=race_list"
"150","8","2025年8月16日","新潟","11R","3歳以上1勝クラス","芝1000m (直線A)","17:55","晴","良","8","5","9","シャトーボビー","牡5","牡","5","55.0","▲水沼","0:55.8","1.1/2","9.0","30.5","33.2","7","美浦菊川","474(+4)","https://race.netkeiba.com/race/result.html?race_id=202504020711&rf=race_list"
"151","9","2025年8月16日","新潟","11R","3歳以上1勝クラス","芝1000m (直線A)","17:55","晴","良","9","6","12","レーヴレジェンド","牡3","牡","3","56.0","菊沢","0:55.8","アタマ","4.0","5.9","33.5","3","美浦金成","478(+8)","https://race.netkeiba.com/race/result.html?race_id=202504020711&rf=race_list"
"152","10","2025年8月16日","新潟","11R","3歳以上1勝クラス","芝1000m (直線A)","17:55","晴","良","10","7","14","ガーデンプランナー","牝4","牝","4","56.0","横山琉","0:55.9","クビ","11.0","39.8","33.5","5","美浦堀内","446(0)","https://race.netkeiba.com/race/result.html?race_id=202504020711&rf=race_list"
"153","11","2025年8月16日","新潟","11R","3歳以上1勝クラス","芝1000m (直線A)","17:55","晴","良","11","4","8","ポップグルーヴ","牝3","牝","3","51.0","▲佐藤","0:56.0","1/2","17.0","201.3","32.8","12","美浦小手川","392(+6)","https://race.netkeiba.com/race/result.html?race_id=202504020711&rf=race_list"
"154","12","2025年8月16日","新潟","11R","3歳以上1勝クラス","芝1000m (直線A)","17:55","晴","良","12","7","15","アーコレード","牝4","牝","4","56.0","丸田","0:56.0","ハナ","13.0","59.6","32.8","12","美浦奥村武","470(-1)","https://race.netkeiba.com/race/result.html?race_id=202504020711&rf=race_list"
"155","13","2025年8月16日","新潟","11R","3歳以上1勝クラス","芝1000m (直線A)","17:55","晴","良","13","7","13","ニシノタンギー","牡3","牡","3","56.0","武藤","0:56.0","アタマ","12.0","49.9","32.2","17","美浦水野","456(-6)","https://race.netkeiba.com/race/result.html?race_id=202504020711&rf=race_list"
"156","14","2025年8月16日","新潟","11R","3歳以上1勝クラス","芝1000m (直線A)","17:55","晴","良","14","1","1","ツィスカリーゼ","牡5","牡","5","58.0","江田照","0:56.0","クビ","16.0","183.2","31.8","18","美浦的場","462(+8)","https://race.netkeiba.com/race/result.html?race_id=202504020711&rf=race_list"
"157","15","2025年8月16日","新潟","11R","3歳以上1勝クラス","芝1000m (直線A)","17:55","晴","良","15","8","18","ベリーベリーベリー","牝5","牝","5","53.0","▲遠藤","0:56.2","1.1/4","6.0","10.7","33.3","10","美浦鈴木伸","458(+1)","https://race.netkeiba.com/race/result.html?race_id=202504020711&rf=race_list"
"158","16","2025年8月16日","新潟","11R","3歳以上1勝クラス","芝1000m (直線A)","17:55","晴","良","16","2","3","ハッピーダンシング","牝3","牝","3","51.0","▲石神道","0:56.5","2","7.0","17.0","34.0","6","美浦和田郎","444(+14)","https://race.netkeiba.com/race/result.html?race_id=202504020711&rf=race_list"
"159","17","2025年8月16日","新潟","11R","3歳以上1勝クラス","芝1000m (直線A)","17:55","晴","良","17","2","4","フォクシー","牝4","牝","4","56.0","杉原","0:56.5","ハナ","18.0","356.3","32.8","16","美浦石栗","408(-12)","https://race.netkeiba.com/race/result.html?race_id=202504020711&rf=race_list"
"160","18","2025年8月16日","新潟","11R","3歳以上1勝クラス","芝1000m (直線A)","17:55","晴","良","18","8","16","ポッドコンティ","牡4","牡","4","54.0","★谷原","0:56.6","クビ","8.0","18.4","33.1","15","美浦畠山","496(+2)","https://race.netkeiba.com/race/result.html?race_id=202504020711&rf=race_list"
"161","1","2025年8月16日","新潟","12R","3歳未勝利","芝2000m (左A)","18:25","晴","良","1","6","12","スイートオレンジ","牝3","牝","3","55.0","横山琉","2:00.9","","7.0","16.9","35.5","10-10-3-2","美浦中川","458(-2)","https://race.netkeiba.com/race/result.html?race_id=202504020712&rf=race_list"
"162","2","2025年8月16日","新潟","12R","3歳未勝利","芝2000m (左A)","18:25","晴","良","2","8","17","マイネルボス","牡3","牡","3","57.0","柴田大","2:01.1","1.1/4","5.0","12.1","35.3","12-11-7-7","美浦伊藤大","436(+6)","https://race.netkeiba.com/race/result.html?race_id=202504020712&rf=race_list"
"163","3","2025年8月16日","新潟","12R","3歳未勝利","芝2000m (左A)","18:25","晴","良","3","5","9","マーゴットフェスタ","牡3","牡","3","57.0","荻野極","2:01.1","クビ","9.0","33.0","35.9","2-1-1-1","美浦伊坂","466(-4)","https://race.netkeiba.com/race/result.html?race_id=202504020712&rf=race_list"
"164","4","2025年8月16日","新潟","12R","3歳未勝利","芝2000m (左A)","18:25","晴","良","4","1","2","ミッドセンチュリー","牡3","牡","3","57.0","嶋田","2:01.2","クビ","8.0","18.7","35.3","12-13-10-9","美浦松山","442(+2)","https://race.netkeiba.com/race/result.html?race_id=202504020712&rf=race_list"
"165","5","2025年8月16日","新潟","12R","3歳未勝利","芝2000m (左A)","18:25","晴","良","5","1","1","アスクアーバンシー","牡3","牡","3","57.0","吉田豊","2:01.2","クビ","6.0","13.2","35.3","11-11-10-9","栗東矢作","468(-6)","https://race.netkeiba.com/race/result.html?race_id=202504020712&rf=race_list"
"166","6","2025年8月16日","新潟","12R","3歳未勝利","芝2000m (左A)","18:25","晴","良","6","4","7","ラインアルテミス","牝3","牝","3","55.0","武藤","2:01.3","1/2","14.0","315.8","35.8","7-7-4-2","美浦武藤","510(-5)","https://race.netkeiba.com/race/result.html?race_id=202504020712&rf=race_list"
"167","7","2025年8月16日","新潟","12R","3歳未勝利","芝2000m (左A)","18:25","晴","良","7","6","11","ノブダブルホワイト","牡3","牡","3","57.0","木幡育","2:01.4","1/2","11.0","162.2","35.7","3-3-7-7","美浦松永康","428(-6)","https://race.netkeiba.com/race/result.html?race_id=202504020712&rf=race_list"
"168","8","2025年8月16日","新潟","12R","3歳未勝利","芝2000m (左A)","18:25","晴","良","8","8","16","マイネルトラオム","牡3","牡","3","57.0","津村","2:01.5","クビ","4.0","7.9","35.3","15-15-14-12","美浦深山","468(+4)","https://race.netkeiba.com/race/result.html?race_id=202504020712&rf=race_list"
"169","9","2025年8月16日","新潟","12R","3歳未勝利","芝2000m (左A)","18:25","晴","良","9","5","10","カーシュジアン","牝3","牝","3","55.0","丸田","2:01.5","クビ","12.0","167.1","35.3","16-16-14-15","美浦柄崎","444(+2)","https://race.netkeiba.com/race/result.html?race_id=202504020712&rf=race_list"
"170","10","2025年8月16日","新潟","12R","3歳未勝利","芝2000m (左A)","18:25","晴","良","10","3","6","パヴェリング","牝3","牝","3","55.0","戸崎圭","2:01.5","クビ","1.0","1.9","35.7","4-4-7-9","美浦蛯名正","478(0)","https://race.netkeiba.com/race/result.html?race_id=202504020712&rf=race_list"
"171","11","2025年8月16日","新潟","12R","3歳未勝利","芝2000m (左A)","18:25","晴","良","11","4","8","コインアフレーズ","牝3","牝","3","55.0","石橋脩","2:01.6","1/2","3.0","7.4","36.1","1-2-4-5","美浦中舘","440(0)","https://race.netkeiba.com/race/result.html?race_id=202504020712&rf=race_list"
"172","12","2025年8月16日","新潟","12R","3歳未勝利","芝2000m (左A)","18:25","晴","良","12","7","13","タイショウロマン","牝3","牝","3","52.0","▲川端","2:01.7","1/2","10.0","109.3","35.5","14-14-14-12","美浦南田","438(+8)","https://race.netkeiba.com/race/result.html?race_id=202504020712&rf=race_list"
"173","13","2025年8月16日","新潟","12R","3歳未勝利","芝2000m (左A)","18:25","晴","良","13","7","14","リケアルフナ","牝3","牝","3","52.0","▲遠藤","2:02.1","2.1/2","17.0","542.1","36.8","4-4-2-2","美浦蛯名利","462(+4)","https://race.netkeiba.com/race/result.html?race_id=202504020712&rf=race_list"
"174","14","2025年8月16日","新潟","12R","3歳未勝利","芝2000m (左A)","18:25","晴","良","14","8","15","パリモード","牝3","牝","3","52.0","▲佐藤","2:02.1","クビ","15.0","501.7","35.6","17-16-17-15","美浦的場","424(0)","https://race.netkeiba.com/race/result.html?race_id=202504020712&rf=race_list"
"175","15","2025年8月16日","新潟","12R","3歳未勝利","芝2000m (左A)","18:25","晴","良","15","2","3","タヤスアメリカン","牡3","牡","3","54.0","▲上里","2:03.3","7","16.0","503.6","37.4","8-8-10-12","美浦岩戸","490(-4)","https://race.netkeiba.com/race/result.html?race_id=202504020712&rf=race_list"
"176","16","2025年8月16日","新潟","12R","3歳未勝利","芝2000m (左A)","18:25","晴","良","16","3","5","ジュンベルベット","牡3","牡","3","57.0","菊沢","2:03.7","2.1/2","13.0","310.5","37.8","8-8-10-15","美浦伊坂","456(+6)","https://race.netkeiba.com/race/result.html?race_id=202504020712&rf=race_list"
"177","17","2025年8月16日","新潟","12R","3歳未勝利","芝2000m (左A)","18:25","晴","良","17","2","4","メジャーアピール","牡3","牡","3","57.0","三浦","2:03.8","1/2","2.0","7.0","38.3","4-4-4-5","美浦加藤士","452(0)","https://race.netkeiba.com/race/result.html?race_id=202504020712&rf=race_list"
"178","1","2025年8月16日","中京","1R","2歳未勝利","ダ1200m (左)","09:35","晴","良","1","5","5","テーオーグレーザー","牡2","牡","2","54.0","☆高杉","1:12.7","","2.0","3.4","37.3","2-2","栗東藤岡","488(+2)","https://race.netkeiba.com/race/result.html?race_id=202507030701&rf=race_list"
"179","2","2025年8月16日","中京","1R","2歳未勝利","ダ1200m (左)","09:35","晴","良","2","7","7","ラッキーバック","牡2","牡","2","55.0","バデル","1:13.3","3.1/2","4.0","9.3","37.9","2-4","栗東池添","516(+14)","https://race.netkeiba.com/race/result.html?race_id=202507030701&rf=race_list"
"180","3","2025年8月16日","中京","1R","2歳未勝利","ダ1200m (左)","09:35","晴","良","3","8","8","サンブル","牡2","牡","2","52.0","▲田山","1:14.2","5","8.0","95.3","38.3","5-5","栗東浜田","490(+8)","https://race.netkeiba.com/race/result.html?race_id=202507030701&rf=race_list"
"181","4","2025年8月16日","中京","1R","2歳未勝利","ダ1200m (左)","09:35","晴","良","4","6","6","ヴィエントデコラ","牡2","牡","2","55.0","小沢","1:14.4","1.1/4","7.0","29.3","37.1","9-9","栗東寺島","444(0)","https://race.netkeiba.com/race/result.html?race_id=202507030701&rf=race_list"
"182","5","2025年8月16日","中京","1R","2歳未勝利","ダ1200m (左)","09:35","晴","良","5","2","2","ゴーゴーシャチョウ","牝2","牝","2","55.0","団野","1:14.6","1.1/2","3.0","6.9","39.3","1-1","栗東森秀","462(0)","https://race.netkeiba.com/race/result.html?race_id=202507030701&rf=race_list"
"183","6","2025年8月16日","中京","1R","2歳未勝利","ダ1200m (左)","09:35","晴","良","6","4","4","カガラプンツェル","牝2","牝","2","55.0","田口","1:14.7","クビ","5.0","11.9","39.3","2-2","栗東安達","474(+14)","https://race.netkeiba.com/race/result.html?race_id=202507030701&rf=race_list"
"184","7","2025年8月16日","中京","1R","2歳未勝利","ダ1200m (左)","09:35","晴","良","7","1","1","コパノロケット","牡2","牡","2","54.0","☆吉村","1:14.7","アタマ","6.0","22.7","38.4","7-7","栗東福永","452(+4)","https://race.netkeiba.com/race/result.html?race_id=202507030701&rf=race_list"
"185","8","2025年8月16日","中京","1R","2歳未勝利","ダ1200m (左)","09:35","晴","良","8","8","9","アウトザロー","牡2","牡","2","55.0","松山","1:15.5","5","1.0","1.8","39.5","6-5","栗東藤野","474(+2)","https://race.netkeiba.com/race/result.html?race_id=202507030701&rf=race_list"
"186","9","2025年8月16日","中京","1R","2歳未勝利","ダ1200m (左)","09:35","晴","良","9","3","3","マイントップスター","牡2","牡","2","51.0","★河原田","1:19.6","大","9.0","208.3","43.3","7-7","美浦的場","404(-4)","https://race.netkeiba.com/race/result.html?race_id=202507030701&rf=race_list"
"187","1","2025年8月16日","中京","2R","2歳新馬","芝1200m (左A)","10:05","晴","良","1","8","10","シルバーナイツ","牡2","牡","2","55.0","団野","1:08.8","","1.0","2.3","33.9","7-5","栗東西園正","506(0)","https://race.netkeiba.com/race/result.html?race_id=202507030702&rf=race_list"
"188","2","2025年8月16日","中京","2R","2歳新馬","芝1200m (左A)","10:05","晴","良","2","8","9","メイショウハッケイ","牝2","牝","2","55.0","松山","1:08.9","クビ","2.0","2.8","33.9","8-5","栗東本田","462(0)","https://race.netkeiba.com/race/result.html?race_id=202507030702&rf=race_list"
"189","3","2025年8月16日","中京","2R","2歳新馬","芝1200m (左A)","10:05","晴","良","3","5","5","ユウトザイノセント","牡2","牡","2","55.0","松若","1:09.6","4","4.0","11.1","35.1","2-2","栗東小崎","486(0)","https://race.netkeiba.com/race/result.html?race_id=202507030702&rf=race_list"
"190","4","2025年8月16日","中京","2R","2歳新馬","芝1200m (左A)","10:05","晴","良","4","1","1","ナムラヒナギク","牝2","牝","2","55.0","田口","1:09.6","クビ","5.0","11.9","35.2","1-1","栗東大橋","472(0)","https://race.netkeiba.com/race/result.html?race_id=202507030702&rf=race_list"
"191","5","2025年8月16日","中京","2R","2歳新馬","芝1200m (左A)","10:05","晴","良","5","6","6","ムーンリットレイン","牡2","牡","2","54.0","☆吉村","1:10.0","2.1/2","7.0","37.3","34.9","5-8","美浦伊藤圭","446(0)","https://race.netkeiba.com/race/result.html?race_id=202507030702&rf=race_list"
"192","6","2025年8月16日","中京","2R","2歳新馬","芝1200m (左A)","10:05","晴","良","6","7","7","ゲレーロアスール","牡2","牡","2","55.0","城戸","1:10.1","クビ","9.0","75.0","35.5","2-3","栗東鈴木孝","454(0)","https://race.netkeiba.com/race/result.html?race_id=202507030702&rf=race_list"
"193","7","2025年8月16日","中京","2R","2歳新馬","芝1200m (左A)","10:05","晴","良","7","7","8","アメジストブルー","牝2","牝","2","54.0","☆高杉","1:10.8","4","8.0","46.2","35.7","8-8","栗東浜田","468(0)","https://race.netkeiba.com/race/result.html?race_id=202507030702&rf=race_list"
"194","8","2025年8月16日","中京","2R","2歳新馬","芝1200m (左A)","10:05","晴","良","8","4","4","テーオーエリーナ","牝2","牝","2","55.0","秋山稔","1:11.5","4","10.0","103.8","36.9","4-3","栗東宮","438(0)","https://race.netkeiba.com/race/result.html?race_id=202507030702&rf=race_list"
"195","9","2025年8月16日","中京","2R","2歳新馬","芝1200m (左A)","10:05","晴","良","9","3","3","カーリーエンジェル","牝2","牝","2","55.0","菱田","1:11.6","クビ","3.0","6.7","36.7","5-5","栗東飯田","468(0)","https://race.netkeiba.com/race/result.html?race_id=202507030702&rf=race_list"
"196","10","2025年8月16日","中京","2R","2歳新馬","芝1200m (左A)","10:05","晴","良","10","2","2","ネネキリマル","牡2","牡","2","55.0","坂井","1:19.7","大","6.0","12.1","39.9","10-10","栗東河嶋","476(0)","https://race.netkeiba.com/race/result.html?race_id=202507030702&rf=race_list"
"197","1","2025年8月16日","中京","3R","3歳未勝利","芝2200m (左A)","10:35","晴","良","1","8","16","テレプシコーラ","牝3","牝","3","55.0","団野","2:12.4","","5.0","14.5","34.3","7-8-8-8","栗東坂口","404(-2)","https://race.netkeiba.com/race/result.html?race_id=202507030703&rf=race_list"
"198","2","2025年8月16日","中京","3R","3歳未勝利","芝2200m (左A)","10:35","晴","良","2","4","7","リビングストン","牡3","牡","3","57.0","松山","2:12.8","2.1/2","2.0","2.5","34.6","9-9-10-10","栗東吉岡","536(+2)","https://race.netkeiba.com/race/result.html?race_id=202507030703&rf=race_list"
"199","3","2025年8月16日","中京","3R","3歳未勝利","芝2200m (左A)","10:35","晴","良","3","5","9","サイモンノーブル","牡3","牡","3","56.0","☆高杉","2:12.8","アタマ","4.0","9.5","35.0","16-14-5-5","栗東梅田","442(0)","https://race.netkeiba.com/race/result.html?race_id=202507030703&rf=race_list"
"200","4","2025年8月16日","中京","3R","3歳未勝利","芝2200m (左A)","10:35","晴","良","4","1","1","ウインクルキセキ","牝3","牝","3","55.0","長岡","2:13.1","1.3/4","7.0","33.1","35.8","1-1-1-1","栗東高橋亮","438(0)","https://race.netkeiba.com/race/result.html?race_id=202507030703&rf=race_list"
"201","5","2025年8月16日","中京","3R","3歳未勝利","芝2200m (左A)","10:35","晴","良","5","3","5","パイオニアスクエア","牡3","牡","3","57.0","川田","2:13.1","アタマ","1.0","2.4","35.5","3-3-3-3","栗東友道","488(-6)","https://race.netkeiba.com/race/result.html?race_id=202507030703&rf=race_list"
"202","6","2025年8月16日","中京","3R","3歳未勝利","芝2200m (左A)","10:35","晴","良","6","4","8","スワローサプライズ","牝3","牝","3","55.0","泉谷","2:13.1","クビ","17.0","414.5","34.7","13-12-12-12","栗東杉山晴","458(0)","https://race.netkeiba.com/race/result.html?race_id=202507030703&rf=race_list"
"203","7","2025年8月16日","中京","3R","3歳未勝利","芝2200m (左A)","10:35","晴","良","7","2","3","アイスモント","牝3","牝","3","55.0","松若","2:13.2","クビ","3.0","9.4","35.6","3-4-3-3","栗東宮本","444(+6)","https://race.netkeiba.com/race/result.html?race_id=202507030703&rf=race_list"
"204","8","2025年8月16日","中京","3R","3歳未勝利","芝2200m (左A)","10:35","晴","良","8","6","12","タイキフィアリーベ","牡3","牡","3","56.0","☆西塚","2:13.2","クビ","12.0","80.3","35.3","5-5-6-5","栗東中尾","474(+2)","https://race.netkeiba.com/race/result.html?race_id=202507030703&rf=race_list"
"205","9","2025年8月16日","中京","3R","3歳未勝利","芝2200m (左A)","10:35","晴","良","9","2","4","マテンロウアーチ","牡3","牡","3","57.0","小沢","2:13.4","1.1/4","8.0","57.1","35.4","7-7-6-7","栗東中内田","476(+2)","https://race.netkeiba.com/race/result.html?race_id=202507030703&rf=race_list"
"206","10","2025年8月16日","中京","3R","3歳未勝利","芝2200m (左A)","10:35","晴","良","10","7","14","ファムゲリエール","牝3","牝","3","51.0","★河原田","2:13.4","クビ","9.0","59.5","34.6","15-16-14-14","栗東藤原","422(0)","https://race.netkeiba.com/race/result.html?race_id=202507030703&rf=race_list"
"207","11","2025年8月16日","中京","3R","3歳未勝利","芝2200m (左A)","10:35","晴","良","11","7","15","タイセイルシエル","牡3","牡","3","57.0","国分優","2:13.6","1.1/4","13.0","94.9","34.4","18-18-18-17","栗東松下","430(+2)","https://race.netkeiba.com/race/result.html?race_id=202507030703&rf=race_list"
"208","12","2025年8月16日","中京","3R","3歳未勝利","芝2200m (左A)","10:35","晴","良","12","8","18","ダイヤノエース","牡3","牡","3","56.0","☆吉村","2:13.7","クビ","11.0","67.2","35.2","13-12-12-12","栗東清水久","530(0)","https://race.netkeiba.com/race/result.html?race_id=202507030703&rf=race_list"
"209","13","2025年8月16日","中京","3R","3歳未勝利","芝2200m (左A)","10:35","晴","良","13","5","10","セシアンベリル","牝3","牝","3","55.0","バデル","2:13.7","クビ","6.0","28.3","34.9","12-14-16-14","栗東武幸","434(+14)","https://race.netkeiba.com/race/result.html?race_id=202507030703&rf=race_list"
"210","14","2025年8月16日","中京","3R","3歳未勝利","芝2200m (左A)","10:35","晴","良","14","1","2","ボナペティアスク","牝3","牝","3","55.0","川須","2:13.9","1.1/4","14.0","228.1","36.5","2-2-2-2","栗東梅田","458(0)","https://race.netkeiba.com/race/result.html?race_id=202507030703&rf=race_list"
"211","15","2025年8月16日","中京","3R","3歳未勝利","芝2200m (左A)","10:35","晴","良","15","8","17","セイルフリー","牡3","牡","3","57.0","田口","2:14.2","1.3/4","15.0","248.6","35.9","9-10-10-11","栗東松下","484(+2)","https://race.netkeiba.com/race/result.html?race_id=202507030703&rf=race_list"
"212","16","2025年8月16日","中京","3R","3歳未勝利","芝2200m (左A)","10:35","晴","良","16","6","11","ルージュパラディ","牝3","牝","3","52.0","▲田山","2:14.3","1/2","16.0","304.8","36.2","5-5-8-8","栗東橋口","418(+8)","https://race.netkeiba.com/race/result.html?race_id=202507030703&rf=race_list"
"213","17","2025年8月16日","中京","3R","3歳未勝利","芝2200m (左A)","10:35","晴","良","17","3","6","ヴォレンティエーリ","牝3","牝","3","55.0","菱田","2:14.3","クビ","18.0","506.9","35.3","9-10-14-16","栗東角田","450(-2)","https://race.netkeiba.com/race/result.html?race_id=202507030703&rf=race_list"
"214","18","2025年8月16日","中京","3R","3歳未勝利","芝2200m (左A)","10:35","晴","良","18","7","13","メイショウサノサ","牝3","牝","3","55.0","酒井","2:14.7","2.1/2","10.0","66.3","35.5","17-16-16-17","栗東庄野","434(-2)","https://race.netkeiba.com/race/result.html?race_id=202507030703&rf=race_list"
"215","1","2025年8月16日","中京","4R","3歳未勝利","ダ1800m (左)","11:05","晴","良","1","4","7","ワイドクリーガー","牡3","牡","3","57.0","松山","1:54.5","","2.0","3.0","38.4","6-5-3-3","栗東奥村豊","464(-2)","https://race.netkeiba.com/race/result.html?race_id=202507030704&rf=race_list"
"216","2","2025年8月16日","中京","4R","3歳未勝利","ダ1800m (左)","11:05","晴","良","2","6","12","ペプチドモガミ","セ3","セ","3","57.0","バデル","1:54.6","1/2","1.0","2.4","38.7","2-1-1-1","栗東武英","460(+6)","https://race.netkeiba.com/race/result.html?race_id=202507030704&rf=race_list"
"217","3","2025年8月16日","中京","4R","3歳未勝利","ダ1800m (左)","11:05","晴","良","3","2","4","バルミラクル","牡3","牡","3","57.0","鮫島良","1:55.0","2","4.0","8.5","38.6","5-4-5-4","栗東河嶋","438(0)","https://race.netkeiba.com/race/result.html?race_id=202507030704&rf=race_list"
"218","4","2025年8月16日","中京","4R","3歳未勝利","ダ1800m (左)","11:05","晴","良","4","1","1","ジャスティンロング","牡3","牡","3","57.0","田口","1:55.4","2.1/2","7.0","40.0","39.4","1-2-2-2","栗東吉岡","516(0)","https://race.netkeiba.com/race/result.html?race_id=202507030704&rf=race_list"
"219","5","2025年8月16日","中京","4R","3歳未勝利","ダ1800m (左)","11:05","晴","良","5","3","6","リアルサファリ","牝3","牝","3","54.0","☆西塚","1:55.5","1/2","3.0","5.9","38.8","7-8-7-7","栗東小崎","446(-2)","https://race.netkeiba.com/race/result.html?race_id=202507030704&rf=race_list"
"220","6","2025年8月16日","中京","4R","3歳未勝利","ダ1800m (左)","11:05","晴","良","6","5","9","ラストショット","牡3","牡","3","57.0","酒井","1:56.5","6","14.0","190.9","38.8","13-13-13-14","栗東高橋康","462(+2)","https://race.netkeiba.com/race/result.html?race_id=202507030704&rf=race_list"
"221","7","2025年8月16日","中京","4R","3歳未勝利","ダ1800m (左)","11:05","晴","良","7","5","10","アナベルデアモンテ","牡3","牡","3","57.0","団野","1:56.7","1","9.0","63.8","40.6","2-3-3-5","栗東千田","458(-2)","https://race.netkeiba.com/race/result.html?race_id=202507030704&rf=race_list"
"222","8","2025年8月16日","中京","4R","3歳未勝利","ダ1800m (左)","11:05","晴","良","8","2","3","バイマイセルフ","牡3","牡","3","55.0","◇永島","1:56.9","1.1/2","11.0","113.6","39.1","14-15-13-12","栗東高橋康","510(+6)","https://race.netkeiba.com/race/result.html?race_id=202507030704&rf=race_list"
"223","9","2025年8月16日","中京","4R","3歳未勝利","ダ1800m (左)","11:05","晴","良","9","3","5","シャインチャプチャ","セ3","セ","3","57.0","亀田","1:56.9","アタマ","16.0","447.2","40.0","11-10-9-7","栗東北出","432(-8)","https://race.netkeiba.com/race/result.html?race_id=202507030704&rf=race_list"
"224","10","2025年8月16日","中京","4R","3歳未勝利","ダ1800m (左)","11:05","晴","良","10","6","11","ゴンクール","牡3","牡","3","57.0","国分恭","1:57.2","1.1/2","12.0","144.0","40.3","11-10-9-7","栗東石坂","478(+2)","https://race.netkeiba.com/race/result.html?race_id=202507030704&rf=race_list"
"225","11","2025年8月16日","中京","4R","3歳未勝利","ダ1800m (左)","11:05","晴","良","11","8","16","イプシロンナンバー","牡3","牡","3","57.0","松若","1:57.3","クビ","13.0","168.4","39.9","14-14-11-11","栗東小崎","496(0)","https://race.netkeiba.com/race/result.html?race_id=202507030704&rf=race_list"
"226","12","2025年8月16日","中京","4R","3歳未勝利","ダ1800m (左)","11:05","晴","良","12","8","15","タマモサイジョ","牝3","牝","3","55.0","長岡","1:57.3","クビ","15.0","217.8","39.7","9-10-12-12","栗東茶木","466(-20)","https://race.netkeiba.com/race/result.html?race_id=202507030704&rf=race_list"
"227","13","2025年8月16日","中京","4R","3歳未勝利","ダ1800m (左)","11:05","晴","良","13","7","14","マルカベント","牡3","牡","3","53.0","★河原田","1:58.8","9","8.0","46.7","40.9","16-16-15-15","栗東今野","458(-2)","https://race.netkeiba.com/race/result.html?race_id=202507030704&rf=race_list"
"228","14","2025年8月16日","中京","4R","3歳未勝利","ダ1800m (左)","11:05","晴","良","14","4","8","ヴェルドロ","セ3","セ","3","57.0","小沢","2:02.9","大","6.0","18.1","46.2","9-9-7-10","栗東高野","460(0)","https://race.netkeiba.com/race/result.html?race_id=202507030704&rf=race_list"
"229","15","2025年8月16日","中京","4R","3歳未勝利","ダ1800m (左)","11:05","晴","良","15","7","13","ヴェシレンキ","牡3","牡","3","56.0","☆吉村","2:05.0","大","10.0","111.6","46.9","4-5-16-16","栗東清水久","432(-8)","https://race.netkeiba.com/race/result.html?race_id=202507030704&rf=race_list"
"230","16","2025年8月16日","中京","4R","3歳未勝利","ダ1800m (左)","11:05","晴","良","中止","1","2","ウエスタンレーヴ","牡3","牡","3","57.0","国分優","","","5.0","14.7","","7-7-6-5","栗東矢作","498(-2)","https://race.netkeiba.com/race/result.html?race_id=202507030704&rf=race_list"
"231","1","2025年8月16日","中京","5R","3歳未勝利","ダ1400m (左)","11:40","晴","良","1","7","13","ワンウェイトゥヘル","牡3","牡","3","56.0","☆吉村","1:25.0","","6.0","11.6","37.6","1-1","栗東中村","462(+4)","https://race.netkeiba.com/race/result.html?race_id=202507030705&rf=race_list"
"232","2","2025年8月16日","中京","5R","3歳未勝利","ダ1400m (左)","11:40","晴","良","2","2","3","テイエムタワードン","セ3","セ","3","57.0","川須","1:25.1","3/4","7.0","22.1","37.3","4-3","栗東畑端","500(0)","https://race.netkeiba.com/race/result.html?race_id=202507030705&rf=race_list"
"233","3","2025年8月16日","中京","5R","3歳未勝利","ダ1400m (左)","11:40","晴","良","3","4","8","シュテルンビルト","牡3","牡","3","57.0","松山","1:25.2","1/2","3.0","5.1","37.2","6-5","栗東森田","458(-4)","https://race.netkeiba.com/race/result.html?race_id=202507030705&rf=race_list"
"234","4","2025年8月16日","中京","5R","3歳未勝利","ダ1400m (左)","11:40","晴","良","4","1","2","バイルシュタイン","牡3","牡","3","57.0","バデル","1:25.3","クビ","2.0","4.1","36.8","11-8","栗東寺島","440(-6)","https://race.netkeiba.com/race/result.html?race_id=202507030705&rf=race_list"
"235","5","2025年8月16日","中京","5R","3歳未勝利","ダ1400m (左)","11:40","晴","良","5","4","7","スマートサターン","牡3","牡","3","57.0","団野","1:25.4","3/4","8.0","22.7","37.5","4-5","栗東小林","434(-2)","https://race.netkeiba.com/race/result.html?race_id=202507030705&rf=race_list"
"236","6","2025年8月16日","中京","5R","3歳未勝利","ダ1400m (左)","11:40","晴","良","6","6","11","ストラーダレアーレ","牡3","牡","3","55.0","◇永島","1:25.5","クビ","5.0","9.2","37.2","9-8","栗東大久保","484(-2)","https://race.netkeiba.com/race/result.html?race_id=202507030705&rf=race_list"
"237","7","2025年8月16日","中京","5R","3歳未勝利","ダ1400m (左)","11:40","晴","良","7","5","10","ボーヌロマネ","牡3","牡","3","57.0","坂井","1:26.2","4","4.0","6.2","37.7","11-11","栗東橋口","444(+4)","https://race.netkeiba.com/race/result.html?race_id=202507030705&rf=race_list"
"238","8","2025年8月16日","中京","5R","3歳未勝利","ダ1400m (左)","11:40","晴","良","8","1","1","ヴィオレンツァ","牡3","牡","3","57.0","小沢","1:26.2","アタマ","12.0","53.7","38.0","7-7","栗東福永","448(+2)","https://race.netkeiba.com/race/result.html?race_id=202507030705&rf=race_list"
"239","9","2025年8月16日","中京","5R","3歳未勝利","ダ1400m (左)","11:40","晴","良","9","6","12","ディスタービア","牝3","牝","3","54.0","☆西塚","1:26.3","3/4","16.0","490.2","37.3","14-14","栗東庄野","468(0)","https://race.netkeiba.com/race/result.html?race_id=202507030705&rf=race_list"
"240","10","2025年8月16日","中京","5R","3歳未勝利","ダ1400m (左)","11:40","晴","良","10","8","15","ゼンノソブリン","牡3","牡","3","57.0","田口","1:26.6","2","11.0","47.3","38.9","3-3","栗東四位","474(-6)","https://race.netkeiba.com/race/result.html?race_id=202507030705&rf=race_list"
"241","11","2025年8月16日","中京","5R","3歳未勝利","ダ1400m (左)","11:40","晴","良","11","7","14","レズルレクティオ","セ3","セ","3","56.0","☆高杉","1:26.8","1","1.0","3.8","38.5","9-11","栗東安田","460(-2)","https://race.netkeiba.com/race/result.html?race_id=202507030705&rf=race_list"
"242","12","2025年8月16日","中京","5R","3歳未勝利","ダ1400m (左)","11:40","晴","良","12","2","4","ビッグバンドビート","牡3","牡","3","57.0","松若","1:26.8","ハナ","14.0","249.5","37.8","14-14","栗東清水久","492(-4)","https://race.netkeiba.com/race/result.html?race_id=202507030705&rf=race_list"
"243","13","2025年8月16日","中京","5R","3歳未勝利","ダ1400m (左)","11:40","晴","良","13","3","6","キタノタラーシュ","牡3","牡","3","57.0","国分優","1:27.1","1.3/4","15.0","307.2","37.9","16-16","栗東坂口","478(-12)","https://race.netkeiba.com/race/result.html?race_id=202507030705&rf=race_list"
"244","14","2025年8月16日","中京","5R","3歳未勝利","ダ1400m (左)","11:40","晴","良","14","8","16","ミッキージェントル","牡3","牡","3","57.0","中井","1:27.6","3","10.0","40.5","40.0","2-2","栗東中内田","492(0)","https://race.netkeiba.com/race/result.html?race_id=202507030705&rf=race_list"
"245","15","2025年8月16日","中京","5R","3歳未勝利","ダ1400m (左)","11:40","晴","良","15","5","9","ヤングソルジャー","セ3","セ","3","57.0","角田和","1:28.2","4","9.0","36.0","39.6","13-13","栗東武幸","446(-2)","https://race.netkeiba.com/race/result.html?race_id=202507030705&rf=race_list"
"246","16","2025年8月16日","中京","5R","3歳未勝利","ダ1400m (左)","11:40","晴","良","16","3","5","テットドール","牝3","牝","3","52.0","▲田山","1:29.0","5","13.0","105.0","40.8","7-8","栗東庄野","464(+10)","https://race.netkeiba.com/race/result.html?race_id=202507030705&rf=race_list"
"247","1","2025年8月16日","中京","6R","知多特別","芝1200m (左A)","15:01","晴","良","1","5","6","サウスバンク","牝3","牝","3","54.0","川田","1:07.1","","1.0","1.7","33.5","1-1","栗東吉岡","484(-2)","https://race.netkeiba.com/race/result.html?race_id=202507030706&rf=race_list"
"248","2","2025年8月16日","中京","6R","知多特別","芝1200m (左A)","15:01","晴","良","2","5","7","ジュンヴァンケット","セ4","セ","4","58.0","坂井","1:07.3","1","2.0","5.0","33.6","2-2","栗東友道","462(+6)","https://race.netkeiba.com/race/result.html?race_id=202507030706&rf=race_list"
"249","3","2025年8月16日","中京","6R","知多特別","芝1200m (左A)","15:01","晴","良","3","4","5","アスティスプマンテ","牝4","牝","4","56.0","小沢","1:07.4","1/2","6.0","15.9","32.9","7-7","栗東佐藤悠","438(-6)","https://race.netkeiba.com/race/result.html?race_id=202507030706&rf=race_list"
"250","4","2025年8月16日","中京","6R","知多特別","芝1200m (左A)","15:01","晴","良","4","1","1","モンシュマン","牡4","牡","4","58.0","団野","1:07.5","1/2","7.0","17.9","33.6","3-3","栗東上村","466(-8)","https://race.netkeiba.com/race/result.html?race_id=202507030706&rf=race_list"
"251","5","2025年8月16日","中京","6R","知多特別","芝1200m (左A)","15:01","晴","良","5","6","9","セレッソデアモール","牝5","牝","5","56.0","川須","1:07.7","1.1/2","10.0","63.3","33.0","9-9","栗東庄野","490(+4)","https://race.netkeiba.com/race/result.html?race_id=202507030706&rf=race_list"
"252","6","2025年8月16日","中京","6R","知多特別","芝1200m (左A)","15:01","晴","良","6","2","2","レディメローラ","牝5","牝","5","56.0","菱田","1:07.7","クビ","11.0","85.6","33.5","5-5","栗東北出","402(-12)","https://race.netkeiba.com/race/result.html?race_id=202507030706&rf=race_list"
"253","7","2025年8月16日","中京","6R","知多特別","芝1200m (左A)","15:01","晴","良","7","4","4","シュブロンレーヴル","牝4","牝","4","56.0","秋山稔","1:07.8","クビ","8.0","41.6","33.6","6-5","栗東杉山佳","412(+2)","https://race.netkeiba.com/race/result.html?race_id=202507030706&rf=race_list"
"254","8","2025年8月16日","中京","6R","知多特別","芝1200m (左A)","15:01","晴","良","8","6","8","スマートジェイナ","牝5","牝","5","56.0","吉村","1:07.9","1/2","9.0","42.1","33.1","10-10","栗東加藤公","450(-6)","https://race.netkeiba.com/race/result.html?race_id=202507030706&rf=race_list"
"255","9","2025年8月16日","中京","6R","知多特別","芝1200m (左A)","15:01","晴","良","9","8","12","スマートルシーダ","牡7","牡","7","58.0","松若","1:07.9","アタマ","12.0","143.8","32.9","11-11","栗東東田","480(+10)","https://race.netkeiba.com/race/result.html?race_id=202507030706&rf=race_list"
"256","10","2025年8月16日","中京","6R","知多特別","芝1200m (左A)","15:01","晴","良","10","3","3","ピースフルナイト","牝5","牝","5","56.0","松山","1:08.0","3/4","4.0","12.3","33.4","7-7","栗東高野","414(+4)","https://race.netkeiba.com/race/result.html?race_id=202507030706&rf=race_list"
"257","11","2025年8月16日","中京","6R","知多特別","芝1200m (左A)","15:01","晴","良","11","7","10","フェンダー","牡4","牡","4","58.0","バデル","1:08.1","1/2","3.0","7.3","34.2","3-3","栗東斉藤崇","520(-4)","https://race.netkeiba.com/race/result.html?race_id=202507030706&rf=race_list"
"258","12","2025年8月16日","中京","6R","知多特別","芝1200m (左A)","15:01","晴","良","12","7","11","ヒーローインチーフ","セ4","セ","4","58.0","西塚","1:08.3","1.1/4","5.0","13.9","32.9","12-12","栗東吉田","448(-2)","https://race.netkeiba.com/race/result.html?race_id=202507030706&rf=race_list"
"259","13","2025年8月16日","中京","6R","知多特別","芝1200m (左A)","15:01","晴","良","13","8","13","エリンアキレウス","牡5","牡","5","58.0","長岡","1:08.7","2.1/2","13.0","423.4","33.4","12-12","美浦伊藤伸","538(+2)","https://race.netkeiba.com/race/result.html?race_id=202507030706&rf=race_list"
"260","1","2025年8月16日","中京","7R","高山S","芝2000m (左A)","15:35","晴","良","1","8","8","バールデュヴァン","牡5","牡","5","53.0","バデル","1:58.4","","5.0","9.6","34.5","1-1-1-1","栗東浜田","510(+4)","https://race.netkeiba.com/race/result.html?race_id=202507030707&rf=race_list"
"261","2","2025年8月16日","中京","7R","高山S","芝2000m (左A)","15:35","晴","良","2","5","5","ミッキーツインクル","牝5","牝","5","55.0","川田","1:58.5","1/2","1.0","2.1","34.1","5-5-6-6","栗東中内田","478(-8)","https://race.netkeiba.com/race/result.html?race_id=202507030707&rf=race_list"
"262","3","2025年8月16日","中京","7R","高山S","芝2000m (左A)","15:35","晴","良","3","7","7","ドットクルー","牡5","牡","5","55.0","高杉","1:58.6","クビ","7.0","16.0","34.1","6-6-7-6","栗東笹田","468(+4)","https://race.netkeiba.com/race/result.html?race_id=202507030707&rf=race_list"
"263","4","2025年8月16日","中京","7R","高山S","芝2000m (左A)","15:35","晴","良","4","1","1","コスモシャングリラ","牝5","牝","5","52.0","吉村","1:58.7","1/2","8.0","33.2","34.1","8-8-8-8","美浦水野","436(-6)","https://race.netkeiba.com/race/result.html?race_id=202507030707&rf=race_list"
"264","5","2025年8月16日","中京","7R","高山S","芝2000m (左A)","15:35","晴","良","5","2","2","ハギノアルデバラン","牡5","牡","5","54.0","小沢","1:58.9","1.1/2","6.0","14.4","34.2","9-9-9-9","栗東佐藤悠","500(-16)","https://race.netkeiba.com/race/result.html?race_id=202507030707&rf=race_list"
"265","6","2025年8月16日","中京","7R","高山S","芝2000m (左A)","15:35","晴","良","6","3","3","モズマーヴェリック","牡4","牡","4","55.0","国分恭","1:59.1","1.1/4","4.0","9.1","34.8","7-6-3-5","栗東牧浦","482(+4)","https://race.netkeiba.com/race/result.html?race_id=202507030707&rf=race_list"
"266","7","2025年8月16日","中京","7R","高山S","芝2000m (左A)","15:35","晴","良","7","4","4","アウフヘーベン","牝5","牝","5","54.0","菱田","1:59.2","3/4","3.0","6.0","35.1","4-4-3-2","栗東高橋亮","458(0)","https://race.netkeiba.com/race/result.html?race_id=202507030707&rf=race_list"
"267","8","2025年8月16日","中京","7R","高山S","芝2000m (左A)","15:35","晴","良","8","6","6","ワイドアラジン","牡5","牡","5","57.0","団野","1:59.3","クビ","2.0","4.4","35.1","3-3-3-4","栗東奥村豊","478(-4)","https://race.netkeiba.com/race/result.html?race_id=202507030707&rf=race_list"
"268","9","2025年8月16日","中京","7R","高山S","芝2000m (左A)","15:35","晴","良","9","8","9","ウインリブルマン","牡7","牡","7","53.0","松若","1:59.8","3","9.0","42.2","35.7","2-2-2-2","栗東緒方","500(0)","https://race.netkeiba.com/race/result.html?race_id=202507030707&rf=race_list"
"269","1","2025年8月16日","中京","8R","長久手特別","芝2000m (左A)","16:10","晴","良","1","8","8","レディーヴァリュー","牝4","牝","4","56.0","団野","1:59.7","","2.0","3.8","34.0","2-2-2-2","栗東小林","464(0)","https://race.netkeiba.com/race/result.html?race_id=202507030708&rf=race_list"
"270","2","2025年8月16日","中京","8R","長久手特別","芝2000m (左A)","16:10","晴","良","2","1","1","タガノアビー","牝3","牝","3","53.0","川田","1:59.9","3/4","1.0","1.4","33.5","6-6-6-6","栗東千田","498(+6)","https://race.netkeiba.com/race/result.html?race_id=202507030708&rf=race_list"
"271","3","2025年8月16日","中京","8R","長久手特別","芝2000m (左A)","16:10","晴","良","3","4","4","フレミングフープ","牝4","牝","4","56.0","バデル","1:59.9","ハナ","4.0","12.4","34.0","4-4-4-3","栗東友道","494(+12)","https://race.netkeiba.com/race/result.html?race_id=202507030708&rf=race_list"
"272","4","2025年8月16日","中京","8R","長久手特別","芝2000m (左A)","16:10","晴","良","4","2","2","エルフストラック","牝4","牝","4","56.0","坂井","2:00.1","1.1/4","5.0","14.8","34.2","3-3-3-3","栗東中村","484(-2)","https://race.netkeiba.com/race/result.html?race_id=202507030708&rf=race_list"
"273","5","2025年8月16日","中京","8R","長久手特別","芝2000m (左A)","16:10","晴","良","5","7","7","アレナリア","牝6","牝","6","56.0","国分恭","2:00.1","ハナ","8.0","95.6","34.0","5-5-5-5","栗東西園翔","434(-6)","https://race.netkeiba.com/race/result.html?race_id=202507030708&rf=race_list"
"274","6","2025年8月16日","中京","8R","長久手特別","芝2000m (左A)","16:10","晴","良","6","3","3","ラビットアイ","牝4","牝","4","56.0","松山","2:00.1","クビ","3.0","10.3","33.6","7-7-7-6","栗東鈴木孝","492(-2)","https://race.netkeiba.com/race/result.html?race_id=202507030708&rf=race_list"
"275","7","2025年8月16日","中京","8R","長久手特別","芝2000m (左A)","16:10","晴","良","7","5","5","スターリングアップ","牝4","牝","4","56.0","菱田","2:00.5","2.1/2","7.0","36.9","33.7","8-8-8-8","栗東松永幹","442(0)","https://race.netkeiba.com/race/result.html?race_id=202507030708&rf=race_list"
"276","8","2025年8月16日","中京","8R","長久手特別","芝2000m (左A)","16:10","晴","良","8","6","6","オデット","牝3","牝","3","53.0","吉村","2:00.9","2","6.0","29.2","35.3","1-1-1-1","栗東緒方","446(+2)","https://race.netkeiba.com/race/result.html?race_id=202507030708&rf=race_list"
"277","1","2025年8月16日","中京","9R","3歳以上1勝クラス","ダ1200m (左)","16:45","晴","良","1","2","3","ヤマニンシュラ","牡3","牡","3","56.0","川田","1:10.9","","2.0","3.4","35.9","1-1","栗東斉藤崇","470(0)","https://race.netkeiba.com/race/result.html?race_id=202507030709&rf=race_list"
"278","2","2025年8月16日","中京","9R","3歳以上1勝クラス","ダ1200m (左)","16:45","晴","良","2","5","9","ゼットエール","牡3","牡","3","56.0","団野","1:11.9","6","1.0","2.5","36.5","4-4","栗東吉田","514(+12)","https://race.netkeiba.com/race/result.html?race_id=202507030709&rf=race_list"
"279","3","2025年8月16日","中京","9R","3歳以上1勝クラス","ダ1200m (左)","16:45","晴","良","3","4","7","カフェノワール","牝5","牝","5","55.0","☆吉村","1:11.9","クビ","4.0","11.6","36.5","4-4","栗東池江","488(+14)","https://race.netkeiba.com/race/result.html?race_id=202507030709&rf=race_list"
"280","4","2025年8月16日","中京","9R","3歳以上1勝クラス","ダ1200m (左)","16:45","晴","良","4","3","6","ミルミナーヴァ","牝4","牝","4","56.0","坂井","1:12.0","アタマ","5.0","13.2","36.9","2-2","栗東西園正","488(+6)","https://race.netkeiba.com/race/result.html?race_id=202507030709&rf=race_list"
"281","5","2025年8月16日","中京","9R","3歳以上1勝クラス","ダ1200m (左)","16:45","晴","良","5","5","10","セールヴォラン","牡4","牡","4","58.0","松若","1:12.5","3","8.0","24.2","36.0","13-13","栗東北出","452(+6)","https://race.netkeiba.com/race/result.html?race_id=202507030709&rf=race_list"
"282","6","2025年8月16日","中京","9R","3歳以上1勝クラス","ダ1200m (左)","16:45","晴","良","6","7","13","ワールドシリーズ","牡4","牡","4","58.0","バデル","1:12.9","2.1/2","13.0","86.3","37.1","7-6","栗東秋山","468(+6)","https://race.netkeiba.com/race/result.html?race_id=202507030709&rf=race_list"
"283","7","2025年8月16日","中京","9R","3歳以上1勝クラス","ダ1200m (左)","16:45","晴","良","7","1","2","フェニーチェドーロ","牝3","牝","3","54.0","菱田","1:13.0","1/2","9.0","44.5","37.0","9-7","栗東宮本","442(-8)","https://race.netkeiba.com/race/result.html?race_id=202507030709&rf=race_list"
"284","8","2025年8月16日","中京","9R","3歳以上1勝クラス","ダ1200m (左)","16:45","晴","良","8","6","12","ゼンカイパイロ","牡4","牡","4","57.0","☆高杉","1:13.1","1/2","3.0","6.4","36.8","12-10","栗東千田","490(-4)","https://race.netkeiba.com/race/result.html?race_id=202507030709&rf=race_list"
"285","9","2025年8月16日","中京","9R","3歳以上1勝クラス","ダ1200m (左)","16:45","晴","良","9","4","8","コパノマロン","牝3","牝","3","54.0","小沢","1:13.2","1/2","15.0","177.1","38.0","2-2","栗東加藤公","440(-4)","https://race.netkeiba.com/race/result.html?race_id=202507030709&rf=race_list"
"286","10","2025年8月16日","中京","9R","3歳以上1勝クラス","ダ1200m (左)","16:45","晴","良","10","8","15","メイショウイヌワシ","牡6","牡","6","54.0","★河原田","1:13.2","クビ","14.0","100.9","36.6","13-14","栗東石橋","502(-4)","https://race.netkeiba.com/race/result.html?race_id=202507030709&rf=race_list"
"287","11","2025年8月16日","中京","9R","3歳以上1勝クラス","ダ1200m (左)","16:45","晴","良","11","3","5","グリーズマン","セ4","セ","4","58.0","酒井","1:13.3","クビ","6.0","16.2","36.6","15-14","栗東小栗","506(+4)","https://race.netkeiba.com/race/result.html?race_id=202507030709&rf=race_list"
"288","12","2025年8月16日","中京","9R","3歳以上1勝クラス","ダ1200m (左)","16:45","晴","良","12","6","11","スレッドザニードル","牡3","牡","3","53.0","▲田山","1:13.4","1/2","12.0","78.5","37.3","10-10","栗東佐々木","482(+4)","https://race.netkeiba.com/race/result.html?race_id=202507030709&rf=race_list"
"289","13","2025年8月16日","中京","9R","3歳以上1勝クラス","ダ1200m (左)","16:45","晴","良","13","1","1","サンライズジュピタ","牡3","牡","3","54.0","◇永島","1:13.5","3/4","11.0","77.7","36.8","15-14","栗東石坂","512(+8)","https://race.netkeiba.com/race/result.html?race_id=202507030709&rf=race_list"
"290","14","2025年8月16日","中京","9R","3歳以上1勝クラス","ダ1200m (左)","16:45","晴","良","14","7","14","ピカリ","牝4","牝","4","56.0","田口","1:14.0","3","7.0","18.2","38.1","8-7","栗東森秀","510(+2)","https://race.netkeiba.com/race/result.html?race_id=202507030709&rf=race_list"
"291","15","2025年8月16日","中京","9R","3歳以上1勝クラス","ダ1200m (左)","16:45","晴","良","15","2","4","サイモンオリーブ","牝5","牝","5","56.0","松山","1:14.1","1/2","16.0","237.2","38.0","10-10","栗東梅田","470(-4)","https://race.netkeiba.com/race/result.html?race_id=202507030709&rf=race_list"
"292","16","2025年8月16日","中京","9R","3歳以上1勝クラス","ダ1200m (左)","16:45","晴","良","16","8","16","レーンアジリティ","牡3","牡","3","56.0","川須","1:14.5","2.1/2","10.0","72.0","38.9","6-7","栗東中尾","468(0)","https://race.netkeiba.com/race/result.html?race_id=202507030709&rf=race_list"
"293","1","2025年8月16日","中京","10R","3歳以上1勝クラス","ダ1800m (左)","17:15","晴","良","1","1","1","テーオーライマン","牡3","牡","3","54.0","☆高杉","1:52.7","","2.0","2.8","37.7","3-3-4-3","栗東宮","456(-6)","https://race.netkeiba.com/race/result.html?race_id=202507030710&rf=race_list"
"294","2","2025年8月16日","中京","10R","3歳以上1勝クラス","ダ1800m (左)","17:15","晴","良","2","8","8","オーケアニス","牝3","牝","3","53.0","坂井","1:53.0","1.3/4","1.0","2.7","38.6","2-2-2-2","栗東松永幹","474(+16)","https://race.netkeiba.com/race/result.html?race_id=202507030710&rf=race_list"
"295","3","2025年8月16日","中京","10R","3歳以上1勝クラス","ダ1800m (左)","17:15","晴","良","3","2","2","ポイントネモ","牡3","牡","3","55.0","菱田","1:54.9","大","3.0","4.9","40.0","3-3-3-4","栗東大久保","490(0)","https://race.netkeiba.com/race/result.html?race_id=202507030710&rf=race_list"
"296","4","2025年8月16日","中京","10R","3歳以上1勝クラス","ダ1800m (左)","17:15","晴","良","4","6","6","ジーティーアメリカ","牡3","牡","3","55.0","バデル","1:55.6","4","4.0","7.6","41.3","1-1-1-1","栗東吉岡","530(-4)","https://race.netkeiba.com/race/result.html?race_id=202507030710&rf=race_list"
"297","5","2025年8月16日","中京","10R","3歳以上1勝クラス","ダ1800m (左)","17:15","晴","良","5","5","5","コーカサスゴールド","牡4","牡","4","58.0","団野","1:55.7","1/2","5.0","8.5","40.5","8-8-5-5","美浦加藤和","564(-6)","https://race.netkeiba.com/race/result.html?race_id=202507030710&rf=race_list"
"298","6","2025年8月16日","中京","10R","3歳以上1勝クラス","ダ1800m (左)","17:15","晴","良","6","7","7","カビーリア","牡5","牡","5","58.0","太宰","1:55.7","クビ","6.0","17.8","40.3","6-6-7-6","栗東飯田","494(+2)","https://race.netkeiba.com/race/result.html?race_id=202507030710&rf=race_list"
"299","7","2025年8月16日","中京","10R","3歳以上1勝クラス","ダ1800m (左)","17:15","晴","良","7","4","4","メリトーリアス","牡3","牡","3","55.0","小沢","1:55.8","1/2","8.0","93.7","40.2","6-6-8-8","栗東東田","528(0)","https://race.netkeiba.com/race/result.html?race_id=202507030710&rf=race_list"
"300","8","2025年8月16日","中京","10R","3歳以上1勝クラス","ダ1800m (左)","17:15","晴","良","8","3","3","ブラックタロー","牡3","牡","3","52.0","▲田山","1:56.3","3","7.0","64.9","41.1","3-5-5-6","栗東鈴木孝","490(-4)","https://race.netkeiba.com/race/result.html?race_id=202507030710&rf=race_list"
"301","1","2025年8月16日","中京","11R","3歳未勝利","芝1400m (左A)","17:45","晴","良","1","3","6","ベルサ","牝3","牝","3","53.0","◇永島","1:19.8","","1.0","3.5","35.1","1-1","栗東鈴木孝","458(+2)","https://race.netkeiba.com/race/result.html?race_id=202507030711&rf=race_list"
"302","2","2025年8月16日","中京","11R","3歳未勝利","芝1400m (左A)","17:45","晴","良","2","5","10","ホルンフェルス","牝3","牝","3","55.0","鮫島良","1:19.9","3/4","9.0","25.2","34.4","10-10","栗東河嶋","456(-6)","https://race.netkeiba.com/race/result.html?race_id=202507030711&rf=race_list"
"303","3","2025年8月16日","中京","11R","3歳未勝利","芝1400m (左A)","17:45","晴","良","3","8","15","ブルーブレイブ","牝3","牝","3","54.0","☆吉村","1:20.1","1","2.0","4.0","34.3","12-12","栗東清水久","490(0)","https://race.netkeiba.com/race/result.html?race_id=202507030711&rf=race_list"
"304","4","2025年8月16日","中京","11R","3歳未勝利","芝1400m (左A)","17:45","晴","良","4","5","9","メイショウハダル","牝3","牝","3","55.0","松若","1:20.2","3/4","8.0","25.0","35.0","6-6","栗東福永","430(+4)","https://race.netkeiba.com/race/result.html?race_id=202507030711&rf=race_list"
"305","5","2025年8月16日","中京","11R","3歳未勝利","芝1400m (左A)","17:45","晴","良","5","6","12","ウインロゼライト","牝3","牝","3","55.0","松山","1:20.3","1/2","13.0","50.5","35.0","8-8","栗東寺島","426(+4)","https://race.netkeiba.com/race/result.html?race_id=202507030711&rf=race_list"
"306","6","2025年8月16日","中京","11R","3歳未勝利","芝1400m (左A)","17:45","晴","良","6","2","4","シャンパンライフ","牝3","牝","3","54.0","☆高杉","1:20.4","クビ","3.0","4.0","35.3","4-3","栗東四位","436(-16)","https://race.netkeiba.com/race/result.html?race_id=202507030711&rf=race_list"
"307","7","2025年8月16日","中京","11R","3歳未勝利","芝1400m (左A)","17:45","晴","良","7","6","11","ドロップオブレイ","牝3","牝","3","55.0","国分恭","1:20.6","1","4.0","13.1","35.2","8-8","栗東西園翔","444(-8)","https://race.netkeiba.com/race/result.html?race_id=202507030711&rf=race_list"
"308","8","2025年8月16日","中京","11R","3歳未勝利","芝1400m (左A)","17:45","晴","良","8","1","1","エリカサンタモニカ","牝3","牝","3","55.0","田口","1:20.6","ハナ","12.0","42.5","34.6","14-14","栗東茶木","452(+2)","https://race.netkeiba.com/race/result.html?race_id=202507030711&rf=race_list"
"309","9","2025年8月16日","中京","11R","3歳未勝利","芝1400m (左A)","17:45","晴","良","9","7","13","プラウドメアリー","牝3","牝","3","54.0","☆西塚","1:20.6","アタマ","15.0","80.1","34.1","17-16","栗東杉山佳","416(0)","https://race.netkeiba.com/race/result.html?race_id=202507030711&rf=race_list"
"310","10","2025年8月16日","中京","11R","3歳未勝利","芝1400m (左A)","17:45","晴","良","10","8","16","メイショウタザワコ","牝3","牝","3","55.0","酒井","1:20.7","クビ","14.0","70.4","35.1","10-11","栗東石橋","432(+4)","https://race.netkeiba.com/race/result.html?race_id=202507030711&rf=race_list"
"311","11","2025年8月16日","中京","11R","3歳未勝利","芝1400m (左A)","17:45","晴","良","11","4","7","パールペンダント","牝3","牝","3","55.0","団野","1:20.8","1/2","5.0","13.9","35.8","3-3","栗東吉村","444(+4)","https://race.netkeiba.com/race/result.html?race_id=202507030711&rf=race_list"
"312","12","2025年8月16日","中京","11R","3歳未勝利","芝1400m (左A)","17:45","晴","良","12","7","14","ラヴアンドホープ","牝3","牝","3","55.0","亀田","1:21.3","3.1/2","16.0","222.8","35.5","13-12","栗東庄野","488(-2)","https://race.netkeiba.com/race/result.html?race_id=202507030711&rf=race_list"
"313","13","2025年8月16日","中京","11R","3歳未勝利","芝1400m (左A)","17:45","晴","良","13","2","3","ナムラエン","牝3","牝","3","55.0","菱田","1:21.5","1","11.0","36.7","36.5","4-3","栗東長谷川","496(-2)","https://race.netkeiba.com/race/result.html?race_id=202507030711&rf=race_list"
"314","14","2025年8月16日","中京","11R","3歳未勝利","芝1400m (左A)","17:45","晴","良","14","3","5","マジックローズ","牝3","牝","3","55.0","小沢","1:21.5","アタマ","6.0","17.3","36.6","2-2","栗東中内田","442(+2)","https://race.netkeiba.com/race/result.html?race_id=202507030711&rf=race_list"
"315","15","2025年8月16日","中京","11R","3歳未勝利","芝1400m (左A)","17:45","晴","良","15","1","2","ミスティカルボンド","牝3","牝","3","55.0","坂井","1:21.7","1.1/2","7.0","17.8","35.1","16-17","栗東須貝","466(0)","https://race.netkeiba.com/race/result.html?race_id=202507030711&rf=race_list"
"316","16","2025年8月16日","中京","11R","3歳未勝利","芝1400m (左A)","17:45","晴","良","16","4","8","スマートロベール","牝3","牝","3","55.0","角田和","1:22.2","3","10.0","35.7","37.0","6-6","栗東笹田","428(-2)","https://race.netkeiba.com/race/result.html?race_id=202507030711&rf=race_list"
"317","17","2025年8月16日","中京","11R","3歳未勝利","芝1400m (左A)","17:45","晴","良","17","8","17","マイベストダンサー","牝3","牝","3","55.0","中井","1:22.7","2.1/2","17.0","230.4","36.5","14-15","栗東斉藤崇","478(-4)","https://race.netkeiba.com/race/result.html?race_id=202507030711&rf=race_list"
"318","1","2025年8月16日","中京","12R","3歳以上1勝クラス","芝1600m (左A)","18:15","晴","良","1","6","6","コリカンチャ","セ3","セ","3","55.0","団野","1:33.7","","2.0","3.8","33.4","6-6-6","栗東斉藤崇","484(+2)","https://race.netkeiba.com/race/result.html?race_id=202507030712&rf=race_list"
"319","2","2025年8月16日","中京","12R","3歳以上1勝クラス","芝1600m (左A)","18:15","晴","良","2","8","9","ビップディラン","牡3","牡","3","55.0","坂井","1:33.7","アタマ","1.0","2.5","33.6","3-3-3","栗東小椋","454(-2)","https://race.netkeiba.com/race/result.html?race_id=202507030712&rf=race_list"
"320","3","2025年8月16日","中京","12R","3歳以上1勝クラス","芝1600m (左A)","18:15","晴","良","3","5","5","ラガークイン","牝4","牝","4","55.0","☆高杉","1:33.9","1.1/4","3.0","5.6","33.7","3-3-3","栗東大久保","418(-2)","https://race.netkeiba.com/race/result.html?race_id=202507030712&rf=race_list"
"321","4","2025年8月16日","中京","12R","3歳以上1勝クラス","芝1600m (左A)","18:15","晴","良","4","1","1","ザカリナン","牡3","牡","3","55.0","松山","1:34.1","1.1/4","5.0","11.7","33.5","10-7-7","栗東小栗","448(+6)","https://race.netkeiba.com/race/result.html?race_id=202507030712&rf=race_list"
"322","5","2025年8月16日","中京","12R","3歳以上1勝クラス","芝1600m (左A)","18:15","晴","良","5","8","10","ミッキーストライク","牡4","牡","4","58.0","松若","1:34.1","アタマ","6.0","11.7","33.3","9-10-10","栗東矢作","514(0)","https://race.netkeiba.com/race/result.html?race_id=202507030712&rf=race_list"
"323","6","2025年8月16日","中京","12R","3歳以上1勝クラス","芝1600m (左A)","18:15","晴","良","6","7","7","リアルフォルゴーレ","牡3","牡","3","55.0","田口","1:34.2","3/4","4.0","8.4","33.7","7-7-7","栗東大橋","478(+4)","https://race.netkeiba.com/race/result.html?race_id=202507030712&rf=race_list"
"324","7","2025年8月16日","中京","12R","3歳以上1勝クラス","芝1600m (左A)","18:15","晴","良","7","7","8","ダイシンビヨンド","牝6","牝","6","56.0","国分優","1:34.3","1/2","7.0","13.1","34.5","2-2-2","栗東梅田","460(-6)","https://race.netkeiba.com/race/result.html?race_id=202507030712&rf=race_list"
"325","8","2025年8月16日","中京","12R","3歳以上1勝クラス","芝1600m (左A)","18:15","晴","良","8","2","2","ランスオブプライム","牝4","牝","4","53.0","▲田山","1:34.5","1.1/4","9.0","47.9","34.8","1-1-1","栗東奥村豊","460(-19)","https://race.netkeiba.com/race/result.html?race_id=202507030712&rf=race_list"
"326","9","2025年8月16日","中京","12R","3歳以上1勝クラス","芝1600m (左A)","18:15","晴","良","9","4","4","ヤバネ","牡3","牡","3","55.0","中井","1:34.9","2.1/2","8.0","27.9","34.7","3-3-3","栗東加藤公","502(-14)","https://race.netkeiba.com/race/result.html?race_id=202507030712&rf=race_list"
"327","10","2025年8月16日","中京","12R","3歳以上1勝クラス","芝1600m (左A)","18:15","晴","良","10","3","3","ミッドナイトホーク","セ4","セ","4","58.0","小沢","1:36.4","9","10.0","178.8","35.7","7-7-9","栗東宮地","480(+4)","https://race.netkeiba.com/race/result.html?race_id=202507030712&rf=race_list"
"328","1","2025年8月16日","札幌","1R","2歳未勝利","芝1800m (右A)","09:55","晴","良","1","6","6","マイネルシンベリン","牡2","牡","2","55.0","丹内","1:48.8","","1.0","2.3","34.8","2-2-2-1","美浦武市","448(-6)","https://race.netkeiba.com/race/result.html?race_id=202501010701&rf=race_list"
"329","2","2025年8月16日","札幌","1R","2歳未勝利","芝1800m (右A)","09:55","晴","良","2","5","5","グロリアスマーチ","牡2","牡","2","55.0","佐々木","1:49.3","2.1/2","2.0","2.5","35.1","3-3-3-2","栗東須貝","502(+14)","https://race.netkeiba.com/race/result.html?race_id=202501010701&rf=race_list"
"330","3","2025年8月16日","札幌","1R","2歳未勝利","芝1800m (右A)","09:55","晴","良","3","3","3","エバーシャンティ","牝2","牝","2","55.0","横山武","1:49.6","1.3/4","3.0","3.3","35.2","6-6-5-4","美浦久保田","438(-4)","https://race.netkeiba.com/race/result.html?race_id=202501010701&rf=race_list"
"331","4","2025年8月16日","札幌","1R","2歳未勝利","芝1800m (右A)","09:55","晴","良","4","1","1","ハイライトニング","牡2","牡","2","55.0","横山和","1:50.1","3.1/2","4.0","10.8","35.7","7-6-5-6","美浦嘉藤","480(+6)","https://race.netkeiba.com/race/result.html?race_id=202501010701&rf=race_list"
"332","5","2025年8月16日","札幌","1R","2歳未勝利","芝1800m (右A)","09:55","晴","良","5","2","2","ラシッド","牡2","牡","2","55.0","石川倭","1:51.2","7","6.0","86.4","37.3","1-1-1-2","美浦杉浦","478(+2)","https://race.netkeiba.com/race/result.html?race_id=202501010701&rf=race_list"
"333","6","2025年8月16日","札幌","1R","2歳未勝利","芝1800m (右A)","09:55","晴","良","6","7","7","クリスタルメモリー","牝2","牝","2","55.0","原","1:51.3","1/2","5.0","67.7","37.2","3-3-3-4","美浦萱野","450(-4)","https://race.netkeiba.com/race/result.html?race_id=202501010701&rf=race_list"
"334","7","2025年8月16日","札幌","1R","2歳未勝利","芝1800m (右A)","09:55","晴","良","7","4","4","ブルームオブピース","牝2","牝","2","55.0","古川吉","1:51.7","2","7.0","109.5","37.2","3-3-7-7","栗東北出","430(0)","https://race.netkeiba.com/race/result.html?race_id=202501010701&rf=race_list"
"335","1","2025年8月16日","札幌","2R","3歳未勝利","ダ1700m (右)","10:25","晴","良","1","8","14","サウンドルーチェ","牝3","牝","3","52.0","▲小林美","1:46.3","","7.0","16.4","38.3","8-7-5-2","栗東渡辺","452(+4)","https://race.netkeiba.com/race/result.html?race_id=202501010702&rf=race_list"
"336","2","2025年8月16日","札幌","2R","3歳未勝利","ダ1700m (右)","10:25","晴","良","2","8","13","カスバートテソーロ","牝3","牝","3","55.0","吉田隼","1:46.6","1.3/4","3.0","4.5","38.2","12-11-11-4","美浦畠山","442(-4)","https://race.netkeiba.com/race/result.html?race_id=202501010702&rf=race_list"
"337","3","2025年8月16日","札幌","2R","3歳未勝利","ダ1700m (右)","10:25","晴","良","3","2","2","ユージュアーナ","牝3","牝","3","55.0","斎藤","1:46.7","クビ","4.0","6.6","39.2","1-1-1-1","栗東奥村豊","460(+10)","https://race.netkeiba.com/race/result.html?race_id=202501010702&rf=race_list"
"338","4","2025年8月16日","札幌","2R","3歳未勝利","ダ1700m (右)","10:25","晴","良","4","7","12","スマートイザナミ","牝3","牝","3","55.0","武豊","1:46.8","3/4","1.0","3.3","38.5","10-10-9-3","栗東谷","450(+4)","https://race.netkeiba.com/race/result.html?race_id=202501010702&rf=race_list"
"339","5","2025年8月16日","札幌","2R","3歳未勝利","ダ1700m (右)","10:25","晴","良","5","1","1","スフレ","牝3","牝","3","55.0","佐々木","1:46.9","1/2","8.0","36.1","38.1","12-13-13-7","栗東野中","434(+6)","https://race.netkeiba.com/race/result.html?race_id=202501010702&rf=race_list"
"340","6","2025年8月16日","札幌","2R","3歳未勝利","ダ1700m (右)","10:25","晴","良","6","5","7","シャインシュシュ","牝3","牝","3","55.0","松岡","1:47.2","1.3/4","14.0","145.7","39.0","9-8-9-7","美浦小野","476(0)","https://race.netkeiba.com/race/result.html?race_id=202501010702&rf=race_list"
"341","7","2025年8月16日","札幌","2R","3歳未勝利","ダ1700m (右)","10:25","晴","良","7","6","10","ミセスリリー","牝3","牝","3","53.0","△鷲頭","1:48.4","7","11.0","82.5","40.0","11-11-11-12","美浦上原佑","456(0)","https://race.netkeiba.com/race/result.html?race_id=202501010702&rf=race_list"
"342","8","2025年8月16日","札幌","2R","3歳未勝利","ダ1700m (右)","10:25","晴","良","8","4","5","アイドルアイズ","牝3","牝","3","55.0","キング","1:48.8","2.1/2","2.0","4.3","40.7","5-8-5-12","栗東新谷","420(0)","https://race.netkeiba.com/race/result.html?race_id=202501010702&rf=race_list"
"343","9","2025年8月16日","札幌","2R","3歳未勝利","ダ1700m (右)","10:25","晴","良","9","3","4","シンシーネ","牝3","牝","3","52.0","▲舟山","1:48.9","1/2","6.0","13.2","41.0","3-3-3-9","栗東高橋忠","464(0)","https://race.netkeiba.com/race/result.html?race_id=202501010702&rf=race_list"
"344","10","2025年8月16日","札幌","2R","3歳未勝利","ダ1700m (右)","10:25","晴","良","10","6","9","エピックサイクル","牝3","牝","3","55.0","原","1:49.2","1.3/4","10.0","76.5","41.1","5-5-5-9","美浦新開","438(-2)","https://race.netkeiba.com/race/result.html?race_id=202501010702&rf=race_list"
"345","11","2025年8月16日","札幌","2R","3歳未勝利","ダ1700m (右)","10:25","晴","良","11","5","8","ミストラルフェザー","牝3","牝","3","55.0","鮫島駿","1:49.3","3/4","13.0","106.0","41.5","3-3-3-4","栗東茶木","482(+8)","https://race.netkeiba.com/race/result.html?race_id=202501010702&rf=race_list"
"346","12","2025年8月16日","札幌","2R","3歳未勝利","ダ1700m (右)","10:25","晴","良","12","3","3","ティアップマッハ","牝3","牝","3","55.0","黛","1:49.8","3","9.0","63.0","42.2","2-2-2-4","美浦奥平","446(0)","https://race.netkeiba.com/race/result.html?race_id=202501010702&rf=race_list"
"347","13","2025年8月16日","札幌","2R","3歳未勝利","ダ1700m (右)","10:25","晴","良","13","7","11","メルヘンライズ","牝3","牝","3","55.0","横山武","1:50.5","4","5.0","8.6","42.5","5-5-5-9","美浦辻","480(+16)","https://race.netkeiba.com/race/result.html?race_id=202501010702&rf=race_list"
"348","14","2025年8月16日","札幌","2R","3歳未勝利","ダ1700m (右)","10:25","晴","良","14","4","6","グランクリュ","牝3","牝","3","55.0","荻野琢","1:50.6","1/2","12.0","87.8","41.6","14-14-14-14","栗東今野","432(+8)","https://race.netkeiba.com/race/result.html?race_id=202501010702&rf=race_list"
"349","1","2025年8月16日","札幌","3R","3歳未勝利","ダ1000m (右)","10:55","晴","良","1","7","10","ディニトーソ","牡3","牡","3","54.0","▲舟山","0:58.5","","3.0","4.4","35.1","4-2","栗東辻野","462(-11)","https://race.netkeiba.com/race/result.html?race_id=202501010703&rf=race_list"
"350","2","2025年8月16日","札幌","3R","3歳未勝利","ダ1000m (右)","10:55","晴","良","2","1","1","ステラノヴァ","牡3","牡","3","57.0","武豊","0:59.3","5","1.0","2.1","35.0","8-8","栗東千田","478(+4)","https://race.netkeiba.com/race/result.html?race_id=202501010703&rf=race_list"
"351","3","2025年8月16日","札幌","3R","3歳未勝利","ダ1000m (右)","10:55","晴","良","3","5","5","レイアポポ","牝3","牝","3","55.0","丹内","0:59.5","1.1/4","5.0","20.5","36.2","3-4","美浦青木","464(+2)","https://race.netkeiba.com/race/result.html?race_id=202501010703&rf=race_list"
"352","4","2025年8月16日","札幌","3R","3歳未勝利","ダ1000m (右)","10:55","晴","良","4","3","3","フルグライト","牡3","牡","3","55.0","△鷲頭","0:59.7","1","7.0","51.7","35.6","7-6","美浦堀内","466(+2)","https://race.netkeiba.com/race/result.html?race_id=202501010703&rf=race_list"
"353","5","2025年8月16日","札幌","3R","3歳未勝利","ダ1000m (右)","10:55","晴","良","5","8","12","ブラックエンパイア","牡3","牡","3","57.0","荻野琢","0:59.9","1.1/4","6.0","30.0","36.8","2-2","美浦松永康","474(+6)","https://race.netkeiba.com/race/result.html?race_id=202501010703&rf=race_list"
"354","6","2025年8月16日","札幌","3R","3歳未勝利","ダ1000m (右)","10:55","晴","良","6","8","11","ラピルスイメル","牝3","牝","3","52.0","▲古川奈","0:59.9","クビ","4.0","8.0","36.8","1-1","栗東小崎","502(-2)","https://race.netkeiba.com/race/result.html?race_id=202501010703&rf=race_list"
"355","7","2025年8月16日","札幌","3R","3歳未勝利","ダ1000m (右)","10:55","晴","良","7","6","8","カービスベイ","牡3","牡","3","54.0","▲小林美","1:00.2","1.1/2","2.0","3.5","36.4","5-5","美浦武藤","510(-8)","https://race.netkeiba.com/race/result.html?race_id=202501010703&rf=race_list"
"356","8","2025年8月16日","札幌","3R","3歳未勝利","ダ1000m (右)","10:55","晴","良","8","6","7","ロードバルセロナ","牡3","牡","3","54.0","▲森田","1:00.2","ハナ","11.0","152.3","35.5","11-11","栗東茶木","496(-2)","https://race.netkeiba.com/race/result.html?race_id=202501010703&rf=race_list"
"357","9","2025年8月16日","札幌","3R","3歳未勝利","ダ1000m (右)","10:55","晴","良","9","4","4","ジェニー","牝3","牝","3","52.0","▲柴田裕","1:00.4","1.1/2","8.0","70.2","36.6","5-6","栗東茶木","498(-4)","https://race.netkeiba.com/race/result.html?race_id=202501010703&rf=race_list"
"358","10","2025年8月16日","札幌","3R","3歳未勝利","ダ1000m (右)","10:55","晴","良","10","2","2","キョウエイセレッソ","牝3","牝","3","55.0","石川倭","1:00.5","クビ","10.0","134.0","36.2","8-9","美浦中川","436(+8)","https://race.netkeiba.com/race/result.html?race_id=202501010703&rf=race_list"
"359","11","2025年8月16日","札幌","3R","3歳未勝利","ダ1000m (右)","10:55","晴","良","11","5","6","エアザキントス","牡3","牡","3","56.0","☆松本","1:00.7","1","12.0","176.2","36.5","8-9","栗東新谷","462(-6)","https://race.netkeiba.com/race/result.html?race_id=202501010703&rf=race_list"
"360","12","2025年8月16日","札幌","3R","3歳未勝利","ダ1000m (右)","10:55","晴","良","12","7","9","ヒロスズラン","牝3","牝","3","55.0","岩田康","1:01.1","2.1/2","9.0","73.1","36.1","12-12","栗東角田","458(-2)","https://race.netkeiba.com/race/result.html?race_id=202501010703&rf=race_list"
"361","1","2025年8月16日","札幌","4R","3歳未勝利","芝1500m (右A)","11:25","晴","良","1","6","10","ワタシマツワ","牝3","牝","3","52.0","▲小林美","1:28.0","","1.0","3.1","35.4","1-1-1","美浦竹内","426(+4)","https://race.netkeiba.com/race/result.html?race_id=202501010704&rf=race_list"
"362","2","2025年8月16日","札幌","4R","3歳未勝利","芝1500m (右A)","11:25","晴","良","2","4","5","ハクサンミラクル","牡3","牡","3","57.0","黛","1:28.4","2.1/2","6.0","16.3","34.7","10-12-9","美浦武藤","472(0)","https://race.netkeiba.com/race/result.html?race_id=202501010704&rf=race_list"
"363","3","2025年8月16日","札幌","4R","3歳未勝利","芝1500m (右A)","11:25","晴","良","3","2","2","エピファランド","牝3","牝","3","55.0","浜中","1:28.5","1/2","4.0","6.0","35.6","4-4-4","栗東武幸","498(+2)","https://race.netkeiba.com/race/result.html?race_id=202501010704&rf=race_list"
"364","4","2025年8月16日","札幌","4R","3歳未勝利","芝1500m (右A)","11:25","晴","良","4","5","7","リラゲイル","牡3","牡","3","57.0","佐々木","1:28.9","2.1/2","10.0","50.4","35.7","7-6-4","栗東須貝","466(-2)","https://race.netkeiba.com/race/result.html?race_id=202501010704&rf=race_list"
"365","5","2025年8月16日","札幌","4R","3歳未勝利","芝1500m (右A)","11:25","晴","良","5","8","14","ラウニウ","牝3","牝","3","55.0","横山武","1:28.9","クビ","2.0","4.3","36.1","4-3-2","栗東牧田","478(+2)","https://race.netkeiba.com/race/result.html?race_id=202501010704&rf=race_list"
"366","6","2025年8月16日","札幌","4R","3歳未勝利","芝1500m (右A)","11:25","晴","良","6","3","4","バーンズベリー","牡3","牡","3","57.0","丹内","1:29.0","クビ","11.0","61.3","35.8","7-6-7","美浦尾関","458(+6)","https://race.netkeiba.com/race/result.html?race_id=202501010704&rf=race_list"
"367","7","2025年8月16日","札幌","4R","3歳未勝利","芝1500m (右A)","11:25","晴","良","7","8","13","ペタルブランシュ","牝3","牝","3","55.0","横山和","1:29.0","クビ","7.0","17.9","36.3","2-2-2","美浦村田","404(0)","https://race.netkeiba.com/race/result.html?race_id=202501010704&rf=race_list"
"368","8","2025年8月16日","札幌","4R","3歳未勝利","芝1500m (右A)","11:25","晴","良","8","3","3","ベルジャッド","牝3","牝","3","52.0","▲柴田裕","1:29.1","クビ","8.0","18.2","35.9","6-6-9","栗東高柳大","414(-2)","https://race.netkeiba.com/race/result.html?race_id=202501010704&rf=race_list"
"369","9","2025年8月16日","札幌","4R","3歳未勝利","芝1500m (右A)","11:25","晴","良","9","5","8","スタークルージング","牝3","牝","3","52.0","▲舟山","1:29.1","クビ","12.0","64.7","35.2","13-13-13","栗東小椋","464(+16)","https://race.netkeiba.com/race/result.html?race_id=202501010704&rf=race_list"
"370","10","2025年8月16日","札幌","4R","3歳未勝利","芝1500m (右A)","11:25","晴","良","10","7","11","リリーオブザハート","牝3","牝","3","55.0","鮫島駿","1:29.2","1/2","5.0","14.2","35.7","12-9-7","栗東辻野","420(+2)","https://race.netkeiba.com/race/result.html?race_id=202501010704&rf=race_list"
"371","11","2025年8月16日","札幌","4R","3歳未勝利","芝1500m (右A)","11:25","晴","良","11","7","12","デザートスノー","セ3","セ","3","54.0","▲古川奈","1:29.5","1.3/4","13.0","274.6","35.5","13-14-14","美浦勢司","446(+2)","https://race.netkeiba.com/race/result.html?race_id=202501010704&rf=race_list"
"372","12","2025年8月16日","札幌","4R","3歳未勝利","芝1500m (右A)","11:25","晴","良","12","4","6","フリアフロリダ","牝3","牝","3","51.0","△鷲頭","1:29.5","アタマ","9.0","19.6","36.0","10-9-9","栗東小栗","462(-6)","https://race.netkeiba.com/race/result.html?race_id=202501010704&rf=race_list"
"373","13","2025年8月16日","札幌","4R","3歳未勝利","芝1500m (右A)","11:25","晴","良","13","6","9","アグネス","牝3","牝","3","55.0","原","1:30.3","5","14.0","366.0","36.9","9-9-9","美浦上原佑","430(+8)","https://race.netkeiba.com/race/result.html?race_id=202501010704&rf=race_list"
"374","14","2025年8月16日","札幌","4R","3歳未勝利","芝1500m (右A)","11:25","晴","良","14","1","1","アルシャンティ","牝3","牝","3","55.0","キング","1:35.5","大","3.0","5.2","42.6","3-4-4","栗東茶木","434(0)","https://race.netkeiba.com/race/result.html?race_id=202501010704&rf=race_list"
"375","1","2025年8月16日","札幌","5R","2歳新馬","芝1200m (右A)","12:15","晴","良","1","4","4","ナオミライトニング","牝2","牝","2","55.0","佐々木","1:10.6","","3.0","4.7","36.0","4-3","栗東矢作","442(0)","https://race.netkeiba.com/race/result.html?race_id=202501010705&rf=race_list"
"376","2","2025年8月16日","札幌","5R","2歳新馬","芝1200m (右A)","12:15","晴","良","2","6","7","プレヒティヒ","牝2","牝","2","53.0","△鷲頭","1:10.8","1.1/2","6.0","19.9","35.7","5-5","美浦伊藤圭","398(0)","https://race.netkeiba.com/race/result.html?race_id=202501010705&rf=race_list"
"377","3","2025年8月16日","札幌","5R","2歳新馬","芝1200m (右A)","12:15","晴","良","3","5","5","ラスベガスサイン","牝2","牝","2","55.0","横山武","1:10.9","クビ","1.0","2.1","36.4","2-3","栗東長谷川","394(0)","https://race.netkeiba.com/race/result.html?race_id=202501010705&rf=race_list"
"378","4","2025年8月16日","札幌","5R","2歳新馬","芝1200m (右A)","12:15","晴","良","4","3","3","リバテイー","牝2","牝","2","55.0","原田和","1:11.1","1.1/4","11.0","146.2","35.7","6-6","美浦小笠","456(0)","https://race.netkeiba.com/race/result.html?race_id=202501010705&rf=race_list"
"379","5","2025年8月16日","札幌","5R","2歳新馬","芝1200m (右A)","12:15","晴","良","5","7","9","ウーマンズパワー","牝2","牝","2","55.0","斎藤","1:11.2","1","2.0","3.6","36.7","2-1","栗東中尾","456(0)","https://race.netkeiba.com/race/result.html?race_id=202501010705&rf=race_list"
"380","6","2025年8月16日","札幌","5R","2歳新馬","芝1200m (右A)","12:15","晴","良","6","8","10","ディアナタコス","牡2","牡","2","52.0","▲古川奈","1:11.3","クビ","10.0","73.4","35.6","7-7","栗東前川","412(0)","https://race.netkeiba.com/race/result.html?race_id=202501010705&rf=race_list"
"381","7","2025年8月16日","札幌","5R","2歳新馬","芝1200m (右A)","12:15","晴","良","7","8","11","ブレッティレディ","牝2","牝","2","55.0","丹内","1:11.3","1/2","4.0","11.3","35.5","9-7","栗東高橋一","442(0)","https://race.netkeiba.com/race/result.html?race_id=202501010705&rf=race_list"
"382","8","2025年8月16日","札幌","5R","2歳新馬","芝1200m (右A)","12:15","晴","良","8","1","1","シンギュラーレディ","牝2","牝","2","52.0","▲舟山","1:11.4","クビ","5.0","19.2","37.0","1-2","栗東佐藤悠","426(0)","https://race.netkeiba.com/race/result.html?race_id=202501010705&rf=race_list"
"383","9","2025年8月16日","札幌","5R","2歳新馬","芝1200m (右A)","12:15","晴","良","9","7","8","グリーンスリーヴス","牡2","牡","2","52.0","▲柴田裕","1:11.6","1.1/2","7.0","33.7","35.7","10-10","栗東羽月","408(0)","https://race.netkeiba.com/race/result.html?race_id=202501010705&rf=race_list"
"384","10","2025年8月16日","札幌","5R","2歳新馬","芝1200m (右A)","12:15","晴","良","10","2","2","エルドラド","牡2","牡","2","55.0","松岡","1:12.0","2","9.0","44.3","36.3","7-9","美浦蛯名利","458(0)","https://race.netkeiba.com/race/result.html?race_id=202501010705&rf=race_list"
"385","11","2025年8月16日","札幌","5R","2歳新馬","芝1200m (右A)","12:15","晴","良","11","6","6","ベンテンカグラ","牝2","牝","2","52.0","▲小林美","1:13.2","7","8.0","40.7","35.3","11-11","美浦勢司","456(0)","https://race.netkeiba.com/race/result.html?race_id=202501010705&rf=race_list"
"386","1","2025年8月16日","札幌","6R","3歳未勝利","ダ1700m (右)","12:45","晴","良","1","6","10","ミスティマウンテン","牡3","牡","3","57.0","横山武","1:46.7","","3.0","4.6","38.2","4-5-3-3","美浦池上","444(+2)","https://race.netkeiba.com/race/result.html?race_id=202501010706&rf=race_list"
"387","2","2025年8月16日","札幌","6R","3歳未勝利","ダ1700m (右)","12:45","晴","良","2","1","1","メイショウゲキハ","牡3","牡","3","57.0","武豊","1:46.9","1.1/4","2.0","3.7","38.2","8-8-7-6","栗東藤原","526(+2)","https://race.netkeiba.com/race/result.html?race_id=202501010706&rf=race_list"
"388","3","2025年8月16日","札幌","6R","3歳未勝利","ダ1700m (右)","12:45","晴","良","3","8","13","オロパタジン","牡3","牡","3","54.0","▲小林美","1:46.9","ハナ","5.0","10.6","38.7","1-1-1-1","美浦相沢","470(+4)","https://race.netkeiba.com/race/result.html?race_id=202501010706&rf=race_list"
"389","4","2025年8月16日","札幌","6R","3歳未勝利","ダ1700m (右)","12:45","晴","良","4","8","14","トリプレーテ","牡3","牡","3","54.0","▲森田","1:47.1","1.1/4","1.0","2.7","38.5","14-14-6-6","栗東武英","486(+2)","https://race.netkeiba.com/race/result.html?race_id=202501010706&rf=race_list"
"390","5","2025年8月16日","札幌","6R","3歳未勝利","ダ1700m (右)","12:45","晴","良","5","4","6","ピンクパラダイス","牝3","牝","3","55.0","荻野琢","1:47.4","1.1/2","8.0","38.4","39.1","2-2-2-2","栗東大久保","444(+6)","https://race.netkeiba.com/race/result.html?race_id=202501010706&rf=race_list"
"391","6","2025年8月16日","札幌","6R","3歳未勝利","ダ1700m (右)","12:45","晴","良","6","3","4","ブランディストック","セ3","セ","3","57.0","キング","1:47.8","2.1/2","4.0","8.4","39.3","6-6-3-4","美浦辻","480(-6)","https://race.netkeiba.com/race/result.html?race_id=202501010706&rf=race_list"
"392","7","2025年8月16日","札幌","6R","3歳未勝利","ダ1700m (右)","12:45","晴","良","7","4","5","メイユウ","牡3","牡","3","57.0","丹内","1:47.9","1/2","6.0","13.3","38.8","10-9-9-8","美浦蛯名正","460(-10)","https://race.netkeiba.com/race/result.html?race_id=202501010706&rf=race_list"
"393","8","2025年8月16日","札幌","6R","3歳未勝利","ダ1700m (右)","12:45","晴","良","8","2","2","メイショウマヒロ","牝3","牝","3","52.0","▲柴田裕","1:48.1","1","10.0","67.5","38.7","12-12-12-10","栗東飯田","404(-2)","https://race.netkeiba.com/race/result.html?race_id=202501010706&rf=race_list"
"394","9","2025年8月16日","札幌","6R","3歳未勝利","ダ1700m (右)","12:45","晴","良","9","5","8","スマートテンペスト","牡3","牡","3","55.0","△鷲頭","1:48.5","2.1/2","7.0","27.2","40.0","3-3-3-4","栗東西園翔","478(0)","https://race.netkeiba.com/race/result.html?race_id=202501010706&rf=race_list"
"395","10","2025年8月16日","札幌","6R","3歳未勝利","ダ1700m (右)","12:45","晴","良","10","3","3","ファリア","牡3","牡","3","54.0","▲古川奈","1:48.9","2.1/2","12.0","190.9","39.8","9-9-9-9","美浦土田","458(+8)","https://race.netkeiba.com/race/result.html?race_id=202501010706&rf=race_list"
"396","11","2025年8月16日","札幌","6R","3歳未勝利","ダ1700m (右)","12:45","晴","良","11","7","11","シャドーストライク","牡3","牡","3","57.0","佐々木","1:49.2","1.3/4","9.0","67.5","40.4","6-6-7-10","栗東茶木","466(+2)","https://race.netkeiba.com/race/result.html?race_id=202501010706&rf=race_list"
"397","12","2025年8月16日","札幌","6R","3歳未勝利","ダ1700m (右)","12:45","晴","良","12","7","12","レイナサグラーダ","牝3","牝","3","52.0","▲舟山","1:49.3","3/4","13.0","191.7","39.9","10-11-12-14","栗東小栗","438(+8)","https://race.netkeiba.com/race/result.html?race_id=202501010706&rf=race_list"
"398","13","2025年8月16日","札幌","6R","3歳未勝利","ダ1700m (右)","12:45","晴","良","13","6","9","クリップクロップ","牝3","牝","3","52.0","▲和田陽","1:49.5","3/4","11.0","161.4","40.2","13-13-12-12","栗東高橋一","470(-6)","https://race.netkeiba.com/race/result.html?race_id=202501010706&rf=race_list"
"399","14","2025年8月16日","札幌","6R","3歳未勝利","ダ1700m (右)","12:45","晴","良","14","5","7","サヨノファントム","牡3","牡","3","56.0","☆松本","1:49.8","1.3/4","14.0","204.8","40.8","4-3-9-13","栗東羽月","526(+4)","https://race.netkeiba.com/race/result.html?race_id=202501010706&rf=race_list"
"400","1","2025年8月16日","札幌","7R","3歳以上1勝クラス","芝2600m (右A)","13:15","晴","良","1","2","2","ラーシャローム","牡3","牡","3","55.0","岩田康","2:42.4","","8.0","34.8","35.1","5-5-4-3","美浦奥村武","478(+4)","https://race.netkeiba.com/race/result.html?race_id=202501010707&rf=race_list"
"401","2","2025年8月16日","札幌","7R","3歳以上1勝クラス","芝2600m (右A)","13:15","晴","良","2","7","7","マテンロウゴールド","牡4","牡","4","58.0","横山武","2:42.4","クビ","2.0","3.2","35.5","1-1-1-1","栗東中内田","514(-2)","https://race.netkeiba.com/race/result.html?race_id=202501010707&rf=race_list"
"402","3","2025年8月16日","札幌","7R","3歳以上1勝クラス","芝2600m (右A)","13:15","晴","良","3","3","3","ローレルオーブ","牡3","牡","3","55.0","鮫島駿","2:42.7","2","3.0","3.5","35.4","7-7-4-6","栗東杉山佳","460(+4)","https://race.netkeiba.com/race/result.html?race_id=202501010707&rf=race_list"
"403","4","2025年8月16日","札幌","7R","3歳以上1勝クラス","芝2600m (右A)","13:15","晴","良","4","8","8","サリーチェ","牝3","牝","3","53.0","佐々木","2:42.7","ハナ","4.0","5.6","35.7","2-2-2-2","栗東池添","474(+6)","https://race.netkeiba.com/race/result.html?race_id=202501010707&rf=race_list"
"404","5","2025年8月16日","札幌","7R","3歳以上1勝クラス","芝2600m (右A)","13:15","晴","良","5","6","6","ベレーザフィン","牝3","牝","3","51.0","△鷲頭","2:42.9","1","9.0","71.2","35.1","9-9-8-8","栗東前川","428(-2)","https://race.netkeiba.com/race/result.html?race_id=202501010707&rf=race_list"
"405","6","2025年8月16日","札幌","7R","3歳以上1勝クラス","芝2600m (右A)","13:15","晴","良","6","1","1","デルマジュテーム","牝3","牝","3","53.0","古川吉","2:42.9","クビ","5.0","19.2","35.6","3-4-4-3","美浦的場","454(+8)","https://race.netkeiba.com/race/result.html?race_id=202501010707&rf=race_list"
"406","7","2025年8月16日","札幌","7R","3歳以上1勝クラス","芝2600m (右A)","13:15","晴","良","7","8","9","テイキットイージー","牡4","牡","4","58.0","丹内","2:43.1","1","6.0","25.5","35.9","3-2-3-3","美浦萱野","440(0)","https://race.netkeiba.com/race/result.html?race_id=202501010707&rf=race_list"
"407","8","2025年8月16日","札幌","7R","3歳以上1勝クラス","芝2600m (右A)","13:15","晴","良","8","5","5","ペリプルス","牡5","牡","5","55.0","▲舟山","2:43.3","1.1/4","7.0","32.2","35.7","7-7-7-7","美浦佐藤吉","446(+4)","https://race.netkeiba.com/race/result.html?race_id=202501010707&rf=race_list"
"408","9","2025年8月16日","札幌","7R","3歳以上1勝クラス","芝2600m (右A)","13:15","晴","良","9","4","4","メイショウアゴナス","牡3","牡","3","55.0","武豊","2:46.9","大","1.0","3.1","39.0","5-5-8-9","栗東本田","492(+24)","https://race.netkeiba.com/race/result.html?race_id=202501010707&rf=race_list"
"409","1","2025年8月16日","札幌","8R","3歳以上1勝クラス","ダ1700m (右)","13:45","晴","良","1","5","7","ゼロスネーク","牡3","牡","3","55.0","藤岡佑","1:45.8","","1.0","2.0","38.6","3-3-2-2","栗東四位","458(0)","https://race.netkeiba.com/race/result.html?race_id=202501010708&rf=race_list"
"410","2","2025年8月16日","札幌","8R","3歳以上1勝クラス","ダ1700m (右)","13:45","晴","良","2","6","9","マタミカンサン","牝3","牝","3","53.0","浜中","1:45.9","1/2","9.0","34.0","38.5","7-7-4-3","美浦加藤士","462(-10)","https://race.netkeiba.com/race/result.html?race_id=202501010708&rf=race_list"
"411","3","2025年8月16日","札幌","8R","3歳以上1勝クラス","ダ1700m (右)","13:45","晴","良","3","7","12","ジュンラトゥール","牡4","牡","4","55.0","▲舟山","1:46.2","2","8.0","23.4","39.0","5-5-2-1","栗東浜田","462(+2)","https://race.netkeiba.com/race/result.html?race_id=202501010708&rf=race_list"
"412","4","2025年8月16日","札幌","8R","3歳以上1勝クラス","ダ1700m (右)","13:45","晴","良","4","3","3","ブレイジングスター","牡3","牡","3","52.0","▲和田陽","1:46.3","クビ","4.0","8.6","38.6","8-8-7-8","栗東高橋康","466(-12)","https://race.netkeiba.com/race/result.html?race_id=202501010708&rf=race_list"
"413","5","2025年8月16日","札幌","8R","3歳以上1勝クラス","ダ1700m (右)","13:45","晴","良","5","8","14","ファイヤーウィップ","牡4","牡","4","57.0","☆松本","1:46.5","1.1/4","12.0","82.8","38.1","12-11-11-8","栗東吉田","518(+14)","https://race.netkeiba.com/race/result.html?race_id=202501010708&rf=race_list"
"414","6","2025年8月16日","札幌","8R","3歳以上1勝クラス","ダ1700m (右)","13:45","晴","良","6","5","8","トルズイーガー","牡5","牡","5","58.0","石川倭","1:46.5","クビ","10.0","37.2","38.7","9-9-7-5","美浦伊藤圭","512(+2)","https://race.netkeiba.com/race/result.html?race_id=202501010708&rf=race_list"
"415","7","2025年8月16日","札幌","8R","3歳以上1勝クラス","ダ1700m (右)","13:45","晴","良","7","2","2","ウォーターリーダー","牡5","牡","5","55.0","▲小林美","1:46.5","ハナ","5.0","12.6","37.7","11-11-13-11","栗東藤野","450(0)","https://race.netkeiba.com/race/result.html?race_id=202501010708&rf=race_list"
"416","8","2025年8月16日","札幌","8R","3歳以上1勝クラス","ダ1700m (右)","13:45","晴","良","8","8","13","レイワサンサン","セ4","セ","4","58.0","鮫島駿","1:46.7","1.1/4","3.0","6.8","38.6","10-10-10-7","栗東高柳大","502(+6)","https://race.netkeiba.com/race/result.html?race_id=202501010708&rf=race_list"
"417","9","2025年8月16日","札幌","8R","3歳以上1勝クラス","ダ1700m (右)","13:45","晴","良","9","1","1","カフェブーケット","牡3","牡","3","55.0","横山和","1:46.7","アタマ","2.0","6.1","38.3","12-13-11-8","美浦柄崎","480(0)","https://race.netkeiba.com/race/result.html?race_id=202501010708&rf=race_list"
"418","10","2025年8月16日","札幌","8R","3歳以上1勝クラス","ダ1700m (右)","13:45","晴","良","10","7","11","ロストボール","セ6","セ","6","55.0","▲古川奈","1:47.2","2.1/2","14.0","256.2","38.3","14-14-13-13","美浦加藤和","446(+2)","https://race.netkeiba.com/race/result.html?race_id=202501010708&rf=race_list"
"419","11","2025年8月16日","札幌","8R","3歳以上1勝クラス","ダ1700m (右)","13:45","晴","良","11","4","6","バイアビリティ","牡3","牡","3","55.0","丹内","1:47.9","4","11.0","53.5","40.5","5-5-4-5","栗東加藤公","512(+18)","https://race.netkeiba.com/race/result.html?race_id=202501010708&rf=race_list"
"420","12","2025年8月16日","札幌","8R","3歳以上1勝クラス","ダ1700m (右)","13:45","晴","良","12","4","5","メイショウハマギク","牝3","牝","3","50.0","▲橋木","1:48.6","4","7.0","21.1","40.8","2-2-7-13","栗東藤岡","500(+2)","https://race.netkeiba.com/race/result.html?race_id=202501010708&rf=race_list"
"421","13","2025年8月16日","札幌","8R","3歳以上1勝クラス","ダ1700m (右)","13:45","晴","良","13","6","10","ルグランシャリオ","牡3","牡","3","52.0","▲柴田裕","1:48.9","1.3/4","13.0","98.4","41.5","3-3-4-11","美浦石栗","520(+2)","https://race.netkeiba.com/race/result.html?race_id=202501010708&rf=race_list"
"422","14","2025年8月16日","札幌","8R","3歳以上1勝クラス","ダ1700m (右)","13:45","晴","良","中止","3","4","コスモシェルベット","牡3","牡","3","55.0","横山武","","","6.0","14.1","","1-1-1-3","美浦水野","442(-6)","https://race.netkeiba.com/race/result.html?race_id=202501010708&rf=race_list"
"423","1","2025年8月16日","札幌","9R","コスモス賞","芝1800m (右A)","14:15","晴","良","1","8","8","アスクエジンバラ","牡2","牡","2","55.0","キング","1:49.4","","1.0","1.6","35.4","2-2-2-1","栗東福永","458(+4)","https://race.netkeiba.com/race/result.html?race_id=202501010709&rf=race_list"
"424","2","2025年8月16日","札幌","9R","コスモス賞","芝1800m (右A)","14:15","晴","良","2","3","3","ミリオンクラウン","牡2","牡","2","55.0","横山武","1:49.8","2.1/2","3.0","10.9","35.6","2-3-3-2","地方田中淳","496(-4)","https://race.netkeiba.com/race/result.html?race_id=202501010709&rf=race_list"
"425","3","2025年8月16日","札幌","9R","コスモス賞","芝1800m (右A)","14:15","晴","良","3","4","4","ブラックハヤテ","牡2","牡","2","55.0","丹内","1:50.1","2","2.0","2.6","35.7","8-8-5-2","美浦蛯名利","434(-2)","https://race.netkeiba.com/race/result.html?race_id=202501010709&rf=race_list"
"426","4","2025年8月16日","札幌","9R","コスモス賞","芝1800m (右A)","14:15","晴","良","4","6","6","シンデレラガール","牝2","牝","2","55.0","斎藤","1:50.9","5","6.0","33.4","37.0","1-1-1-2","栗東西園翔","436(-2)","https://race.netkeiba.com/race/result.html?race_id=202501010709&rf=race_list"
"427","5","2025年8月16日","札幌","9R","コスモス賞","芝1800m (右A)","14:15","晴","良","5","5","5","ニューアライブ","牡2","牡","2","55.0","石川倭","1:50.9","クビ","5.0","23.2","36.8","2-3-3-2","地方斉藤正","450(-2)","https://race.netkeiba.com/race/result.html?race_id=202501010709&rf=race_list"
"428","6","2025年8月16日","札幌","9R","コスモス賞","芝1800m (右A)","14:15","晴","良","6","2","2","ロイヤルタイム","牡2","牡","2","55.0","黛","1:51.3","2.1/2","4.0","14.3","36.9","5-5-5-6","美浦和田郎","440(-2)","https://race.netkeiba.com/race/result.html?race_id=202501010709&rf=race_list"
"429","7","2025年8月16日","札幌","9R","コスモス賞","芝1800m (右A)","14:15","晴","良","7","1","1","リュウノプティ","牝2","牝","2","55.0","佐々木","1:51.6","2","8.0","137.2","36.9","7-7-8-6","美浦伊坂","406(-2)","https://race.netkeiba.com/race/result.html?race_id=202501010709&rf=race_list"
"430","8","2025年8月16日","札幌","9R","コスモス賞","芝1800m (右A)","14:15","晴","良","8","7","7","ハクアイストーリー","牡2","牡","2","55.0","桑村真","1:54.1","大","7.0","73.9","39.7","6-5-5-8","地方角川秀","432(-16)","https://race.netkeiba.com/race/result.html?race_id=202501010709&rf=race_list"
"431","1","2025年8月16日","札幌","10R","知床特別","芝1200m (右A)","14:50","晴","良","1","6","9","エスペシャリー","牝3","牝","3","54.0","横山和","1:08.6","","2.0","5.2","34.1","2-1","栗東四位","448(-2)","https://race.netkeiba.com/race/result.html?race_id=202501010710&rf=race_list"
"432","2","2025年8月16日","札幌","10R","知床特別","芝1200m (右A)","14:50","晴","良","2","8","13","スイミーユニバンス","牝5","牝","5","56.0","藤岡佑","1:08.6","クビ","8.0","18.1","33.0","10-8","栗東平田","436(-8)","https://race.netkeiba.com/race/result.html?race_id=202501010710&rf=race_list"
"433","3","2025年8月16日","札幌","10R","知床特別","芝1200m (右A)","14:50","晴","良","3","8","12","ルージュスエルテ","牝4","牝","4","56.0","池添","1:08.6","アタマ","4.0","6.3","33.3","7-6","美浦国枝","480(+6)","https://race.netkeiba.com/race/result.html?race_id=202501010710&rf=race_list"
"434","4","2025年8月16日","札幌","10R","知床特別","芝1200m (右A)","14:50","晴","良","4","6","8","マジカルフェアリー","牝3","牝","3","54.0","キング","1:08.7","1/2","1.0","3.8","33.9","3-3","栗東寺島","446(+2)","https://race.netkeiba.com/race/result.html?race_id=202501010710&rf=race_list"
"435","5","2025年8月16日","札幌","10R","知床特別","芝1200m (右A)","14:50","晴","良","5","5","7","エルサトアナ","牝3","牝","3","54.0","松本","1:08.8","1/2","6.0","7.7","34.3","1-2","栗東本田","434(+8)","https://race.netkeiba.com/race/result.html?race_id=202501010710&rf=race_list"
"436","6","2025年8月16日","札幌","10R","知床特別","芝1200m (右A)","14:50","晴","良","6","7","10","キョウエイボニータ","牝3","牝","3","54.0","松岡","1:08.9","3/4","7.0","14.4","33.9","4-4","美浦伊藤伸","454(-14)","https://race.netkeiba.com/race/result.html?race_id=202501010710&rf=race_list"
"437","7","2025年8月16日","札幌","10R","知床特別","芝1200m (右A)","14:50","晴","良","7","5","6","マルプリ","牝5","牝","5","56.0","原","1:09.0","1/2","9.0","24.2","34.0","4-6","美浦青木","468(-6)","https://race.netkeiba.com/race/result.html?race_id=202501010710&rf=race_list"
"438","8","2025年8月16日","札幌","10R","知床特別","芝1200m (右A)","14:50","晴","良","8","2","2","カワキタマナレア","牝3","牝","3","54.0","鮫島駿","1:09.0","アタマ","3.0","5.6","33.5","9-10","栗東杉山佳","414(-2)","https://race.netkeiba.com/race/result.html?race_id=202501010710&rf=race_list"
"439","9","2025年8月16日","札幌","10R","知床特別","芝1200m (右A)","14:50","晴","良","9","4","4","スムースベルベット","牝5","牝","5","56.0","黛","1:09.0","クビ","10.0","62.5","34.1","4-4","美浦南田","510(+2)","https://race.netkeiba.com/race/result.html?race_id=202501010710&rf=race_list"
"440","10","2025年8月16日","札幌","10R","知床特別","芝1200m (右A)","14:50","晴","良","10","7","11","グランツベリー","牝5","牝","5","56.0","古川吉","1:09.3","1.1/2","11.0","88.6","33.5","12-11","栗東田中克","466(+20)","https://race.netkeiba.com/race/result.html?race_id=202501010710&rf=race_list"
"441","11","2025年8月16日","札幌","10R","知床特別","芝1200m (右A)","14:50","晴","良","11","4","5","カリーシ","牝4","牝","4","56.0","横山武","1:09.3","クビ","5.0","7.6","34.1","7-8","美浦武井","442(-6)","https://race.netkeiba.com/race/result.html?race_id=202501010710&rf=race_list"
"442","12","2025年8月16日","札幌","10R","知床特別","芝1200m (右A)","14:50","晴","良","12","1","1","ルージュイストリア","牝5","牝","5","56.0","舟山","1:09.3","ハナ","12.0","92.8","33.7","10-11","美浦浅利","460(-4)","https://race.netkeiba.com/race/result.html?race_id=202501010710&rf=race_list"
"443","13","2025年8月16日","札幌","10R","知床特別","芝1200m (右A)","14:50","晴","良","13","3","3","アイオブザストーム","牝5","牝","5","56.0","柴田裕","1:09.6","1.1/2","13.0","229.3","33.6","13-13","栗東岡田","482(-2)","https://race.netkeiba.com/race/result.html?race_id=202501010710&rf=race_list"
"444","1","2025年8月16日","札幌","11R","大雪HC","ダ1700m (右)","15:25","晴","良","1","5","7","コトホドサヨウニ","牡4","牡","4","57.0","佐々木","1:44.3","","7.0","13.6","37.7","3-3-3-2","栗東奥村豊","508(-6)","https://race.netkeiba.com/race/result.html?race_id=202501010711&rf=race_list"
"445","2","2025年8月16日","札幌","11R","大雪HC","ダ1700m (右)","15:25","晴","良","2","5","8","ウェイトゥゴー","牝4","牝","4","53.0","横山典","1:44.6","2","8.0","15.9","36.9","13-13-13-11","栗東昆","474(+8)","https://race.netkeiba.com/race/result.html?race_id=202501010711&rf=race_list"
"446","3","2025年8月16日","札幌","11R","大雪HC","ダ1700m (右)","15:25","晴","良","3","8","13","キャピタルサックス","牡4","牡","4","55.0","武豊","1:44.7","3/4","5.0","11.3","37.8","11-11-8-4","栗東杉山晴","506(+4)","https://race.netkeiba.com/race/result.html?race_id=202501010711&rf=race_list"
"447","4","2025年8月16日","札幌","11R","大雪HC","ダ1700m (右)","15:25","晴","良","4","4","6","セクシーブーケ","牝4","牝","4","54.0","浜中","1:44.7","ハナ","3.0","6.8","37.6","10-10-10-9","栗東田中克","454(-6)","https://race.netkeiba.com/race/result.html?race_id=202501010711&rf=race_list"
"448","5","2025年8月16日","札幌","11R","大雪HC","ダ1700m (右)","15:25","晴","良","5","3","4","ハッスルダンク","牡5","牡","5","55.0","斎藤","1:44.8","3/4","12.0","42.3","36.8","13-14-14-12","美浦中川","454(+6)","https://race.netkeiba.com/race/result.html?race_id=202501010711&rf=race_list"
"449","6","2025年8月16日","札幌","11R","大雪HC","ダ1700m (右)","15:25","晴","良","6","6","9","クロースコンバット","牡6","牡","6","57.0","原","1:45.0","1","6.0","11.8","38.4","4-4-3-3","美浦青木","486(0)","https://race.netkeiba.com/race/result.html?race_id=202501010711&rf=race_list"
"450","7","2025年8月16日","札幌","11R","大雪HC","ダ1700m (右)","15:25","晴","良","7","2","2","ラフエイジアン","セ5","セ","5","55.0","岩田康","1:45.1","クビ","4.0","8.3","38.4","4-4-5-4","美浦中舘","474(+16)","https://race.netkeiba.com/race/result.html?race_id=202501010711&rf=race_list"
"451","8","2025年8月16日","札幌","11R","大雪HC","ダ1700m (右)","15:25","晴","良","8","1","1","スズノテレサ","牝6","牝","6","51.0","川又","1:45.2","3/4","14.0","112.1","38.4","6-6-5-7","美浦深山","448(-4)","https://race.netkeiba.com/race/result.html?race_id=202501010711&rf=race_list"
"452","9","2025年8月16日","札幌","11R","大雪HC","ダ1700m (右)","15:25","晴","良","9","8","14","タマモプルメリア","牝4","牝","4","52.0","古川吉","1:45.2","ハナ","11.0","33.9","38.1","12-12-10-7","栗東大橋","472(+22)","https://race.netkeiba.com/race/result.html?race_id=202501010711&rf=race_list"
"453","10","2025年8月16日","札幌","11R","大雪HC","ダ1700m (右)","15:25","晴","良","10","7","12","ホウオウスーペリア","牡5","牡","5","56.0","キング","1:45.4","1.1/4","2.0","5.8","38.7","6-6-5-4","栗東吉岡","484(0)","https://race.netkeiba.com/race/result.html?race_id=202501010711&rf=race_list"
"454","11","2025年8月16日","札幌","11R","大雪HC","ダ1700m (右)","15:25","晴","良","11","4","5","スマートケープ","牝5","牝","5","54.0","横山武","1:46.2","5","1.0","3.1","40.2","2-2-1-1","栗東辻野","518(+6)","https://race.netkeiba.com/race/result.html?race_id=202501010711&rf=race_list"
"455","12","2025年8月16日","札幌","11R","大雪HC","ダ1700m (右)","15:25","晴","良","12","6","10","リフレクトザムーン","牝4","牝","4","51.0","小林美","1:46.3","1/2","13.0","60.2","39.2","6-8-10-12","美浦尾形","468(+12)","https://race.netkeiba.com/race/result.html?race_id=202501010711&rf=race_list"
"456","13","2025年8月16日","札幌","11R","大雪HC","ダ1700m (右)","15:25","晴","良","13","7","11","レッドラパルマ","セ6","セ","6","56.0","横山和","1:46.5","1","9.0","17.0","39.6","9-9-8-9","美浦加藤征","492(-4)","https://race.netkeiba.com/race/result.html?race_id=202501010711&rf=race_list"
"457","14","2025年8月16日","札幌","11R","大雪HC","ダ1700m (右)","15:25","晴","良","14","3","3","オウギノカナメ","牡5","牡","5","55.0","石川倭","1:49.0","大","10.0","21.3","42.9","1-1-2-12","美浦高木","486(-2)","https://race.netkeiba.com/race/result.html?race_id=202501010711&rf=race_list"
"458","1","2025年8月16日","札幌","12R","石狩特別","芝1800m (右A)","16:01","晴","良","1","7","10","ショウナンバルドル","セ3","セ","3","55.0","池添","1:48.8","","3.0","4.6","35.0","10-9-7-7","栗東須貝","496(-2)","https://race.netkeiba.com/race/result.html?race_id=202501010712&rf=race_list"
"459","2","2025年8月16日","札幌","12R","石狩特別","芝1800m (右A)","16:01","晴","良","2","2","2","ツーエムクロノス","牡3","牡","3","55.0","松本","1:48.9","3/4","4.0","8.8","35.7","1-1-1-1","栗東本田","504(-2)","https://race.netkeiba.com/race/result.html?race_id=202501010712&rf=race_list"
"460","3","2025年8月16日","札幌","12R","石狩特別","芝1800m (右A)","16:01","晴","良","3","1","1","ルージュカエラ","牝4","牝","4","56.0","岩田康","1:49.2","1.3/4","6.0","13.4","35.6","4-4-4-4","美浦加藤征","436(-4)","https://race.netkeiba.com/race/result.html?race_id=202501010712&rf=race_list"
"461","4","2025年8月16日","札幌","12R","石狩特別","芝1800m (右A)","16:01","晴","良","4","4","4","クモヒトツナイ","牡3","牡","3","55.0","松岡","1:49.2","ハナ","1.0","2.6","35.6","4-4-4-4","美浦堀内","468(-2)","https://race.netkeiba.com/race/result.html?race_id=202501010712&rf=race_list"
"462","5","2025年8月16日","札幌","12R","石狩特別","芝1800m (右A)","16:01","晴","良","5","8","12","コア","牡3","牡","3","55.0","キング","1:49.2","ハナ","2.0","3.8","35.4","8-8-7-4","美浦相沢","484(-4)","https://race.netkeiba.com/race/result.html?race_id=202501010712&rf=race_list"
"463","6","2025年8月16日","札幌","12R","石狩特別","芝1800m (右A)","16:01","晴","良","6","6","8","マーゴットコマチ","牝3","牝","3","53.0","原","1:49.6","2","9.0","69.5","35.8","7-7-7-9","美浦伊坂","418(-4)","https://race.netkeiba.com/race/result.html?race_id=202501010712&rf=race_list"
"464","7","2025年8月16日","札幌","12R","石狩特別","芝1800m (右A)","16:01","晴","良","7","5","5","ジャヴェール","牡3","牡","3","55.0","石川倭","1:49.7","3/4","11.0","234.9","34.8","9-9-12-11","美浦松山","460(-4)","https://race.netkeiba.com/race/result.html?race_id=202501010712&rf=race_list"
"465","8","2025年8月16日","札幌","12R","石狩特別","芝1800m (右A)","16:01","晴","良","8","8","11","トーマステソーロ","牡4","牡","4","58.0","横山典","1:49.7","アタマ","8.0","41.0","36.1","4-4-4-7","栗東昆","468(+12)","https://race.netkeiba.com/race/result.html?race_id=202501010712&rf=race_list"
"466","9","2025年8月16日","札幌","12R","石狩特別","芝1800m (右A)","16:01","晴","良","9","3","3","フィナルフェリス","牝3","牝","3","53.0","鷲頭","1:49.9","1.1/4","12.0","249.0","35.7","12-11-10-10","美浦武市","430(0)","https://race.netkeiba.com/race/result.html?race_id=202501010712&rf=race_list"
"467","10","2025年8月16日","札幌","12R","石狩特別","芝1800m (右A)","16:01","晴","良","10","5","6","デリシュー","牡4","牡","4","58.0","丹内","1:49.9","クビ","7.0","14.4","36.5","2-2-2-2","美浦新開","476(+5)","https://race.netkeiba.com/race/result.html?race_id=202501010712&rf=race_list"
"468","11","2025年8月16日","札幌","12R","石狩特別","芝1800m (右A)","16:01","晴","良","11","6","7","ハイタイド","牡3","牡","3","55.0","佐々木","1:50.2","1.3/4","5.0","11.4","36.7","3-3-3-2","美浦牧","460(0)","https://race.netkeiba.com/race/result.html?race_id=202501010712&rf=race_list"
"469","12","2025年8月16日","札幌","12R","石狩特別","芝1800m (右A)","16:01","晴","良","12","7","9","ジーティートゥルー","牡3","牡","3","55.0","黛","1:51.6","8","10.0","121.7","37.2","10-11-11-11","美浦田島","450(+6)","https://race.netkeiba.com/race/result.html?race_id=202501010712&rf=race_list"
"470","1","2025年8月17日","新潟","1R","3歳以上障害未勝利","障2850m (芝 外-内)","09:45","晴","良","1","2","2","アルデドゥオーモ","牡4","牡","4","60.0","伴","3:07.9","","3.0","7.0","13.2","9-9-5-4","美浦矢野","492(0)","https://race.netkeiba.com/race/result.html?race_id=202504020801&rf=race_list"
"471","2","2025年8月17日","新潟","1R","3歳以上障害未勝利","障2850m (芝 外-内)","09:45","晴","良","2","5","6","ネロコルヴィーノ","牡4","牡","4","60.0","小坂","3:08.0","クビ","1.0","2.1","13.2","2-2-2-1","栗東辻野","512(-6)","https://race.netkeiba.com/race/result.html?race_id=202504020801&rf=race_list"
"472","3","2025年8月17日","新潟","1R","3歳以上障害未勝利","障2850m (芝 外-内)","09:45","晴","良","3","5","7","ソルアマゾン","牡4","牡","4","60.0","難波","3:08.0","クビ","11.0","181.8","13.2","5-5-3-3","栗東小栗","460(-4)","https://race.netkeiba.com/race/result.html?race_id=202504020801&rf=race_list"
"473","4","2025年8月17日","新潟","1R","3歳以上障害未勝利","障2850m (芝 外-内)","09:45","晴","良","4","4","4","スマラグドス","牡5","牡","5","60.0","森一","3:08.7","4","2.0","4.5","13.2","7-7-7-7","栗東西園正","486(+2)","https://race.netkeiba.com/race/result.html?race_id=202504020801&rf=race_list"
"474","5","2025年8月17日","新潟","1R","3歳以上障害未勝利","障2850m (芝 外-内)","09:45","晴","良","5","8","13","ウェイトゥザドーン","セ4","セ","4","57.0","▲土田","3:08.9","1.1/2","9.0","36.9","13.3","10-10-9-8","美浦戸田","460(-4)","https://race.netkeiba.com/race/result.html?race_id=202504020801&rf=race_list"
"475","6","2025年8月17日","新潟","1R","3歳以上障害未勝利","障2850m (芝 外-内)","09:45","晴","良","6","1","1","ローンウルフ","牡4","牡","4","60.0","大江圭","3:09.2","1.3/4","6.0","13.1","13.3","2-2-1-2","美浦武市","476(-2)","https://race.netkeiba.com/race/result.html?race_id=202504020801&rf=race_list"
"476","7","2025年8月17日","新潟","1R","3歳以上障害未勝利","障2850m (芝 外-内)","09:45","晴","良","7","7","11","ロードヴァレンチ","セ6","セ","6","60.0","石神深","3:09.3","3/4","4.0","7.8","13.3","4-4-4-4","美浦中舘","494(+2)","https://race.netkeiba.com/race/result.html?race_id=202504020801&rf=race_list"
"477","8","2025年8月17日","新潟","1R","3歳以上障害未勝利","障2850m (芝 外-内)","09:45","晴","良","8","3","3","ポッドエルマー","牡3","牡","3","56.0","▲水沼","3:09.9","3.1/2","10.0","177.1","13.3","7-7-6-6","美浦加藤和","524(+10)","https://race.netkeiba.com/race/result.html?race_id=202504020801&rf=race_list"
"478","9","2025年8月17日","新潟","1R","3歳以上障害未勝利","障2850m (芝 外-内)","09:45","晴","良","9","8","12","アースブレイブ","セ8","セ","8","60.0","江田勇","3:11.7","大","5.0","11.3","13.5","6-6-8-9","美浦粕谷","486(+4)","https://race.netkeiba.com/race/result.html?race_id=202504020801&rf=race_list"
"479","10","2025年8月17日","新潟","1R","3歳以上障害未勝利","障2850m (芝 外-内)","09:45","晴","良","10","7","10","コパノニコルソン","牡6","牡","6","60.0","小牧加","3:12.1","2.1/2","7.0","23.0","13.5","13-12-11-11","栗東宮","528(+6)","https://race.netkeiba.com/race/result.html?race_id=202504020801&rf=race_list"
"480","11","2025年8月17日","新潟","1R","3歳以上障害未勝利","障2850m (芝 外-内)","09:45","晴","良","11","4","5","リゼレインボー","牡6","牡","6","60.0","小野寺","3:14.2","大","12.0","195.8","13.6","11-11-10-10","美浦松山","488(-4)","https://race.netkeiba.com/race/result.html?race_id=202504020801&rf=race_list"
"481","12","2025年8月17日","新潟","1R","3歳以上障害未勝利","障2850m (芝 外-内)","09:45","晴","良","12","6","9","スラーヴァ","牡4","牡","4","57.0","▲坂口","3:15.1","5","13.0","297.7","13.7","12-12-12-12","美浦高橋文","480(-8)","https://race.netkeiba.com/race/result.html?race_id=202504020801&rf=race_list"
"482","13","2025年8月17日","新潟","1R","3歳以上障害未勝利","障2850m (芝 外-内)","09:45","晴","良","中止","6","8","ダークンストーミー","牡5","牡","5","60.0","上野","","","8.0","35.4","","1-1","美浦小笠","444(-2)","https://race.netkeiba.com/race/result.html?race_id=202504020801&rf=race_list"
"483","1","2025年8月17日","新潟","2R","3歳未勝利","ダ1800m (左)","10:20","晴","良","1","6","10","アバレリュウ","牡3","牡","3","57.0","野中","1:54.4","","1.0","3.2","39.1","10-10-5-4","美浦鈴木慎","490(0)","https://race.netkeiba.com/race/result.html?race_id=202504020802&rf=race_list"
"484","2","2025年8月17日","新潟","2R","3歳未勝利","ダ1800m (左)","10:20","晴","良","2","7","13","クラウンアールシー","牡3","牡","3","54.0","▲上里","1:54.7","2","4.0","8.6","40.4","5-4-1-1","美浦加藤士","458(+6)","https://race.netkeiba.com/race/result.html?race_id=202504020802&rf=race_list"
"485","3","2025年8月17日","新潟","2R","3歳未勝利","ダ1800m (左)","10:20","晴","良","3","8","14","トーアケルキラ","セ3","セ","3","54.0","▲石田","1:55.6","5","11.0","135.7","39.7","7-8-8-7","美浦辻","482(-8)","https://race.netkeiba.com/race/result.html?race_id=202504020802&rf=race_list"
"486","4","2025年8月17日","新潟","2R","3歳未勝利","ダ1800m (左)","10:20","晴","良","4","5","8","ヨドノタイヨウ","牡3","牡","3","57.0","小林凌","1:55.8","1.1/4","2.0","3.8","40.4","7-5-5-4","美浦小西","498(-4)","https://race.netkeiba.com/race/result.html?race_id=202504020802&rf=race_list"
"487","5","2025年8月17日","新潟","2R","3歳未勝利","ダ1800m (左)","10:20","晴","良","5","8","15","ホウオウスターツ","牡3","牡","3","57.0","丸田","1:56.0","1.1/4","12.0","247.7","40.3","14-11-7-7","美浦池上","464(+2)","https://race.netkeiba.com/race/result.html?race_id=202504020802&rf=race_list"
"488","6","2025年8月17日","新潟","2R","3歳未勝利","ダ1800m (左)","10:20","晴","良","6","7","12","ミンナデガンバル","牡3","牡","3","55.0","◇今村","1:56.3","2","6.0","13.9","39.7","15-15-12-10","美浦西田","482(0)","https://race.netkeiba.com/race/result.html?race_id=202504020802&rf=race_list"
"489","7","2025年8月17日","新潟","2R","3歳未勝利","ダ1800m (左)","10:20","晴","良","7","3","4","メイショウヒンカク","セ3","セ","3","57.0","江田照","1:56.4","クビ","5.0","9.2","41.5","2-2-2-2","美浦蛯名正","474(-2)","https://race.netkeiba.com/race/result.html?race_id=202504020802&rf=race_list"
"490","8","2025年8月17日","新潟","2R","3歳未勝利","ダ1800m (左)","10:20","晴","良","8","2","2","テルケンレンスター","牡3","牡","3","57.0","大野","1:56.9","3","8.0","18.6","40.8","11-11-9-9","美浦高柳瑞","476(+2)","https://race.netkeiba.com/race/result.html?race_id=202504020802&rf=race_list"
"491","9","2025年8月17日","新潟","2R","3歳未勝利","ダ1800m (左)","10:20","晴","良","9","4","6","ノイシュタット","牡3","牡","3","57.0","石橋脩","1:57.7","5","7.0","17.8","42.8","2-2-2-2","美浦牧","480(0)","https://race.netkeiba.com/race/result.html?race_id=202504020802&rf=race_list"
"492","10","2025年8月17日","新潟","2R","3歳未勝利","ダ1800m (左)","10:20","晴","良","10","4","7","ミヤファイター","牝3","牝","3","52.0","▲佐藤","1:59.7","大","14.0","412.6","43.2","9-9-10-11","美浦小手川","484(+3)","https://race.netkeiba.com/race/result.html?race_id=202504020802&rf=race_list"
"493","11","2025年8月17日","新潟","2R","3歳未勝利","ダ1800m (左)","10:20","晴","良","11","2","3","ミヤビバエル","牡3","牡","3","57.0","長岡","1:59.8","クビ","15.0","473.0","42.7","11-13-14-14","美浦高橋文","462(-2)","https://race.netkeiba.com/race/result.html?race_id=202504020802&rf=race_list"
"494","12","2025年8月17日","新潟","2R","3歳未勝利","ダ1800m (左)","10:20","晴","良","12","5","9","シャトーペリオット","牡3","牡","3","54.0","▲水沼","2:00.6","5","13.0","391.0","43.8","6-5-13-13","美浦根本","534(+18)","https://race.netkeiba.com/race/result.html?race_id=202504020802&rf=race_list"
"495","13","2025年8月17日","新潟","2R","3歳未勝利","ダ1800m (左)","10:20","晴","良","13","1","1","パワーオブドリーム","セ3","セ","3","57.0","石川","2:01.1","3","3.0","4.7","46.2","1-1-2-4","美浦上原佑","454(+6)","https://race.netkeiba.com/race/result.html?race_id=202504020802&rf=race_list"
"496","14","2025年8月17日","新潟","2R","3歳未勝利","ダ1800m (左)","10:20","晴","良","14","6","11","ナイトダンサー","牡3","牡","3","57.0","内田博","2:02.4","8","10.0","85.6","45.9","2-5-10-12","美浦佐藤吉","442(0)","https://race.netkeiba.com/race/result.html?race_id=202504020802&rf=race_list"
"497","15","2025年8月17日","新潟","2R","3歳未勝利","ダ1800m (左)","10:20","晴","良","15","3","5","リアライズオネスト","牡3","牡","3","57.0","横山琉","2:03.1","4","9.0","28.1","44.8","11-14-15-15","美浦池上","514(+10)","https://race.netkeiba.com/race/result.html?race_id=202504020802&rf=race_list"
"498","1","2025年8月17日","新潟","3R","2歳未勝利","芝1600m (左 外A)","10:50","晴","良","1","2","2","アルバンヌ","牝2","牝","2","55.0","戸崎圭","1:35.8","","1.0","1.2","34.4","5-4","美浦田中博","480(+10)","https://race.netkeiba.com/race/result.html?race_id=202504020803&rf=race_list"
"499","2","2025年8月17日","新潟","3R","2歳未勝利","芝1600m (左 外A)","10:50","晴","良","2","6","7","ニシノマーレ","牝2","牝","2","55.0","津村","1:36.1","1.1/2","2.0","6.7","34.9","3-3","美浦伊藤大","404(-4)","https://race.netkeiba.com/race/result.html?race_id=202504020803&rf=race_list"
"500","3","2025年8月17日","新潟","3R","2歳未勝利","芝1600m (左 外A)","10:50","晴","良","3","4","4","ガミーヌ","牝2","牝","2","55.0","武藤","1:36.2","1/2","6.0","25.7","34.6","7-7","美浦水野","446(+4)","https://race.netkeiba.com/race/result.html?race_id=202504020803&rf=race_list"
"501","4","2025年8月17日","新潟","3R","2歳未勝利","芝1600m (左 外A)","10:50","晴","良","4","3","3","シルバーゴールド","牝2","牝","2","55.0","吉田豊","1:36.4","1.1/4","4.0","16.1","34.6","9-9","美浦戸田","428(-4)","https://race.netkeiba.com/race/result.html?race_id=202504020803&rf=race_list"
"502","5","2025年8月17日","新潟","3R","2歳未勝利","芝1600m (左 外A)","10:50","晴","良","5","5","5","ハートニヒヲツケテ","牝2","牝","2","55.0","小林脩","1:36.4","クビ","5.0","21.8","34.8","7-7","美浦鈴木慎","394(+2)","https://race.netkeiba.com/race/result.html?race_id=202504020803&rf=race_list"
"503","6","2025年8月17日","新潟","3R","2歳未勝利","芝1600m (左 外A)","10:50","晴","良","6","6","6","トレニアムーン","牝2","牝","2","55.0","杉原","1:36.8","2","9.0","159.1","34.5","10-10","美浦清水英","468(+8)","https://race.netkeiba.com/race/result.html?race_id=202504020803&rf=race_list"
"504","7","2025年8月17日","新潟","3R","2歳未勝利","芝1600m (左 外A)","10:50","晴","良","7","7","9","シンデレラリバティ","牝2","牝","2","55.0","岩部","1:37.3","3","10.0","233.9","35.8","5-4","美浦蛯名利","414(+4)","https://race.netkeiba.com/race/result.html?race_id=202504020803&rf=race_list"
"505","8","2025年8月17日","新潟","3R","2歳未勝利","芝1600m (左 外A)","10:50","晴","良","8","8","10","ジュリ","牝2","牝","2","52.0","▲石田","1:37.4","3/4","7.0","42.2","36.3","2-2","美浦萱野","418(+2)","https://race.netkeiba.com/race/result.html?race_id=202504020803&rf=race_list"
"506","9","2025年8月17日","新潟","3R","2歳未勝利","芝1600m (左 外A)","10:50","晴","良","9","8","11","リオンアンサー","牝2","牝","2","55.0","丸田","1:37.4","ハナ","11.0","239.0","35.6","11-10","美浦佐藤吉","422(-8)","https://race.netkeiba.com/race/result.html?race_id=202504020803&rf=race_list"
"507","10","2025年8月17日","新潟","3R","2歳未勝利","芝1600m (左 外A)","10:50","晴","良","10","7","8","クイーンオブハート","牝2","牝","2","53.0","◇今村","1:37.5","1/2","8.0","123.8","36.5","1-1","美浦根本","384(-4)","https://race.netkeiba.com/race/result.html?race_id=202504020803&rf=race_list"
"508","11","2025年8月17日","新潟","3R","2歳未勝利","芝1600m (左 外A)","10:50","晴","良","11","1","1","ヒメヒオウギ","牝2","牝","2","55.0","三浦","1:38.0","3","3.0","7.5","36.7","4-4","栗東中竹","396(0)","https://race.netkeiba.com/race/result.html?race_id=202504020803&rf=race_list"
"509","1","2025年8月17日","新潟","4R","2歳新馬","芝1800m (左 外A)","11:20","晴","良","1","7","8","スウィフトミモザ","牝2","牝","2","55.0","津村","1:49.5","","5.0","8.0","33.4","6-5","美浦辻","440(0)","https://race.netkeiba.com/race/result.html?race_id=202504020804&rf=race_list"
"510","2","2025年8月17日","新潟","4R","2歳新馬","芝1800m (左 外A)","11:20","晴","良","2","5","5","ラフターラインズ","牝2","牝","2","55.0","戸崎圭","1:49.5","クビ","2.0","3.1","33.2","6-8","美浦小笠","460(0)","https://race.netkeiba.com/race/result.html?race_id=202504020804&rf=race_list"
"511","3","2025年8月17日","新潟","4R","2歳新馬","芝1800m (左 外A)","11:20","晴","良","3","8","10","ワインダークシー","牡2","牡","2","55.0","田辺","1:49.8","2","4.0","7.7","34.0","2-2","美浦中舘","424(0)","https://race.netkeiba.com/race/result.html?race_id=202504020804&rf=race_list"
"512","4","2025年8月17日","新潟","4R","2歳新馬","芝1800m (左 外A)","11:20","晴","良","4","3","3","レイキャネス","牡2","牡","2","55.0","荻野極","1:49.9","1/2","1.0","3.0","33.9","3-3","美浦鹿戸","506(0)","https://race.netkeiba.com/race/result.html?race_id=202504020804&rf=race_list"
"513","5","2025年8月17日","新潟","4R","2歳新馬","芝1800m (左 外A)","11:20","晴","良","5","4","4","アイドクレース","牝2","牝","2","55.0","野中","1:50.7","5","8.0","48.7","34.9","1-1","美浦金成","430(0)","https://race.netkeiba.com/race/result.html?race_id=202504020804&rf=race_list"
"514","6","2025年8月17日","新潟","4R","2歳新馬","芝1800m (左 外A)","11:20","晴","良","6","1","1","ルージュアリスタ","牝2","牝","2","55.0","丸山","1:50.8","1/2","6.0","9.1","34.6","6-5","美浦宮田","498(0)","https://race.netkeiba.com/race/result.html?race_id=202504020804&rf=race_list"
"515","7","2025年8月17日","新潟","4R","2歳新馬","芝1800m (左 外A)","11:20","晴","良","7","6","6","セントゴーデンス","牡2","牡","2","55.0","三浦","1:51.5","4","3.0","7.1","35.6","3-3","美浦黒岩","506(0)","https://race.netkeiba.com/race/result.html?race_id=202504020804&rf=race_list"
"516","8","2025年8月17日","新潟","4R","2歳新馬","芝1800m (左 外A)","11:20","晴","良","8","7","9","ブルージェネシス","牡2","牡","2","55.0","柴田大","1:51.7","1","10.0","107.6","35.3","9-9","美浦菊川","448(0)","https://race.netkeiba.com/race/result.html?race_id=202504020804&rf=race_list"
"517","9","2025年8月17日","新潟","4R","2歳新馬","芝1800m (左 外A)","11:20","晴","良","9","6","7","タイドグラフ","牡2","牡","2","55.0","大野","1:52.0","2","7.0","16.6","35.9","5-5","美浦上原博","474(0)","https://race.netkeiba.com/race/result.html?race_id=202504020804&rf=race_list"
"518","10","2025年8月17日","新潟","4R","2歳新馬","芝1800m (左 外A)","11:20","晴","良","10","8","11","ハロングロットル","牡2","牡","2","52.0","▲遠藤","1:52.0","クビ","9.0","107.6","35.1","11-11","美浦伊藤伸","434(0)","https://race.netkeiba.com/race/result.html?race_id=202504020804&rf=race_list"
"519","11","2025年8月17日","新潟","4R","2歳新馬","芝1800m (左 外A)","11:20","晴","良","11","2","2","スターゲイザー","牡2","牡","2","52.0","▲石田","1:53.4","8","11.0","184.4","36.7","10-10","美浦根本","532(0)","https://race.netkeiba.com/race/result.html?race_id=202504020804&rf=race_list"
"520","1","2025年8月17日","新潟","5R","3歳未勝利","ダ1200m (左)","11:50","晴","良","1","4","7","ハニーローリエ","牝3","牝","3","55.0","田辺","1:11.7","","1.0","2.1","37.1","1-1","美浦小手川","480(-4)","https://race.netkeiba.com/race/result.html?race_id=202504020805&rf=race_list"
"521","2","2025年8月17日","新潟","5R","3歳未勝利","ダ1200m (左)","11:50","晴","良","2","1","1","ヨタロー","牡3","牡","3","57.0","西村太","1:11.7","クビ","10.0","93.3","36.2","6-6","美浦堀内","438(+4)","https://race.netkeiba.com/race/result.html?race_id=202504020805&rf=race_list"
"522","3","2025年8月17日","新潟","5R","3歳未勝利","ダ1200m (左)","11:50","晴","良","3","7","13","ガンバレベアー","牝3","牝","3","55.0","三浦","1:11.9","1.1/4","2.0","3.0","36.7","5-4","美浦千葉","480(+2)","https://race.netkeiba.com/race/result.html?race_id=202504020805&rf=race_list"
"523","4","2025年8月17日","新潟","5R","3歳未勝利","ダ1200m (左)","11:50","晴","良","4","2","3","アイファーシャドー","牡3","牡","3","57.0","野中","1:12.3","2.1/2","7.0","36.8","36.4","9-8","美浦根本","456(+4)","https://race.netkeiba.com/race/result.html?race_id=202504020805&rf=race_list"
"524","5","2025年8月17日","新潟","5R","3歳未勝利","ダ1200m (左)","11:50","晴","良","5","5","8","エレレラナキラ","牡3","牡","3","57.0","石橋脩","1:12.3","クビ","5.0","17.3","37.5","2-2","美浦牧","452(0)","https://race.netkeiba.com/race/result.html?race_id=202504020805&rf=race_list"
"525","6","2025年8月17日","新潟","5R","3歳未勝利","ダ1200m (左)","11:50","晴","良","6","5","9","ルジュウェール","牡3","牡","3","57.0","原","1:12.5","1","12.0","124.1","36.9","6-6","美浦小手川","500(0)","https://race.netkeiba.com/race/result.html?race_id=202504020805&rf=race_list"
"526","7","2025年8月17日","新潟","5R","3歳未勝利","ダ1200m (左)","11:50","晴","良","7","7","12","ダイタエリュシオン","牡3","牡","3","54.0","▲石神道","1:12.5","クビ","4.0","12.1","36.8","8-8","美浦土田","466(0)","https://race.netkeiba.com/race/result.html?race_id=202504020805&rf=race_list"
"527","8","2025年8月17日","新潟","5R","3歳未勝利","ダ1200m (左)","11:50","晴","良","8","8","14","リラキトス","牡3","牡","3","57.0","菊沢","1:13.4","5","9.0","51.5","38.5","3-3","美浦高木","492(+16)","https://race.netkeiba.com/race/result.html?race_id=202504020805&rf=race_list"
"528","9","2025年8月17日","新潟","5R","3歳未勝利","ダ1200m (左)","11:50","晴","良","9","8","15","フラワーデュエット","牝3","牝","3","52.0","▲石田","1:13.8","2.1/2","8.0","47.5","37.6","10-10","美浦高橋文","570(+10)","https://race.netkeiba.com/race/result.html?race_id=202504020805&rf=race_list"
"529","10","2025年8月17日","新潟","5R","3歳未勝利","ダ1200m (左)","11:50","晴","良","10","3","4","コオリナラグーン","牝3","牝","3","53.0","◇今村","1:13.9","1/2","3.0","6.1","38.9","3-4","美浦古賀","430(+2)","https://race.netkeiba.com/race/result.html?race_id=202504020805&rf=race_list"
"530","11","2025年8月17日","新潟","5R","3歳未勝利","ダ1200m (左)","11:50","晴","良","11","6","11","ペイシャヴァルスリ","牝3","牝","3","55.0","江田照","1:14.0","クビ","14.0","482.8","37.7","10-10","美浦菊川","420(0)","https://race.netkeiba.com/race/result.html?race_id=202504020805&rf=race_list"
"531","12","2025年8月17日","新潟","5R","3歳未勝利","ダ1200m (左)","11:50","晴","良","12","4","6","サマーツアー","牡3","牡","3","57.0","横山琉","1:14.4","2.1/2","6.0","23.5","37.8","12-12","美浦矢嶋","476(0)","https://race.netkeiba.com/race/result.html?race_id=202504020805&rf=race_list"
"532","13","2025年8月17日","新潟","5R","3歳未勝利","ダ1200m (左)","11:50","晴","良","13","6","10","ヴィオラソナタ","牝3","牝","3","55.0","大野","1:15.8","8","11.0","110.5","38.6","13-13","美浦栗田","504(0)","https://race.netkeiba.com/race/result.html?race_id=202504020805&rf=race_list"
"533","14","2025年8月17日","新潟","5R","3歳未勝利","ダ1200m (左)","11:50","晴","良","14","2","2","ケイツーシェケル","セ3","セ","3","57.0","小林脩","1:16.1","2","15.0","685.0","38.5","14-14","美浦蛯名利","432(-24)","https://race.netkeiba.com/race/result.html?race_id=202504020805&rf=race_list"
"534","15","2025年8月17日","新潟","5R","3歳未勝利","ダ1200m (左)","11:50","晴","良","15","3","5","マイネルエヴレン","牡3","牡","3","57.0","菅原隆","1:18.7","大","13.0","357.7","40.1","15-15","美浦天間","488(0)","https://race.netkeiba.com/race/result.html?race_id=202504020805&rf=race_list"
"535","1","2025年8月17日","新潟","6R","稲妻S","芝1000m (直線A)","15:01","晴","良","1","7","9","エコロレジーナ","牝5","牝","5","56.0","菊沢","0:55.3","","1.0","2.2","32.9","4","美浦菊沢","500(0)","https://race.netkeiba.com/race/result.html?race_id=202504020806&rf=race_list"
"536","2","2025年8月17日","新潟","6R","稲妻S","芝1000m (直線A)","15:01","晴","良","2","6","6","スコーピオン","牡4","牡","4","58.0","武藤","0:55.6","2","3.0","7.9","33.3","2","美浦武藤","480(+2)","https://race.netkeiba.com/race/result.html?race_id=202504020806&rf=race_list"
"537","3","2025年8月17日","新潟","6R","稲妻S","芝1000m (直線A)","15:01","晴","良","3","8","11","コナブラック","牡6","牡","6","58.0","内田博","0:55.8","1.1/4","5.0","12.8","33.1","8","栗東清水久","528(+6)","https://race.netkeiba.com/race/result.html?race_id=202504020806&rf=race_list"
"538","4","2025年8月17日","新潟","6R","稲妻S","芝1000m (直線A)","15:01","晴","良","4","8","10","タツダイヤモンド","牡5","牡","5","58.0","江田照","0:55.8","アタマ","11.0","47.4","33.2","6","美浦的場","470(-6)","https://race.netkeiba.com/race/result.html?race_id=202504020806&rf=race_list"
"539","5","2025年8月17日","新潟","6R","稲妻S","芝1000m (直線A)","15:01","晴","良","5","1","1","ニシノコニャック","牡6","牡","6","58.0","田辺","0:56.0","1.1/4","7.0","18.0","33.0","10","美浦伊藤大","452(+2)","https://race.netkeiba.com/race/result.html?race_id=202504020806&rf=race_list"
"540","6","2025年8月17日","新潟","6R","稲妻S","芝1000m (直線A)","15:01","晴","良","6","6","7","カンパニョーラ","牝6","牝","6","56.0","吉田豊","0:56.2","1.1/4","8.0","20.6","32.4","11","美浦伊坂","470(+8)","https://race.netkeiba.com/race/result.html?race_id=202504020806&rf=race_list"
"541","7","2025年8月17日","新潟","6R","稲妻S","芝1000m (直線A)","15:01","晴","良","7","5","5","ハンベルジャイト","牝5","牝","5","56.0","石川","0:56.2","アタマ","10.0","33.7","33.6","6","栗東大久保","494(+12)","https://race.netkeiba.com/race/result.html?race_id=202504020806&rf=race_list"
"542","8","2025年8月17日","新潟","6R","稲妻S","芝1000m (直線A)","15:01","晴","良","8","2","2","テイエムタリスマ","牡4","牡","4","58.0","杉原","0:56.3","クビ","6.0","13.1","33.5","9","栗東高橋一","474(+6)","https://race.netkeiba.com/race/result.html?race_id=202504020806&rf=race_list"
"543","9","2025年8月17日","新潟","6R","稲妻S","芝1000m (直線A)","15:01","晴","良","9","7","8","アシャカタカ","牡5","牡","5","58.0","津村","0:56.3","クビ","4.0","11.7","34.1","1","美浦鈴木伸","474(+2)","https://race.netkeiba.com/race/result.html?race_id=202504020806&rf=race_list"
"544","10","2025年8月17日","新潟","6R","稲妻S","芝1000m (直線A)","15:01","晴","良","10","4","4","カフジテトラゴン","牝6","牝","6","56.0","高倉","0:56.3","ハナ","2.0","3.9","34.0","2","栗東武英","460(-4)","https://race.netkeiba.com/race/result.html?race_id=202504020806&rf=race_list"
"545","11","2025年8月17日","新潟","6R","稲妻S","芝1000m (直線A)","15:01","晴","良","11","3","3","メイショウカゼマチ","牡5","牡","5","58.0","川須","0:58.1","大","9.0","29.5","35.7","4","栗東角田","462(+12)","https://race.netkeiba.com/race/result.html?race_id=202504020806&rf=race_list"
"546","1","2025年8月17日","新潟","7R","NST賞","ダ1200m (左)","15:35","晴","良","1","6","11","クロジシジョー","牡6","牡","6","58.5","戸崎圭","1:10.5","","1.0","3.7","36.1","10-10","栗東岡田","454(+2)","https://race.netkeiba.com/race/result.html?race_id=202504020807&rf=race_list"
"547","2","2025年8月17日","新潟","7R","NST賞","ダ1200m (左)","15:35","晴","良","2","8","15","コパノパサディナ","牡5","牡","5","56.0","原","1:10.7","1.1/4","11.0","48.0","36.7","4-3","美浦上原博","538(0)","https://race.netkeiba.com/race/result.html?race_id=202504020807&rf=race_list"
"548","3","2025年8月17日","新潟","7R","NST賞","ダ1200m (左)","15:35","晴","良","3","5","9","スマートアイ","牝5","牝","5","52.0","今村","1:10.9","1.1/4","7.0","11.8","37.2","2-2","栗東寺島","502(-2)","https://race.netkeiba.com/race/result.html?race_id=202504020807&rf=race_list"
"549","4","2025年8月17日","新潟","7R","NST賞","ダ1200m (左)","15:35","晴","良","4","8","14","ジュンウィンダム","牝5","牝","5","54.0","石橋脩","1:10.9","アタマ","8.0","15.2","36.6","9-9","栗東浜田","512(+14)","https://race.netkeiba.com/race/result.html?race_id=202504020807&rf=race_list"
"550","5","2025年8月17日","新潟","7R","NST賞","ダ1200m (左)","15:35","晴","良","5","3","4","アームズレイン","牡5","牡","5","58.0","津村","1:10.9","ハナ","2.0","5.1","36.8","6-6","栗東上村","498(-6)","https://race.netkeiba.com/race/result.html?race_id=202504020807&rf=race_list"
"551","6","2025年8月17日","新潟","7R","NST賞","ダ1200m (左)","15:35","晴","良","6","4","7","アルファマム","牝6","牝","6","56.5","丸田","1:11.0","1/2","6.0","9.5","35.6","15-15","栗東佐々木","462(0)","https://race.netkeiba.com/race/result.html?race_id=202504020807&rf=race_list"
"552","7","2025年8月17日","新潟","7R","NST賞","ダ1200m (左)","15:35","晴","良","7","7","12","エミサキホコル","牡5","牡","5","55.0","長岡","1:11.0","ハナ","4.0","8.1","36.8","6-6","栗東杉山佳","488(-12)","https://race.netkeiba.com/race/result.html?race_id=202504020807&rf=race_list"
"553","8","2025年8月17日","新潟","7R","NST賞","ダ1200m (左)","15:35","晴","良","8","2","3","ペプチドヤマト","牡6","牡","6","56.0","高倉","1:11.3","1.3/4","10.0","26.0","36.8","11-11","栗東武英","496(+10)","https://race.netkeiba.com/race/result.html?race_id=202504020807&rf=race_list"
"554","9","2025年8月17日","新潟","7R","NST賞","ダ1200m (左)","15:35","晴","良","9","5","8","ワールズコライド","牡5","牡","5","56.0","大野","1:11.4","クビ","12.0","59.0","37.6","3-3","美浦堀","560(+24)","https://race.netkeiba.com/race/result.html?race_id=202504020807&rf=race_list"
"555","10","2025年8月17日","新潟","7R","NST賞","ダ1200m (左)","15:35","晴","良","10","4","6","ナスティウェザー","牡4","牡","4","56.0","吉田豊","1:11.4","ハナ","9.0","22.1","36.7","12-11","美浦加藤征","464(-4)","https://race.netkeiba.com/race/result.html?race_id=202504020807&rf=race_list"
"556","11","2025年8月17日","新潟","7R","NST賞","ダ1200m (左)","15:35","晴","良","11","6","10","テイエムトッキュウ","牡7","牡","7","58.5","川須","1:11.5","3/4","3.0","6.7","37.9","1-1","栗東秋山","496(-8)","https://race.netkeiba.com/race/result.html?race_id=202504020807&rf=race_list"
"557","12","2025年8月17日","新潟","7R","NST賞","ダ1200m (左)","15:35","晴","良","12","7","13","アスクドゥラメンテ","牡6","牡","6","55.0","内田博","1:11.7","1","13.0","60.0","36.8","13-13","栗東藤原","534(0)","https://race.netkeiba.com/race/result.html?race_id=202504020807&rf=race_list"
"558","13","2025年8月17日","新潟","7R","NST賞","ダ1200m (左)","15:35","晴","良","13","3","5","ゼットレヨン","牡6","牡","6","54.0","石川","1:12.1","2.1/2","15.0","200.9","38.2","4-3","栗東吉田","504(+12)","https://race.netkeiba.com/race/result.html?race_id=202504020807&rf=race_list"
"559","14","2025年8月17日","新潟","7R","NST賞","ダ1200m (左)","15:35","晴","良","14","2","2","レッドゲイル","牡6","牡","6","54.0","杉原","1:12.2","1/2","14.0","151.6","36.9","14-14","美浦浅利","478(+4)","https://race.netkeiba.com/race/result.html?race_id=202504020807&rf=race_list"
"560","15","2025年8月17日","新潟","7R","NST賞","ダ1200m (左)","15:35","晴","良","15","1","1","シークレットヴァウ","牡4","牡","4","56.0","武藤","1:12.4","1.1/4","5.0","8.9","38.2","6-6","美浦武藤","464(0)","https://race.netkeiba.com/race/result.html?race_id=202504020807&rf=race_list"
"561","1","2025年8月17日","新潟","8R","阿賀野川特別","芝2200m (左A)","16:20","晴","良","1","5","5","アマキヒ","牡3","牡","3","55.0","戸崎圭","2:14.3","","1.0","1.5","35.0","6-6-5-4","美浦国枝","492(+12)","https://race.netkeiba.com/race/result.html?race_id=202504020808&rf=race_list"
"562","2","2025年8月17日","新潟","8R","阿賀野川特別","芝2200m (左A)","16:20","晴","良","2","2","2","イクリール","牡4","牡","4","58.0","原","2:14.6","1.1/2","2.0","3.4","36.2","1-1-1-2","美浦青木","502(-2)","https://race.netkeiba.com/race/result.html?race_id=202504020808&rf=race_list"
"563","3","2025年8月17日","新潟","8R","阿賀野川特別","芝2200m (左A)","16:20","晴","良","3","6","6","ウインマイルート","牡6","牡","6","58.0","菊沢","2:14.6","ハナ","6.0","48.4","36.0","3-3-3-3","美浦鈴木慎","458(+2)","https://race.netkeiba.com/race/result.html?race_id=202504020808&rf=race_list"
"564","4","2025年8月17日","新潟","8R","阿賀野川特別","芝2200m (左A)","16:20","晴","良","4","7","7","エコロレイズ","牡4","牡","4","58.0","三浦","2:14.9","2","3.0","7.5","35.3","7-7-7-7","美浦岩戸","500(+2)","https://race.netkeiba.com/race/result.html?race_id=202504020808&rf=race_list"
"565","5","2025年8月17日","新潟","8R","阿賀野川特別","芝2200m (左A)","16:20","晴","良","5","8","8","アナレンマ","セ7","セ","7","58.0","荻野極","2:15.0","1/2","7.0","50.8","36.6","2-2-2-1","美浦中舘","460(+10)","https://race.netkeiba.com/race/result.html?race_id=202504020808&rf=race_list"
"566","6","2025年8月17日","新潟","8R","阿賀野川特別","芝2200m (左A)","16:20","晴","良","6","1","1","マイネルトルファン","牡6","牡","6","58.0","柴田大","2:15.0","アタマ","4.0","13.1","36.1","4-4-4-4","美浦粕谷","512(-4)","https://race.netkeiba.com/race/result.html?race_id=202504020808&rf=race_list"
"567","7","2025年8月17日","新潟","8R","阿賀野川特別","芝2200m (左A)","16:20","晴","良","7","8","9","プレイリードリーム","牡9","牡","9","58.0","石川","2:15.0","クビ","8.0","66.1","35.8","5-5-5-4","栗東安達","470(0)","https://race.netkeiba.com/race/result.html?race_id=202504020808&rf=race_list"
"568","8","2025年8月17日","新潟","8R","阿賀野川特別","芝2200m (左A)","16:20","晴","良","8","4","4","ピンキープロミス","牡5","牡","5","58.0","津村","2:15.2","1.1/4","5.0","26.5","35.2","7-8-8-8","美浦畠山","490(+14)","https://race.netkeiba.com/race/result.html?race_id=202504020808&rf=race_list"
"569","9","2025年8月17日","新潟","8R","阿賀野川特別","芝2200m (左A)","16:20","晴","良","9","3","3","エイシンナデシコ","牝3","牝","3","53.0","横山琉","2:18.1","大","9.0","93.4","37.8","9-9-9-9","美浦田中剛","446(-4)","https://race.netkeiba.com/race/result.html?race_id=202504020808&rf=race_list"
"570","1","2025年8月17日","新潟","9R","3歳以上1勝クラス","ダ1200m (左)","16:55","晴","良","1","7","12","マーズオデッセイ","牡3","牡","3","56.0","三浦","1:11.1","","3.0","5.1","36.2","8-7","美浦田中勝","508(+2)","https://race.netkeiba.com/race/result.html?race_id=202504020809&rf=race_list"
"571","2","2025年8月17日","新潟","9R","3歳以上1勝クラス","ダ1200m (左)","16:55","晴","良","2","6","11","ピコテンダー","牝3","牝","3","53.0","荻野極","1:11.2","1/2","1.0","2.0","36.7","5-4","美浦上原佑","490(+6)","https://race.netkeiba.com/race/result.html?race_id=202504020809&rf=race_list"
"572","3","2025年8月17日","新潟","9R","3歳以上1勝クラス","ダ1200m (左)","16:55","晴","良","3","3","4","フォンメイリー","牝6","牝","6","54.0","◇今村","1:11.7","3","10.0","86.8","37.8","2-2","美浦粕谷","488(-4)","https://race.netkeiba.com/race/result.html?race_id=202504020809&rf=race_list"
"573","4","2025年8月17日","新潟","9R","3歳以上1勝クラス","ダ1200m (左)","16:55","晴","良","4","7","13","フェスタリア","牡3","牡","3","56.0","原","1:11.7","ハナ","4.0","7.0","37.1","6-6","美浦矢野","446(-6)","https://race.netkeiba.com/race/result.html?race_id=202504020809&rf=race_list"
"574","5","2025年8月17日","新潟","9R","3歳以上1勝クラス","ダ1200m (左)","16:55","晴","良","5","4","7","ルーフオブヘヴン","牝4","牝","4","56.0","内田博","1:11.9","1.1/4","7.0","42.9","37.2","6-8","美浦武藤","464(-12)","https://race.netkeiba.com/race/result.html?race_id=202504020809&rf=race_list"
"575","6","2025年8月17日","新潟","9R","3歳以上1勝クラス","ダ1200m (左)","16:55","晴","良","6","5","8","キミハスコール","牡4","牡","4","58.0","戸崎圭","1:12.1","1.1/4","5.0","14.2","36.9","10-11","美浦加藤征","462(0)","https://race.netkeiba.com/race/result.html?race_id=202504020809&rf=race_list"
"576","7","2025年8月17日","新潟","9R","3歳以上1勝クラス","ダ1200m (左)","16:55","晴","良","7","4","6","ジェイエルトランス","牝5","牝","5","53.0","▲石田","1:12.2","クビ","15.0","402.1","38.0","3-3","美浦小西","436(+14)","https://race.netkeiba.com/race/result.html?race_id=202504020809&rf=race_list"
"577","8","2025年8月17日","新潟","9R","3歳以上1勝クラス","ダ1200m (左)","16:55","晴","良","8","8","14","アサクサグレース","牝3","牝","3","54.0","杉原","1:12.4","1.1/4","2.0","4.6","37.2","10-8","美浦戸田","454(-10)","https://race.netkeiba.com/race/result.html?race_id=202504020809&rf=race_list"
"578","9","2025年8月17日","新潟","9R","3歳以上1勝クラス","ダ1200m (左)","16:55","晴","良","9","8","15","バルサミコ","牝4","牝","4","53.0","▲佐藤","1:12.5","3/4","6.0","17.8","38.7","1-1","美浦小手川","432(+2)","https://race.netkeiba.com/race/result.html?race_id=202504020809&rf=race_list"
"579","10","2025年8月17日","新潟","9R","3歳以上1勝クラス","ダ1200m (左)","16:55","晴","良","10","5","9","サイモンカーチス","牡6","牡","6","58.0","丸山","1:13.0","3","12.0","243.9","37.6","12-12","美浦根本","488(-10)","https://race.netkeiba.com/race/result.html?race_id=202504020809&rf=race_list"
"580","11","2025年8月17日","新潟","9R","3歳以上1勝クラス","ダ1200m (左)","16:55","晴","良","11","2","2","サブアトミック","牝3","牝","3","54.0","大野","1:13.1","1/2","9.0","71.7","38.2","8-10","美浦伊藤圭","468(0)","https://race.netkeiba.com/race/result.html?race_id=202504020809&rf=race_list"
"581","12","2025年8月17日","新潟","9R","3歳以上1勝クラス","ダ1200m (左)","16:55","晴","良","12","2","3","ウィウィルウィン","牡4","牡","4","58.0","江田照","1:14.0","5","14.0","390.5","38.3","13-13","美浦中川","530(0)","https://race.netkeiba.com/race/result.html?race_id=202504020809&rf=race_list"
"582","13","2025年8月17日","新潟","9R","3歳以上1勝クラス","ダ1200m (左)","16:55","晴","良","13","6","10","オウケンベリー","牝4","牝","4","56.0","木幡育","1:14.1","3/4","11.0","133.5","38.2","14-14","美浦松永康","472(+6)","https://race.netkeiba.com/race/result.html?race_id=202504020809&rf=race_list"
"583","14","2025年8月17日","新潟","9R","3歳以上1勝クラス","ダ1200m (左)","16:55","晴","良","14","1","1","オコジュ","牝5","牝","5","56.0","嶋田","1:14.2","クビ","8.0","51.5","40.0","3-4","美浦矢嶋","466(-4)","https://race.netkeiba.com/race/result.html?race_id=202504020809&rf=race_list"
"584","15","2025年8月17日","新潟","9R","3歳以上1勝クラス","ダ1200m (左)","16:55","晴","良","15","3","5","サンマルブーケ","牝4","牝","4","56.0","岩部","1:15.1","5","13.0","365.8","39.2","14-14","美浦中川","500(+14)","https://race.netkeiba.com/race/result.html?race_id=202504020809&rf=race_list"
"585","1","2025年8月17日","新潟","10R","3歳以上1勝クラス","ダ1800m (左)","17:25","晴","良","1","8","9","マーゴットゲイン","牡3","牡","3","55.0","荻野極","1:53.4","","2.0","2.5","37.2","4-5-4-4","美浦伊坂","474(0)","https://race.netkeiba.com/race/result.html?race_id=202504020810&rf=race_list"
"586","2","2025年8月17日","新潟","10R","3歳以上1勝クラス","ダ1800m (左)","17:25","晴","良","2","6","6","ワスカル","セ3","セ","3","55.0","丸山","1:53.6","1.1/4","1.0","1.8","38.3","2-2-2-2","美浦森一","506(0)","https://race.netkeiba.com/race/result.html?race_id=202504020810&rf=race_list"
"587","3","2025年8月17日","新潟","10R","3歳以上1勝クラス","ダ1800m (左)","17:25","晴","良","3","8","10","コーリンカルベラ","牡4","牡","4","58.0","吉田豊","1:54.5","5","6.0","30.6","38.0","7-7-6-5","美浦小野","480(-10)","https://race.netkeiba.com/race/result.html?race_id=202504020810&rf=race_list"
"588","4","2025年8月17日","新潟","10R","3歳以上1勝クラス","ダ1800m (左)","17:25","晴","良","4","1","1","カーマンライン","牡4","牡","4","58.0","横山琉","1:54.6","1/2","4.0","13.0","38.8","4-3-3-3","美浦小島","508(+6)","https://race.netkeiba.com/race/result.html?race_id=202504020810&rf=race_list"
"589","5","2025年8月17日","新潟","10R","3歳以上1勝クラス","ダ1800m (左)","17:25","晴","良","5","4","4","カルフ","セ4","セ","4","58.0","杉原","1:55.0","2.1/2","9.0","110.2","38.7","3-3-4-5","美浦大和田","456(-12)","https://race.netkeiba.com/race/result.html?race_id=202504020810&rf=race_list"
"590","6","2025年8月17日","新潟","10R","3歳以上1勝クラス","ダ1800m (左)","17:25","晴","良","6","7","8","ペロ","牡4","牡","4","58.0","菊沢","1:55.1","1/2","7.0","51.5","40.7","1-1-1-1","美浦小西","502(-4)","https://race.netkeiba.com/race/result.html?race_id=202504020810&rf=race_list"
"591","7","2025年8月17日","新潟","10R","3歳以上1勝クラス","ダ1800m (左)","17:25","晴","良","7","3","3","ウッドショック","牡6","牡","6","58.0","大野","1:55.1","アタマ","8.0","57.8","38.3","4-5-8-7","美浦杉浦","508(+4)","https://race.netkeiba.com/race/result.html?race_id=202504020810&rf=race_list"
"592","8","2025年8月17日","新潟","10R","3歳以上1勝クラス","ダ1800m (左)","17:25","晴","良","8","7","7","ブルーゴールド","牡5","牡","5","58.0","野中","1:55.6","3","5.0","30.0","38.9","7-7-7-7","美浦根本","534(+6)","https://race.netkeiba.com/race/result.html?race_id=202504020810&rf=race_list"
"593","9","2025年8月17日","新潟","10R","3歳以上1勝クラス","ダ1800m (左)","17:25","晴","良","中止","2","2","ドラミモン","牡7","牡","7","58.0","丸田","","","3.0","7.3","","9-9-9-9","美浦田村","458(+4)","https://race.netkeiba.com/race/result.html?race_id=202504020810&rf=race_list"
"594","10","2025年8月17日","新潟","10R","3歳以上1勝クラス","ダ1800m (左)","17:25","晴","良","除外","5","5","ゴットランド","牡3","牡","3","55.0","三浦","","","","","","","美浦斎藤誠","516(+14)","https://race.netkeiba.com/race/result.html?race_id=202504020810&rf=race_list"
"595","1","2025年8月17日","新潟","11R","3歳以上1勝クラス","芝2400m (左A)","17:55","晴","良","1","8","10","オビドス","牡3","牡","3","55.0","吉田豊","2:25.4","","1.0","2.7","35.4","7-7-7-3","美浦高橋文","472(-6)","https://race.netkeiba.com/race/result.html?race_id=202504020811&rf=race_list"
"596","2","2025年8月17日","新潟","11R","3歳以上1勝クラス","芝2400m (左A)","17:55","晴","良","2","1","1","マンオブノーブル","牡3","牡","3","55.0","津村","2:25.8","2.1/2","3.0","5.9","36.2","3-4-3-3","栗東池江","476(+2)","https://race.netkeiba.com/race/result.html?race_id=202504020811&rf=race_list"
"597","3","2025年8月17日","新潟","11R","3歳以上1勝クラス","芝2400m (左A)","17:55","晴","良","3","7","8","ビップチェイス","牡4","牡","4","58.0","江田照","2:25.8","クビ","8.0","34.7","36.0","5-5-5-3","美浦田島","464(+6)","https://race.netkeiba.com/race/result.html?race_id=202504020811&rf=race_list"
"598","4","2025年8月17日","新潟","11R","3歳以上1勝クラス","芝2400m (左A)","17:55","晴","良","4","8","11","ウインリュクス","牝5","牝","5","53.0","▲石神道","2:25.9","1","5.0","7.0","35.9","10-9-7-8","栗東吉田","438(0)","https://race.netkeiba.com/race/result.html?race_id=202504020811&rf=race_list"
"599","5","2025年8月17日","新潟","11R","3歳以上1勝クラス","芝2400m (左A)","17:55","晴","良","5","5","5","ルージュスティーズ","牝3","牝","3","53.0","三浦","2:26.1","1.1/4","4.0","6.8","36.2","5-5-6-6","栗東斉藤崇","492(+12)","https://race.netkeiba.com/race/result.html?race_id=202504020811&rf=race_list"
"600","6","2025年8月17日","新潟","11R","3歳以上1勝クラス","芝2400m (左A)","17:55","晴","良","6","6","6","ネイチャーズロウ","牡3","牡","3","55.0","原","2:26.6","3","7.0","24.0","36.2","8-8-9-9","美浦大竹","488(0)","https://race.netkeiba.com/race/result.html?race_id=202504020811&rf=race_list"
"601","7","2025年8月17日","新潟","11R","3歳以上1勝クラス","芝2400m (左A)","17:55","晴","良","7","7","9","ルークスヘリオス","牡6","牡","6","58.0","横山琉","2:26.7","3/4","6.0","16.5","37.4","2-2-2-2","美浦中川","488(-2)","https://race.netkeiba.com/race/result.html?race_id=202504020811&rf=race_list"
"602","8","2025年8月17日","新潟","11R","3歳以上1勝クラス","芝2400m (左A)","17:55","晴","良","8","2","2","チビノシエラザード","牝4","牝","4","56.0","菊沢","2:27.4","4","10.0","196.5","38.2","1-1-1-1","美浦和田勇","464(+20)","https://race.netkeiba.com/race/result.html?race_id=202504020811&rf=race_list"
"603","9","2025年8月17日","新潟","11R","3歳以上1勝クラス","芝2400m (左A)","17:55","晴","良","9","4","4","ダノンピクチャー","牡3","牡","3","55.0","戸崎圭","2:27.7","2","2.0","3.8","38.0","3-3-3-6","美浦田中博","492(+16)","https://race.netkeiba.com/race/result.html?race_id=202504020811&rf=race_list"
"604","10","2025年8月17日","新潟","11R","3歳以上1勝クラス","芝2400m (左A)","17:55","晴","良","10","3","3","クリフハンガー","セ4","セ","4","58.0","大野","2:28.2","3","9.0","43.4","37.4","9-9-10-10","美浦上原博","454(+16)","https://race.netkeiba.com/race/result.html?race_id=202504020811&rf=race_list"
"605","11","2025年8月17日","新潟","11R","3歳以上1勝クラス","芝2400m (左A)","17:55","晴","良","11","6","7","ウインユアソング","牡5","牡","5","55.0","▲石田","2:30.2","大","11.0","197.1","38.8","11-11-11-11","美浦根本","468(-14)","https://race.netkeiba.com/race/result.html?race_id=202504020811&rf=race_list"
"606","1","2025年8月17日","新潟","12R","3歳未勝利","芝1200m (左A)","18:25","晴","良","1","5","9","タイキオーベロン","牡3","牡","3","54.0","▲石田","1:09.8","","6.0","21.3","35.1","6-6","美浦高木","454(+2)","https://race.netkeiba.com/race/result.html?race_id=202504020812&rf=race_list"
"607","2","2025年8月17日","新潟","12R","3歳未勝利","芝1200m (左A)","18:25","晴","良","2","4","8","タイヨウノキセツ","牡3","牡","3","57.0","三浦","1:09.9","3/4","1.0","2.7","35.5","2-2","美浦高柳瑞","442(0)","https://race.netkeiba.com/race/result.html?race_id=202504020812&rf=race_list"
"608","3","2025年8月17日","新潟","12R","3歳未勝利","芝1200m (左A)","18:25","晴","良","3","8","18","ナギサノバルコニー","牝3","牝","3","55.0","嶋田","1:10.0","1/2","4.0","9.5","35.4","3-3","美浦伊坂","454(0)","https://race.netkeiba.com/race/result.html?race_id=202504020812&rf=race_list"
"609","4","2025年8月17日","新潟","12R","3歳未勝利","芝1200m (左A)","18:25","晴","良","4","3","6","ワンダーカフェ","牝3","牝","3","55.0","丸山","1:10.1","クビ","7.0","26.6","35.3","8-8","美浦古賀","464(+2)","https://race.netkeiba.com/race/result.html?race_id=202504020812&rf=race_list"
"610","5","2025年8月17日","新潟","12R","3歳未勝利","芝1200m (左A)","18:25","晴","良","5","6","12","スターリーナイト","牝3","牝","3","55.0","戸崎圭","1:10.3","1.1/4","2.0","3.1","35.2","11-11","美浦蛯名正","434(-2)","https://race.netkeiba.com/race/result.html?race_id=202504020812&rf=race_list"
"611","6","2025年8月17日","新潟","12R","3歳未勝利","芝1200m (左A)","18:25","晴","良","6","7","14","イオリ","牝3","牝","3","51.0","★谷原","1:10.3","ハナ","13.0","75.3","35.6","6-6","美浦伊藤圭","418(-2)","https://race.netkeiba.com/race/result.html?race_id=202504020812&rf=race_list"
"612","7","2025年8月17日","新潟","12R","3歳未勝利","芝1200m (左A)","18:25","晴","良","7","5","10","クリアクォーツ","牡3","牡","3","57.0","内田博","1:10.4","1/2","16.0","120.8","34.3","16-16","美浦的場","466(+4)","https://race.netkeiba.com/race/result.html?race_id=202504020812&rf=race_list"
"613","8","2025年8月17日","新潟","12R","3歳未勝利","芝1200m (左A)","18:25","晴","良","8","1","2","ラウレア","牝3","牝","3","55.0","丸田","1:10.4","クビ","3.0","8.4","35.6","8-8","美浦伊藤大","432(-2)","https://race.netkeiba.com/race/result.html?race_id=202504020812&rf=race_list"
"614","9","2025年8月17日","新潟","12R","3歳未勝利","芝1200m (左A)","18:25","晴","良","9","2","3","ベルリネッタ","牡3","牡","3","54.0","▲石神道","1:10.4","アタマ","5.0","10.2","35.3","11-11","美浦矢野","492(+4)","https://race.netkeiba.com/race/result.html?race_id=202504020812&rf=race_list"
"615","10","2025年8月17日","新潟","12R","3歳未勝利","芝1200m (左A)","18:25","晴","良","10","2","4","ピースワンジョケル","牡3","牡","3","57.0","横山琉","1:10.4","ハナ","8.0","30.0","35.3","11-11","美浦大竹","452(0)","https://race.netkeiba.com/race/result.html?race_id=202504020812&rf=race_list"
"616","11","2025年8月17日","新潟","12R","3歳未勝利","芝1200m (左A)","18:25","晴","良","11","8","17","ロンドンキッド","牝3","牝","3","52.0","▲遠藤","1:10.6","1.1/4","17.0","162.2","36.4","1-1","美浦菊川","418(-6)","https://race.netkeiba.com/race/result.html?race_id=202504020812&rf=race_list"
"617","12","2025年8月17日","新潟","12R","3歳未勝利","芝1200m (左A)","18:25","晴","良","12","6","11","スウェルティア","牝3","牝","3","55.0","荻野極","1:10.9","1.1/2","9.0","31.0","35.5","15-15","美浦加藤士","468(0)","https://race.netkeiba.com/race/result.html?race_id=202504020812&rf=race_list"
"618","13","2025年8月17日","新潟","12R","3歳未勝利","芝1200m (左A)","18:25","晴","良","13","3","5","シベリアンデネブ","牡3","牡","3","55.0","◇今村","1:11.0","3/4","12.0","71.0","34.7","17-17","美浦水野","490(-10)","https://race.netkeiba.com/race/result.html?race_id=202504020812&rf=race_list"
"619","14","2025年8月17日","新潟","12R","3歳未勝利","芝1200m (左A)","18:25","晴","良","14","7","15","メイデンヘッド","牝3","牝","3","55.0","菊沢","1:11.1","1","15.0","115.1","36.0","11-11","美浦大竹","432(-8)","https://race.netkeiba.com/race/result.html?race_id=202504020812&rf=race_list"
"620","15","2025年8月17日","新潟","12R","3歳未勝利","芝1200m (左A)","18:25","晴","良","15","7","13","テンペストヒロイン","牝3","牝","3","55.0","石川","1:11.5","2","10.0","49.5","37.0","3-3","美浦堀内","466(-6)","https://race.netkeiba.com/race/result.html?race_id=202504020812&rf=race_list"
"621","16","2025年8月17日","新潟","12R","3歳未勝利","芝1200m (左A)","18:25","晴","良","16","4","7","ロジディーズ","牝3","牝","3","55.0","野中","1:11.5","ハナ","18.0","554.8","36.9","3-3","美浦新開","440(+8)","https://race.netkeiba.com/race/result.html?race_id=202504020812&rf=race_list"
"622","17","2025年8月17日","新潟","12R","3歳未勝利","芝1200m (左A)","18:25","晴","良","17","8","16","ルミナスピラー","牝3","牝","3","55.0","原","1:11.7","1.1/4","11.0","59.6","35.2","18-18","美浦和田郎","418(0)","https://race.netkeiba.com/race/result.html?race_id=202504020812&rf=race_list"
"623","18","2025年8月17日","新潟","12R","3歳未勝利","芝1200m (左A)","18:25","晴","良","18","1","1","プリヤンカー","牝3","牝","3","55.0","大野","1:11.9","1.1/2","14.0","107.3","37.1","8-8","美浦田島","464(+14)","https://race.netkeiba.com/race/result.html?race_id=202504020812&rf=race_list"
"624","1","2025年8月17日","中京","1R","2歳未勝利","芝2000m (左A)","09:35","晴","良","1","1","1","ローベルクランツ","牡2","牡","2","55.0","松山","2:00.7","","1.0","1.1","33.9","7-6-4-5","栗東小林","464(-4)","https://race.netkeiba.com/race/result.html?race_id=202507030801&rf=race_list"
"625","2","2025年8月17日","中京","1R","2歳未勝利","芝2000m (左A)","09:35","晴","良","2","6","6","メイショウナルカミ","牡2","牡","2","55.0","川田","2:01.2","3","2.0","5.3","34.7","2-2-2-2","栗東安達","484(-4)","https://race.netkeiba.com/race/result.html?race_id=202507030801&rf=race_list"
"626","3","2025年8月17日","中京","1R","2歳未勝利","芝2000m (左A)","09:35","晴","良","3","2","2","ビアリッツ","牝2","牝","2","52.0","▲田山","2:01.9","4","3.0","51.9","34.8","6-6-7-7","栗東北出","422(+6)","https://race.netkeiba.com/race/result.html?race_id=202507030801&rf=race_list"
"627","4","2025年8月17日","中京","1R","2歳未勝利","芝2000m (左A)","09:35","晴","良","4","3","3","リントゥラウル","牡2","牡","2","55.0","酒井","2:02.4","3","5.0","72.9","35.7","3-3-3-3","栗東秋山","454(-8)","https://race.netkeiba.com/race/result.html?race_id=202507030801&rf=race_list"
"628","5","2025年8月17日","中京","1R","2歳未勝利","芝2000m (左A)","09:35","晴","良","5","4","4","エグジスタンス","牡2","牡","2","55.0","団野","2:02.4","アタマ","4.0","69.4","35.7","4-3-4-3","栗東奥村豊","482(+4)","https://race.netkeiba.com/race/result.html?race_id=202507030801&rf=race_list"
"629","6","2025年8月17日","中京","1R","2歳未勝利","芝2000m (左A)","09:35","晴","良","6","7","7","フルフィルメント","牝2","牝","2","52.0","▲川端","2:02.6","1.1/4","6.0","139.5","37.0","1-1-1-1","栗東宮地","516(0)","https://race.netkeiba.com/race/result.html?race_id=202507030801&rf=race_list"
"630","7","2025年8月17日","中京","1R","2歳未勝利","芝2000m (左A)","09:35","晴","良","7","5","5","イチザペガサス","牡2","牡","2","55.0","城戸","2:03.7","7","7.0","144.4","36.8","4-5-6-5","美浦的場","448(-6)","https://race.netkeiba.com/race/result.html?race_id=202507030801&rf=race_list"
"631","1","2025年8月17日","中京","2R","2歳新馬","ダ1400m (左)","10:10","晴","良","1","5","9","キーンセンス","牡2","牡","2","55.0","坂井","1:26.1","","2.0","3.8","37.6","2-2","栗東松永幹","514(0)","https://race.netkeiba.com/race/result.html?race_id=202507030802&rf=race_list"
"632","2","2025年8月17日","中京","2R","2歳新馬","ダ1400m (左)","10:10","晴","良","2","1","1","ドンエレクトス","牡2","牡","2","55.0","横山武","1:26.2","1/2","6.0","16.3","37.3","6-4","美浦高木","460(0)","https://race.netkeiba.com/race/result.html?race_id=202507030802&rf=race_list"
"633","3","2025年8月17日","中京","2R","2歳新馬","ダ1400m (左)","10:10","晴","良","3","8","15","エブリデイ","牡2","牡","2","54.0","☆高杉","1:27.5","8","7.0","20.2","38.7","4-4","栗東北出","498(0)","https://race.netkeiba.com/race/result.html?race_id=202507030802&rf=race_list"
"634","4","2025年8月17日","中京","2R","2歳新馬","ダ1400m (左)","10:10","晴","良","4","2","4","リアライズブルーム","牝2","牝","2","55.0","団野","1:27.6","1","1.0","2.9","38.2","11-10","栗東須貝","476(0)","https://race.netkeiba.com/race/result.html?race_id=202507030802&rf=race_list"
"635","5","2025年8月17日","中京","2R","2歳新馬","ダ1400m (左)","10:10","晴","良","5","3","6","トワイライトビュー","牡2","牡","2","52.0","▲田山","1:27.9","1.1/2","11.0","66.5","37.8","15-14","栗東佐々木","482(0)","https://race.netkeiba.com/race/result.html?race_id=202507030802&rf=race_list"
"636","6","2025年8月17日","中京","2R","2歳新馬","ダ1400m (左)","10:10","晴","良","6","1","2","テイエムパイロダン","牡2","牡","2","55.0","酒井","1:28.2","2","12.0","67.9","37.8","16-16","栗東宮地","434(0)","https://race.netkeiba.com/race/result.html?race_id=202507030802&rf=race_list"
"637","7","2025年8月17日","中京","2R","2歳新馬","ダ1400m (左)","10:10","晴","良","7","4","8","リオクリスハーレー","牝2","牝","2","55.0","松山","1:28.2","ハナ","4.0","7.8","39.8","2-2","美浦矢野","444(0)","https://race.netkeiba.com/race/result.html?race_id=202507030802&rf=race_list"
"638","8","2025年8月17日","中京","2R","2歳新馬","ダ1400m (左)","10:10","晴","良","8","4","7","ミヤラティーニ","牝2","牝","2","55.0","秋山稔","1:28.2","アタマ","9.0","42.5","39.0","8-7","栗東東田","418(0)","https://race.netkeiba.com/race/result.html?race_id=202507030802&rf=race_list"
"639","9","2025年8月17日","中京","2R","2歳新馬","ダ1400m (左)","10:10","晴","良","9","3","5","サヨノパララックス","牡2","牡","2","55.0","田口","1:28.3","3/4","14.0","85.1","38.5","14-14","栗東羽月","430(0)","https://race.netkeiba.com/race/result.html?race_id=202507030802&rf=race_list"
"640","10","2025年8月17日","中京","2R","2歳新馬","ダ1400m (左)","10:10","晴","良","10","2","3","ウイッチボニータ","牝2","牝","2","55.0","菱田","1:28.6","1.1/2","8.0","23.6","40.2","1-1","栗東石坂","492(0)","https://race.netkeiba.com/race/result.html?race_id=202507030802&rf=race_list"
"641","11","2025年8月17日","中京","2R","2歳新馬","ダ1400m (左)","10:10","晴","良","11","7","13","レーヴドクロンヌ","牡2","牡","2","55.0","国分優","1:28.9","1.3/4","10.0","54.3","39.2","12-12","美浦加藤士","488(0)","https://race.netkeiba.com/race/result.html?race_id=202507030802&rf=race_list"
"642","12","2025年8月17日","中京","2R","2歳新馬","ダ1400m (左)","10:10","晴","良","12","8","16","アロハマウロア","牝2","牝","2","55.0","菅原明","1:29.2","1.3/4","13.0","75.7","40.2","7-7","栗東藤野","462(0)","https://race.netkeiba.com/race/result.html?race_id=202507030802&rf=race_list"
"643","13","2025年8月17日","中京","2R","2歳新馬","ダ1400m (左)","10:10","晴","良","13","5","10","テセラグラディウス","牝2","牝","2","54.0","☆吉村","1:29.2","クビ","5.0","15.0","40.4","4-6","栗東高橋一","452(0)","https://race.netkeiba.com/race/result.html?race_id=202507030802&rf=race_list"
"644","14","2025年8月17日","中京","2R","2歳新馬","ダ1400m (左)","10:10","晴","良","14","6","12","パドゼフィール","牝2","牝","2","55.0","川田","1:29.4","1.1/4","3.0","5.2","39.8","12-12","栗東新谷","452(0)","https://race.netkeiba.com/race/result.html?race_id=202507030802&rf=race_list"
"645","15","2025年8月17日","中京","2R","2歳新馬","ダ1400m (左)","10:10","晴","良","15","6","11","シュネードリーム","牝2","牝","2","54.0","☆西塚","1:30.0","3.1/2","15.0","110.2","40.8","8-9","栗東緒方","440(0)","https://race.netkeiba.com/race/result.html?race_id=202507030802&rf=race_list"
"646","16","2025年8月17日","中京","2R","2歳新馬","ダ1400m (左)","10:10","晴","良","16","7","14","マイベスティー","牡2","牡","2","55.0","藤懸","1:31.9","大","16.0","125.9","42.8","8-10","栗東高橋亮","470(0)","https://race.netkeiba.com/race/result.html?race_id=202507030802&rf=race_list"
"647","1","2025年8月17日","中京","3R","2歳新馬","芝1600m (左A)","10:40","晴","良","1","2","2","スウィッチインラヴ","牝2","牝","2","55.0","坂井","1:36.2","","1.0","2.4","34.0","2-2-2","栗東矢作","442(0)","https://race.netkeiba.com/race/result.html?race_id=202507030803&rf=race_list"
"648","2","2025年8月17日","中京","3R","2歳新馬","芝1600m (左A)","10:40","晴","良","2","1","1","メイクワンズデイ","牡2","牡","2","55.0","松若","1:36.2","ハナ","2.0","2.8","34.2","1-1-1","栗東宮地","456(0)","https://race.netkeiba.com/race/result.html?race_id=202507030803&rf=race_list"
"649","3","2025年8月17日","中京","3R","2歳新馬","芝1600m (左A)","10:40","晴","良","3","3","3","エスティヴァリス","牝2","牝","2","55.0","横山武","1:36.6","2","3.0","6.0","34.2","3-3-3","栗東高橋康","478(0)","https://race.netkeiba.com/race/result.html?race_id=202507030803&rf=race_list"
"650","4","2025年8月17日","中京","3R","2歳新馬","芝1600m (左A)","10:40","晴","良","4","7","7","オレンジフィールド","牝2","牝","2","55.0","酒井","1:37.1","3","5.0","12.5","34.7","4-3-3","栗東北出","462(0)","https://race.netkeiba.com/race/result.html?race_id=202507030803&rf=race_list"
"651","5","2025年8月17日","中京","3R","2歳新馬","芝1600m (左A)","10:40","晴","良","5","4","4","ロードファイター","牡2","牡","2","54.0","☆高杉","1:37.1","1/2","8.0","62.0","34.2","9-9-7","栗東東田","462(0)","https://race.netkeiba.com/race/result.html?race_id=202507030803&rf=race_list"
"652","6","2025年8月17日","中京","3R","2歳新馬","芝1600m (左A)","10:40","晴","良","6","5","5","ジーティービキニ","牝2","牝","2","55.0","松山","1:37.2","クビ","4.0","7.8","34.6","6-5-5","栗東松下","488(0)","https://race.netkeiba.com/race/result.html?race_id=202507030803&rf=race_list"
"653","7","2025年8月17日","中京","3R","2歳新馬","芝1600m (左A)","10:40","晴","良","7","8","8","ジョウショーブリエ","牝2","牝","2","55.0","菱田","1:37.7","3","9.0","77.9","34.8","7-7-7","栗東中尾","464(0)","https://race.netkeiba.com/race/result.html?race_id=202507030803&rf=race_list"
"654","8","2025年8月17日","中京","3R","2歳新馬","芝1600m (左A)","10:40","晴","良","8","6","6","メイショウメゴヒメ","牝2","牝","2","55.0","田口","1:37.8","3/4","6.0","15.4","34.8","8-8-7","栗東大橋","474(0)","https://race.netkeiba.com/race/result.html?race_id=202507030803&rf=race_list"
"655","9","2025年8月17日","中京","3R","2歳新馬","芝1600m (左A)","10:40","晴","良","9","8","9","アルヴァルディ","牡2","牡","2","54.0","☆吉村","1:38.1","2","7.0","29.6","35.5","5-5-5","栗東長谷川","472(0)","https://race.netkeiba.com/race/result.html?race_id=202507030803&rf=race_list"
"656","1","2025年8月17日","中京","4R","3歳未勝利","芝2000m (左A)","11:10","晴","良","1","8","12","アンビアンス","牝3","牝","3","55.0","酒井","2:00.6","","8.0","23.7","34.1","6-7-7-7","栗東清水久","450(+4)","https://race.netkeiba.com/race/result.html?race_id=202507030804&rf=race_list"
"657","2","2025年8月17日","中京","4R","3歳未勝利","芝2000m (左A)","11:10","晴","良","2","5","7","マスターライセンス","牡3","牡","3","57.0","小沢","2:00.8","1","7.0","21.7","34.5","5-3-5-5","栗東石坂","510(-4)","https://race.netkeiba.com/race/result.html?race_id=202507030804&rf=race_list"
"658","3","2025年8月17日","中京","4R","3歳未勝利","芝2000m (左A)","11:10","晴","良","3","6","8","シーラスストリーク","牝3","牝","3","55.0","バデル","2:00.8","クビ","3.0","8.6","34.1","13-13-10-8","栗東武英","470(0)","https://race.netkeiba.com/race/result.html?race_id=202507030804&rf=race_list"
"659","4","2025年8月17日","中京","4R","3歳未勝利","芝2000m (左A)","11:10","晴","良","4","1","1","アゼム","牡3","牡","3","57.0","国分優","2:01.1","1.1/2","9.0","24.4","34.2","10-11-10-11","栗東坂口","444(-2)","https://race.netkeiba.com/race/result.html?race_id=202507030804&rf=race_list"
"660","5","2025年8月17日","中京","4R","3歳未勝利","芝2000m (左A)","11:10","晴","良","5","3","3","オゴオゴ","牡3","牡","3","57.0","角田和","2:01.2","1/2","4.0","13.9","35.2","1-1-1-1","栗東中尾","466(+2)","https://race.netkeiba.com/race/result.html?race_id=202507030804&rf=race_list"
"661","6","2025年8月17日","中京","4R","3歳未勝利","芝2000m (左A)","11:10","晴","良","6","7","10","マイネルビスマルク","牡3","牡","3","57.0","松若","2:01.3","1","2.0","2.7","35.1","6-6-2-3","栗東梅田","482(-12)","https://race.netkeiba.com/race/result.html?race_id=202507030804&rf=race_list"
"662","7","2025年8月17日","中京","4R","3歳未勝利","芝2000m (左A)","11:10","晴","良","7","7","11","デルタフォー","牡3","牡","3","56.0","☆高杉","2:01.4","1/2","1.0","2.4","35.4","2-2-2-2","栗東藤岡","526(0)","https://race.netkeiba.com/race/result.html?race_id=202507030804&rf=race_list"
"663","8","2025年8月17日","中京","4R","3歳未勝利","芝2000m (左A)","11:10","晴","良","8","4","5","アイムアクイーン","牝3","牝","3","55.0","田中健","2:01.7","1.3/4","13.0","199.5","35.4","3-3-5-5","栗東荒川","434(+2)","https://race.netkeiba.com/race/result.html?race_id=202507030804&rf=race_list"
"664","9","2025年8月17日","中京","4R","3歳未勝利","芝2000m (左A)","11:10","晴","良","9","8","13","セプトラム","セ3","セ","3","57.0","菱田","2:01.7","ハナ","12.0","194.4","35.5","3-3-2-3","栗東渡辺","450(0)","https://race.netkeiba.com/race/result.html?race_id=202507030804&rf=race_list"
"665","10","2025年8月17日","中京","4R","3歳未勝利","芝2000m (左A)","11:10","晴","良","10","4","4","キングベル","牡3","牡","3","56.0","☆吉村","2:02.0","1.1/2","5.0","18.7","35.0","10-11-10-12","栗東鈴木孝","530(-6)","https://race.netkeiba.com/race/result.html?race_id=202507030804&rf=race_list"
"666","11","2025年8月17日","中京","4R","3歳未勝利","芝2000m (左A)","11:10","晴","良","11","2","2","カフジアッサム","牡3","牡","3","57.0","鮫島良","2:02.1","1","6.0","21.0","35.4","6-7-8-8","栗東河嶋","486(-2)","https://race.netkeiba.com/race/result.html?race_id=202507030804&rf=race_list"
"667","12","2025年8月17日","中京","4R","3歳未勝利","芝2000m (左A)","11:10","晴","良","12","5","6","モズノセイギ","牡3","牡","3","57.0","団野","2:02.2","3/4","11.0","78.8","35.6","6-7-8-8","栗東荒川","448(+2)","https://race.netkeiba.com/race/result.html?race_id=202507030804&rf=race_list"
"668","13","2025年8月17日","中京","4R","3歳未勝利","芝2000m (左A)","11:10","晴","良","13","6","9","エリカマルセイユ","牝3","牝","3","55.0","田口","2:02.9","4","10.0","26.7","35.9","10-10-10-12","栗東友道","468(+2)","https://race.netkeiba.com/race/result.html?race_id=202507030804&rf=race_list"
"669","1","2025年8月17日","中京","5R","3歳未勝利","ダ1800m (左)","11:40","晴","良","1","3","6","アイブリンク","牝3","牝","3","55.0","松若","1:53.8","","10.0","37.6","37.7","8-10-13-13","栗東大久保","470(+6)","https://race.netkeiba.com/race/result.html?race_id=202507030805&rf=race_list"
"670","2","2025年8月17日","中京","5R","3歳未勝利","ダ1800m (左)","11:40","晴","良","2","7","13","オリジナルファイン","牝3","牝","3","55.0","国分恭","1:53.9","クビ","11.0","48.4","38.0","13-13-11-10","栗東清水久","504(+6)","https://race.netkeiba.com/race/result.html?race_id=202507030805&rf=race_list"
"671","3","2025年8月17日","中京","5R","3歳未勝利","ダ1800m (左)","11:40","晴","良","3","1","2","ラテライト","牝3","牝","3","55.0","菱田","1:53.9","クビ","6.0","13.5","37.8","14-14-13-10","栗東松下","452(0)","https://race.netkeiba.com/race/result.html?race_id=202507030805&rf=race_list"
"672","4","2025年8月17日","中京","5R","3歳未勝利","ダ1800m (左)","11:40","晴","良","4","5","10","エスタンシア","牝3","牝","3","54.0","☆吉村","1:54.1","1.1/4","5.0","9.0","39.2","9-8-5-4","栗東松下","452(+2)","https://race.netkeiba.com/race/result.html?race_id=202507030805&rf=race_list"
"673","5","2025年8月17日","中京","5R","3歳未勝利","ダ1800m (左)","11:40","晴","良","5","1","1","エールラヴィクトワ","牝3","牝","3","55.0","中井","1:54.3","3/4","15.0","204.1","38.8","11-11-9-9","栗東橋口","420(+6)","https://race.netkeiba.com/race/result.html?race_id=202507030805&rf=race_list"
"674","6","2025年8月17日","中京","5R","3歳未勝利","ダ1800m (左)","11:40","晴","良","6","6","12","オリビアサンライズ","牝3","牝","3","55.0","藤懸","1:54.9","3.1/2","4.0","7.3","39.6","6-5-8-7","栗東平田","428(+2)","https://race.netkeiba.com/race/result.html?race_id=202507030805&rf=race_list"
"675","7","2025年8月17日","中京","5R","3歳未勝利","ダ1800m (左)","11:40","晴","良","7","6","11","ニューヤンキー","牝3","牝","3","54.0","☆高杉","1:54.9","ハナ","2.0","4.2","40.3","2-2-2-2","栗東中内田","492(0)","https://race.netkeiba.com/race/result.html?race_id=202507030805&rf=race_list"
"676","8","2025年8月17日","中京","5R","3歳未勝利","ダ1800m (左)","11:40","晴","良","8","5","9","シャヴィット","牝3","牝","3","55.0","バデル","1:55.0","1/2","8.0","25.3","40.4","11-11-1-1","栗東小椋","466(-4)","https://race.netkeiba.com/race/result.html?race_id=202507030805&rf=race_list"
"677","9","2025年8月17日","中京","5R","3歳未勝利","ダ1800m (左)","11:40","晴","良","9","4","8","スリーローズ","牝3","牝","3","52.0","▲川端","1:55.3","1.3/4","7.0","21.0","39.0","16-15-15-14","栗東谷","484(0)","https://race.netkeiba.com/race/result.html?race_id=202507030805&rf=race_list"
"678","10","2025年8月17日","中京","5R","3歳未勝利","ダ1800m (左)","11:40","晴","良","10","7","14","クイーンハピ","牝3","牝","3","55.0","坂井","1:55.9","3.1/2","3.0","4.7","41.3","3-3-2-2","栗東大久保","432(-2)","https://race.netkeiba.com/race/result.html?race_id=202507030805&rf=race_list"
"679","11","2025年8月17日","中京","5R","3歳未勝利","ダ1800m (左)","11:40","晴","良","11","3","5","マンノデュエット","牝3","牝","3","51.0","★河原田","1:56.2","2","13.0","121.3","41.4","1-1-4-5","栗東中竹","486(-2)","https://race.netkeiba.com/race/result.html?race_id=202507030805&rf=race_list"
"680","12","2025年8月17日","中京","5R","3歳未勝利","ダ1800m (左)","11:40","晴","良","12","2","3","タマモマサユメ","牝3","牝","3","55.0","田口","1:56.2","クビ","1.0","3.5","41.1","4-3-6-5","栗東大橋","482(+2)","https://race.netkeiba.com/race/result.html?race_id=202507030805&rf=race_list"
"681","13","2025年8月17日","中京","5R","3歳未勝利","ダ1800m (左)","11:40","晴","良","13","2","4","アンデルマット","牝3","牝","3","55.0","横山武","1:57.7","9","9.0","35.0","41.9","7-7-10-10","栗東梅田","472(-10)","https://race.netkeiba.com/race/result.html?race_id=202507030805&rf=race_list"
"682","14","2025年8月17日","中京","5R","3歳未勝利","ダ1800m (左)","11:40","晴","良","14","4","7","ウィッティクオウト","牝3","牝","3","55.0","角田和","1:58.2","3","16.0","444.6","41.5","14-15-16-16","栗東吉村","418(+12)","https://race.netkeiba.com/race/result.html?race_id=202507030805&rf=race_list"
"683","15","2025年8月17日","中京","5R","3歳未勝利","ダ1800m (左)","11:40","晴","良","15","8","16","キュアフローラ","牝3","牝","3","55.0","小沢","1:58.5","2","12.0","61.9","43.4","4-5-6-7","栗東東田","424(-2)","https://race.netkeiba.com/race/result.html?race_id=202507030805&rf=race_list"
"684","16","2025年8月17日","中京","5R","3歳未勝利","ダ1800m (左)","11:40","晴","良","16","8","15","アーブルラーブル","牝3","牝","3","54.0","☆西塚","1:59.9","8","14.0","126.0","44.0","9-8-11-14","栗東西村","470(0)","https://race.netkeiba.com/race/result.html?race_id=202507030805&rf=race_list"
"685","1","2025年8月17日","中京","6R","大垣特別","ダ1400m (左)","14:50","晴","良","1","5","10","タイセイレスポンス","セ4","セ","4","58.0","菱田","1:24.2","","9.0","40.0","36.3","3-3","栗東安田","486(-2)","https://race.netkeiba.com/race/result.html?race_id=202507030806&rf=race_list"
"686","2","2025年8月17日","中京","6R","大垣特別","ダ1400m (左)","14:50","晴","良","2","7","14","ヴェロクオーレ","牝4","牝","4","56.0","高杉","1:24.2","アタマ","5.0","7.8","36.5","1-1","栗東石坂","472(0)","https://race.netkeiba.com/race/result.html?race_id=202507030806&rf=race_list"
"687","3","2025年8月17日","中京","6R","大垣特別","ダ1400m (左)","14:50","晴","良","3","3","5","ノヴァエクスプレス","牡4","牡","4","58.0","坂井","1:24.7","3","1.0","3.6","36.7","3-4","美浦鈴木慎","512(+6)","https://race.netkeiba.com/race/result.html?race_id=202507030806&rf=race_list"
"688","4","2025年8月17日","中京","6R","大垣特別","ダ1400m (左)","14:50","晴","良","4","1","1","アスクアイルビゼア","牡4","牡","4","58.0","吉村","1:24.8","1/2","4.0","7.2","36.5","8-8","栗東矢作","466(+2)","https://race.netkeiba.com/race/result.html?race_id=202507030806&rf=race_list"
"689","5","2025年8月17日","中京","6R","大垣特別","ダ1400m (左)","14:50","晴","良","5","2","3","アイファーバトル","牡4","牡","4","58.0","藤懸","1:25.0","3/4","10.0","62.5","36.5","11-11","美浦根本","458(-6)","https://race.netkeiba.com/race/result.html?race_id=202507030806&rf=race_list"
"690","6","2025年8月17日","中京","6R","大垣特別","ダ1400m (左)","14:50","晴","良","6","8","15","タイガースパーク","牡5","牡","5","58.0","田口","1:25.0","クビ","7.0","16.8","36.1","14-14","栗東大橋","442(-2)","https://race.netkeiba.com/race/result.html?race_id=202507030806&rf=race_list"
"691","7","2025年8月17日","中京","6R","大垣特別","ダ1400m (左)","14:50","晴","良","7","4","8","マイティマイティー","牡4","牡","4","58.0","菅原明","1:25.0","アタマ","2.0","4.2","37.0","3-4","栗東佐々木","492(+4)","https://race.netkeiba.com/race/result.html?race_id=202507030806&rf=race_list"
"692","8","2025年8月17日","中京","6R","大垣特別","ダ1400m (左)","14:50","晴","良","8","2","4","スズカコーズ","牡5","牡","5","58.0","川田","1:25.2","1","3.0","5.7","36.9","8-8","美浦伊藤圭","500(-2)","https://race.netkeiba.com/race/result.html?race_id=202507030806&rf=race_list"
"693","9","2025年8月17日","中京","6R","大垣特別","ダ1400m (左)","14:50","晴","良","9","7","13","ジョヴィアン","牡5","牡","5","58.0","バデル","1:25.3","1/2","6.0","8.2","37.6","2-2","栗東奥村豊","504(+2)","https://race.netkeiba.com/race/result.html?race_id=202507030806&rf=race_list"
"694","10","2025年8月17日","中京","6R","大垣特別","ダ1400m (左)","14:50","晴","良","10","6","11","クールブロン","牡5","牡","5","58.0","亀田","1:25.4","1/2","14.0","135.9","36.5","14-14","栗東井上","540(0)","https://race.netkeiba.com/race/result.html?race_id=202507030806&rf=race_list"
"695","11","2025年8月17日","中京","6R","大垣特別","ダ1400m (左)","14:50","晴","良","11","5","9","プレイテシア","牝6","牝","6","56.0","松若","1:25.4","アタマ","8.0","39.3","37.3","6-6","栗東羽月","442(0)","https://race.netkeiba.com/race/result.html?race_id=202507030806&rf=race_list"
"696","12","2025年8月17日","中京","6R","大垣特別","ダ1400m (左)","14:50","晴","良","12","4","7","エブリモーメント","牡4","牡","4","58.0","国分恭","1:25.5","3/4","12.0","84.4","36.6","14-14","栗東牧田","502(0)","https://race.netkeiba.com/race/result.html?race_id=202507030806&rf=race_list"
"697","13","2025年8月17日","中京","6R","大垣特別","ダ1400m (左)","14:50","晴","良","13","6","12","シャープソーン","牝5","牝","5","56.0","酒井","1:25.6","3/4","15.0","137.1","37.0","13-13","栗東西園正","466(+4)","https://race.netkeiba.com/race/result.html?race_id=202507030806&rf=race_list"
"698","14","2025年8月17日","中京","6R","大垣特別","ダ1400m (左)","14:50","晴","良","14","1","2","アルタビスタ","牝5","牝","5","56.0","泉谷","1:25.7","クビ","13.0","97.4","37.2","11-11","栗東松永幹","484(+8)","https://race.netkeiba.com/race/result.html?race_id=202507030806&rf=race_list"
"699","15","2025年8月17日","中京","6R","大垣特別","ダ1400m (左)","14:50","晴","良","15","8","16","ミッドナイトラスタ","牝4","牝","4","56.0","田山","1:25.8","1/2","11.0","76.3","37.7","6-6","美浦加藤征","484(+4)","https://race.netkeiba.com/race/result.html?race_id=202507030806&rf=race_list"
"700","16","2025年8月17日","中京","6R","大垣特別","ダ1400m (左)","14:50","晴","良","16","3","6","シュバルツガイスト","牡5","牡","5","58.0","西塚","1:26.7","5","16.0","219.8","38.3","10-10","美浦国枝","500(-6)","https://race.netkeiba.com/race/result.html?race_id=202507030806&rf=race_list"
"701","1","2025年8月17日","中京","7R","中京記念","芝1600m (左A)","15:25","晴","良","1","1","1","マピュース","牝3","牝","3","52.0","横山武","1:32.3","","5.0","8.7","33.6","2-2-2","美浦和田勇","488(+6)","https://race.netkeiba.com/race/result.html?race_id=202507030807&rf=race_list"
"702","2","2025年8月17日","中京","7R","中京記念","芝1600m (左A)","15:25","晴","良","2","5","5","シンフォーエバー","牡3","牡","3","54.0","松若","1:32.4","クビ","7.0","20.0","34.0","1-1-1","栗東森秀","502(+2)","https://race.netkeiba.com/race/result.html?race_id=202507030807&rf=race_list"
"703","3","2025年8月17日","中京","7R","中京記念","芝1600m (左A)","15:25","晴","良","3","5","6","ジューンオレンジ","牝5","牝","5","55.0","吉村","1:32.5","1/2","10.0","57.2","33.3","9-7-7","栗東長谷川","470(+16)","https://race.netkeiba.com/race/result.html?race_id=202507030807&rf=race_list"
"704","4","2025年8月17日","中京","7R","中京記念","芝1600m (左A)","15:25","晴","良","4","6","8","エコロヴァルツ","牡4","牡","4","57.0","坂井","1:32.5","アタマ","2.0","3.8","33.5","4-4-4","栗東牧浦","486(-6)","https://race.netkeiba.com/race/result.html?race_id=202507030807&rf=race_list"
"705","5","2025年8月17日","中京","7R","中京記念","芝1600m (左A)","15:25","晴","良","5","8","11","キープカルム","牡4","牡","4","58.0","松山","1:32.6","1","3.0","5.3","33.3","10-10-10","栗東中竹","496(0)","https://race.netkeiba.com/race/result.html?race_id=202507030807&rf=race_list"
"706","6","2025年8月17日","中京","7R","中京記念","芝1600m (左A)","15:25","晴","良","6","2","2","トランキリテ","牡6","牡","6","57.0","小沢","1:32.6","ハナ","9.0","52.8","33.6","4-4-4","栗東松永幹","470(-4)","https://race.netkeiba.com/race/result.html?race_id=202507030807&rf=race_list"
"707","7","2025年8月17日","中京","7R","中京記念","芝1600m (左A)","15:25","晴","良","7","6","7","ウォーターリヒト","牡4","牡","4","58.0","菅原明","1:32.7","クビ","4.0","5.8","33.3","11-10-11","栗東石橋","468(+2)","https://race.netkeiba.com/race/result.html?race_id=202507030807&rf=race_list"
"708","8","2025年8月17日","中京","7R","中京記念","芝1600m (左A)","15:25","晴","良","8","3","3","エルトンバローズ","牡5","牡","5","58.0","川田","1:32.7","アタマ","1.0","3.4","33.8","3-3-3","栗東杉山晴","520(+2)","https://race.netkeiba.com/race/result.html?race_id=202507030807&rf=race_list"
"709","9","2025年8月17日","中京","7R","中京記念","芝1600m (左A)","15:25","晴","良","9","7","9","ブルーミンデザイン","牡4","牡","4","57.0","団野","1:32.7","クビ","6.0","10.7","33.5","6-7-7","栗東宮本","490(0)","https://race.netkeiba.com/race/result.html?race_id=202507030807&rf=race_list"
"710","10","2025年8月17日","中京","7R","中京記念","芝1600m (左A)","15:25","晴","良","10","4","4","セブンマジシャン","牡5","牡","5","57.0","バデル","1:32.8","1/2","8.0","29.0","33.6","6-7-7","栗東高野","496(-4)","https://race.netkeiba.com/race/result.html?race_id=202507030807&rf=race_list"
"711","11","2025年8月17日","中京","7R","中京記念","芝1600m (左A)","15:25","晴","良","11","8","12","メイショウシンタケ","牡7","牡","7","57.0","高杉","1:33.2","2.1/2","12.0","117.0","33.6","12-12-12","栗東千田","482(-6)","https://race.netkeiba.com/race/result.html?race_id=202507030807&rf=race_list"
"712","12","2025年8月17日","中京","7R","中京記念","芝1600m (左A)","15:25","晴","良","12","7","10","コレペティトール","セ5","セ","5","57.0","井上","1:33.4","1","11.0","86.7","34.3","6-4-4","栗東中竹","474(0)","https://race.netkeiba.com/race/result.html?race_id=202507030807&rf=race_list"
"713","1","2025年8月17日","中京","8R","常滑特別","芝2000m (左A)","16:10","晴","良","1","6","6","ダノンジョーカー","牡3","牡","3","55.0","川田","2:04.1","","1.0","1.1","32.8","6-6-5-5","栗東中内田","494(+8)","https://race.netkeiba.com/race/result.html?race_id=202507030808&rf=race_list"
"714","2","2025年8月17日","中京","8R","常滑特別","芝2000m (左A)","16:10","晴","良","2","5","5","ピースヒロフェイス","牝4","牝","4","56.0","吉村","2:04.2","1.1/4","4.0","11.6","33.3","5-4-2-2","美浦牧","460(-4)","https://race.netkeiba.com/race/result.html?race_id=202507030808&rf=race_list"
"715","3","2025年8月17日","中京","8R","常滑特別","芝2000m (左A)","16:10","晴","良","3","4","4","タマモランプ","牡4","牡","4","58.0","高杉","2:04.4","1","2.0","7.7","33.7","1-1-1-1","栗東池添","444(-16)","https://race.netkeiba.com/race/result.html?race_id=202507030808&rf=race_list"
"716","4","2025年8月17日","中京","8R","常滑特別","芝2000m (左A)","16:10","晴","良","4","2","2","ジャスティンガルフ","牡4","牡","4","58.0","横山武","2:04.8","2.1/2","3.0","10.3","33.6","2-3-4-4","栗東茶木","502(-4)","https://race.netkeiba.com/race/result.html?race_id=202507030808&rf=race_list"
"717","5","2025年8月17日","中京","8R","常滑特別","芝2000m (左A)","16:10","晴","良","5","3","3","バヤシーフェイス","牡3","牡","3","55.0","国分恭","2:04.8","クビ","6.0","54.3","34.0","2-2-2-2","栗東西園翔","532(-1)","https://race.netkeiba.com/race/result.html?race_id=202507030808&rf=race_list"
"718","6","2025年8月17日","中京","8R","常滑特別","芝2000m (左A)","16:10","晴","良","6","1","1","メアヴィア","牝4","牝","4","56.0","小沢","2:04.9","クビ","5.0","24.0","33.4","4-5-5-6","美浦金成","462(-10)","https://race.netkeiba.com/race/result.html?race_id=202507030808&rf=race_list"
"719","1","2025年8月17日","中京","9R","3歳未勝利","ダ1200m (左)","16:45","晴","良","1","2","3","リードプリンシパル","牝3","牝","3","55.0","菱田","1:12.8","","5.0","10.6","37.7","4-4","栗東秋山","474(+10)","https://race.netkeiba.com/race/result.html?race_id=202507030809&rf=race_list"
"720","2","2025年8月17日","中京","9R","3歳未勝利","ダ1200m (左)","16:45","晴","良","2","8","16","デーモンスレイヤー","牡3","牡","3","56.0","☆吉村","1:13.0","1","1.0","3.4","37.6","7-5","栗東庄野","488(+8)","https://race.netkeiba.com/race/result.html?race_id=202507030809&rf=race_list"
"721","3","2025年8月17日","中京","9R","3歳未勝利","ダ1200m (左)","16:45","晴","良","3","8","15","アイファーモービル","牡3","牡","3","57.0","坂井","1:13.2","1.1/4","3.0","5.2","37.5","11-10","栗東井上","466(+8)","https://race.netkeiba.com/race/result.html?race_id=202507030809&rf=race_list"
"722","4","2025年8月17日","中京","9R","3歳未勝利","ダ1200m (左)","16:45","晴","良","4","5","10","リリードリーマー","牝3","牝","3","55.0","藤懸","1:13.2","アタマ","2.0","4.0","37.3","15-12","栗東平田","448(-2)","https://race.netkeiba.com/race/result.html?race_id=202507030809&rf=race_list"
"723","5","2025年8月17日","中京","9R","3歳未勝利","ダ1200m (左)","16:45","晴","良","5","4","7","ニーナバイリッカ","牝3","牝","3","55.0","田口","1:13.5","1.3/4","9.0","33.9","37.7","14-12","栗東松下","430(-4)","https://race.netkeiba.com/race/result.html?race_id=202507030809&rf=race_list"
"724","6","2025年8月17日","中京","9R","3歳未勝利","ダ1200m (左)","16:45","晴","良","6","7","13","アンピュルシオン","牝3","牝","3","55.0","中井","1:13.5","アタマ","8.0","24.9","38.1","7-8","栗東庄野","446(0)","https://race.netkeiba.com/race/result.html?race_id=202507030809&rf=race_list"
"725","7","2025年8月17日","中京","9R","3歳未勝利","ダ1200m (左)","16:45","晴","良","7","5","9","シャオシンユン","牝3","牝","3","53.0","◇永島","1:13.6","クビ","7.0","17.1","38.9","2-2","栗東西園正","446(+2)","https://race.netkeiba.com/race/result.html?race_id=202507030809&rf=race_list"
"726","8","2025年8月17日","中京","9R","3歳未勝利","ダ1200m (左)","16:45","晴","良","8","1","1","フラッシュケリー","牝3","牝","3","55.0","小沢","1:13.6","クビ","4.0","6.1","39.1","1-1","栗東緒方","464(+10)","https://race.netkeiba.com/race/result.html?race_id=202507030809&rf=race_list"
"727","9","2025年8月17日","中京","9R","3歳未勝利","ダ1200m (左)","16:45","晴","良","9","4","8","スマートフランキー","牡3","牡","3","57.0","太宰","1:13.9","2","6.0","16.2","38.4","10-10","栗東石橋","498(+4)","https://race.netkeiba.com/race/result.html?race_id=202507030809&rf=race_list"
"728","10","2025年8月17日","中京","9R","3歳未勝利","ダ1200m (左)","16:45","晴","良","10","1","2","メイショウタビズキ","牡3","牡","3","56.0","☆西塚","1:14.1","3/4","10.0","41.9","38.4","11-12","栗東笹田","468(+2)","https://race.netkeiba.com/race/result.html?race_id=202507030809&rf=race_list"
"729","11","2025年8月17日","中京","9R","3歳未勝利","ダ1200m (左)","16:45","晴","良","11","3","5","アトラーレ","牝3","牝","3","52.0","▲川端","1:14.5","2.1/2","13.0","160.0","39.1","7-7","栗東中村","424(+4)","https://race.netkeiba.com/race/result.html?race_id=202507030809&rf=race_list"
"730","12","2025年8月17日","中京","9R","3歳未勝利","ダ1200m (左)","16:45","晴","良","12","3","6","アスクアットバット","セ3","セ","3","56.0","☆高杉","1:14.8","2","11.0","44.2","40.1","2-2","栗東藤原","468(-14)","https://race.netkeiba.com/race/result.html?race_id=202507030809&rf=race_list"
"731","13","2025年8月17日","中京","9R","3歳未勝利","ダ1200m (左)","16:45","晴","良","13","2","4","テルケンユミグラス","牝3","牝","3","55.0","加藤","1:15.2","2","16.0","496.0","39.3","15-16","栗東小椋","448(-8)","https://race.netkeiba.com/race/result.html?race_id=202507030809&rf=race_list"
"732","14","2025年8月17日","中京","9R","3歳未勝利","ダ1200m (左)","16:45","晴","良","14","6","12","タガノグラウス","牝3","牝","3","55.0","酒井","1:15.5","2","14.0","359.5","40.4","4-8","栗東中尾","460(+8)","https://race.netkeiba.com/race/result.html?race_id=202507030809&rf=race_list"
"733","15","2025年8月17日","中京","9R","3歳未勝利","ダ1200m (左)","16:45","晴","良","15","7","14","メジャーラッシュ","牝3","牝","3","55.0","国分優","1:15.5","クビ","15.0","411.2","40.3","4-5","栗東羽月","444(+6)","https://race.netkeiba.com/race/result.html?race_id=202507030809&rf=race_list"
"734","16","2025年8月17日","中京","9R","3歳未勝利","ダ1200m (左)","16:45","晴","良","16","6","11","スナークサンダー","牡3","牡","3","57.0","団野","1:15.6","1/2","12.0","94.4","40.0","11-12","栗東宮地","476(+10)","https://race.netkeiba.com/race/result.html?race_id=202507030809&rf=race_list"
"735","1","2025年8月17日","中京","10R","3歳以上1勝クラス","ダ1400m (左)","17:15","晴","良","1","4","7","エイプリルインパリ","牝3","牝","3","53.0","バデル","1:24.7","","1.0","3.0","38.9","2-1","栗東高橋忠","454(-2)","https://race.netkeiba.com/race/result.html?race_id=202507030810&rf=race_list"
"736","2","2025年8月17日","中京","10R","3歳以上1勝クラス","ダ1400m (左)","17:15","晴","良","2","6","11","ロンシャンクイーン","牝5","牝","5","56.0","坂井","1:25.1","2","4.0","7.8","38.8","5-5","栗東野中","448(+4)","https://race.netkeiba.com/race/result.html?race_id=202507030810&rf=race_list"
"737","3","2025年8月17日","中京","10R","3歳以上1勝クラス","ダ1400m (左)","17:15","晴","良","3","5","9","ヴァカンツァ","牝3","牝","3","53.0","角田和","1:25.2","3/4","5.0","18.4","38.1","13-13","栗東高橋亮","478(-2)","https://race.netkeiba.com/race/result.html?race_id=202507030810&rf=race_list"
"738","4","2025年8月17日","中京","10R","3歳以上1勝クラス","ダ1400m (左)","17:15","晴","良","4","1","1","セレジェイラ","牝3","牝","3","52.0","☆吉村","1:25.4","1.1/4","3.0","6.5","38.9","6-7","栗東西村","472(-2)","https://race.netkeiba.com/race/result.html?race_id=202507030810&rf=race_list"
"739","5","2025年8月17日","中京","10R","3歳以上1勝クラス","ダ1400m (左)","17:15","晴","良","5","7","14","カネトシフラム","牝5","牝","5","56.0","田口","1:25.5","1/2","6.0","22.6","39.1","6-5","栗東大橋","490(+18)","https://race.netkeiba.com/race/result.html?race_id=202507030810&rf=race_list"
"740","6","2025年8月17日","中京","10R","3歳以上1勝クラス","ダ1400m (左)","17:15","晴","良","6","4","8","アンリーベイビー","牝4","牝","4","55.0","☆高杉","1:25.6","1/2","11.0","54.9","38.7","12-10","栗東茶木","434(+12)","https://race.netkeiba.com/race/result.html?race_id=202507030810&rf=race_list"
"741","7","2025年8月17日","中京","10R","3歳以上1勝クラス","ダ1400m (左)","17:15","晴","良","7","1","2","ステアハート","牝3","牝","3","53.0","松山","1:25.9","1.1/2","2.0","3.0","40.1","2-2","栗東新谷","482(+10)","https://race.netkeiba.com/race/result.html?race_id=202507030810&rf=race_list"
"742","8","2025年8月17日","中京","10R","3歳以上1勝クラス","ダ1400m (左)","17:15","晴","良","8","2","4","ワンダーイロネ","牝3","牝","3","50.0","★河原田","1:25.9","アタマ","8.0","24.7","39.5","6-7","栗東渡辺","460(+8)","https://race.netkeiba.com/race/result.html?race_id=202507030810&rf=race_list"
"743","9","2025年8月17日","中京","10R","3歳以上1勝クラス","ダ1400m (左)","17:15","晴","良","9","6","12","パルメリータ","牝5","牝","5","54.0","◇永島","1:25.9","ハナ","10.0","45.7","38.5","15-15","栗東西園正","494(-6)","https://race.netkeiba.com/race/result.html?race_id=202507030810&rf=race_list"
"744","10","2025年8月17日","中京","10R","3歳以上1勝クラス","ダ1400m (左)","17:15","晴","良","10","3","5","リトルスカーレット","牝3","牝","3","53.0","横山武","1:26.1","1.1/4","7.0","24.0","39.3","10-10","栗東小林","476(0)","https://race.netkeiba.com/race/result.html?race_id=202507030810&rf=race_list"
"745","11","2025年8月17日","中京","10R","3歳以上1勝クラス","ダ1400m (左)","17:15","晴","良","11","5","10","アイスリンディ","牝4","牝","4","56.0","亀田","1:26.1","アタマ","12.0","70.2","39.3","10-10","栗東高柳大","456(-4)","https://race.netkeiba.com/race/result.html?race_id=202507030810&rf=race_list"
"746","12","2025年8月17日","中京","10R","3歳以上1勝クラス","ダ1400m (左)","17:15","晴","良","12","7","13","ラピダリア","牝4","牝","4","55.0","☆西塚","1:26.2","1/2","14.0","111.6","38.3","16-15","栗東吉田","484(+2)","https://race.netkeiba.com/race/result.html?race_id=202507030810&rf=race_list"
"747","13","2025年8月17日","中京","10R","3歳以上1勝クラス","ダ1400m (左)","17:15","晴","良","13","8","16","アンナバローズ","牝4","牝","4","56.0","菅原明","1:26.5","1.1/2","9.0","24.8","40.3","4-4","栗東辻野","506(+16)","https://race.netkeiba.com/race/result.html?race_id=202507030810&rf=race_list"
"748","14","2025年8月17日","中京","10R","3歳以上1勝クラス","ダ1400m (左)","17:15","晴","良","14","3","6","エコロカレン","牝4","牝","4","56.0","菱田","1:26.8","2","16.0","291.0","40.1","9-9","栗東秋山","470(-6)","https://race.netkeiba.com/race/result.html?race_id=202507030810&rf=race_list"
"749","15","2025年8月17日","中京","10R","3歳以上1勝クラス","ダ1400m (左)","17:15","晴","良","15","8","15","テリオスソラ","牝4","牝","4","56.0","松若","1:27.7","5","15.0","143.9","40.6","13-14","栗東松下","484(+14)","https://race.netkeiba.com/race/result.html?race_id=202507030810&rf=race_list"
"750","16","2025年8月17日","中京","10R","3歳以上1勝クラス","ダ1400m (左)","17:15","晴","良","16","2","3","ミッシオーネ","牝3","牝","3","50.0","▲田山","1:27.9","1","13.0","72.8","42.1","1-2","栗東西園正","418(+6)","https://race.netkeiba.com/race/result.html?race_id=202507030810&rf=race_list"
"751","1","2025年8月17日","中京","11R","3歳未勝利","芝1600m (左A)","17:45","晴","良","1","8","15","コスモグローリー","牡3","牡","3","57.0","松山","1:33.5","","2.0","3.5","35.0","3-2-2","栗東北出","448(0)","https://race.netkeiba.com/race/result.html?race_id=202507030811&rf=race_list"
"752","2","2025年8月17日","中京","11R","3歳未勝利","芝1600m (左A)","17:45","晴","良","2","4","6","タイセイフィオーレ","牡3","牡","3","57.0","バデル","1:33.5","アタマ","1.0","2.2","35.2","1-1-1","栗東高野","454(+2)","https://race.netkeiba.com/race/result.html?race_id=202507030811&rf=race_list"
"753","3","2025年8月17日","中京","11R","3歳未勝利","芝1600m (左A)","17:45","晴","良","3","2","2","ジーティームッシュ","牡3","牡","3","57.0","坂井","1:33.7","1.1/4","3.0","8.2","34.9","4-6-5","栗東矢作","430(-6)","https://race.netkeiba.com/race/result.html?race_id=202507030811&rf=race_list"
"754","4","2025年8月17日","中京","11R","3歳未勝利","芝1600m (左A)","17:45","晴","良","4","6","10","アッケシ","牡3","牡","3","56.0","☆高杉","1:33.8","クビ","4.0","9.1","35.2","2-4-4","栗東西園正","460(+4)","https://race.netkeiba.com/race/result.html?race_id=202507030811&rf=race_list"
"755","5","2025年8月17日","中京","11R","3歳未勝利","芝1600m (左A)","17:45","晴","良","5","8","14","ジュンライトニング","牡3","牡","3","56.0","☆吉村","1:33.8","ハナ","9.0","30.0","35.0","7-6-5","栗東清水久","444(+6)","https://race.netkeiba.com/race/result.html?race_id=202507030811&rf=race_list"
"756","6","2025年8月17日","中京","11R","3歳未勝利","芝1600m (左A)","17:45","晴","良","6","2","3","ドンファーラウェイ","牡3","牡","3","57.0","酒井","1:33.9","3/4","12.0","136.2","34.9","8-8-8","栗東庄野","442(-8)","https://race.netkeiba.com/race/result.html?race_id=202507030811&rf=race_list"
"757","7","2025年8月17日","中京","11R","3歳未勝利","芝1600m (左A)","17:45","晴","良","7","1","1","メイショウハヤセ","牝3","牝","3","54.0","☆西塚","1:33.9","クビ","6.0","18.5","35.0","8-8-8","栗東笹田","424(-4)","https://race.netkeiba.com/race/result.html?race_id=202507030811&rf=race_list"
"758","8","2025年8月17日","中京","11R","3歳未勝利","芝1600m (左A)","17:45","晴","良","8","5","8","タンテドヴィーヴル","牡3","牡","3","57.0","団野","1:34.2","1.1/2","8.0","25.9","35.7","4-2-2","栗東斉藤崇","494(-8)","https://race.netkeiba.com/race/result.html?race_id=202507030811&rf=race_list"
"759","9","2025年8月17日","中京","11R","3歳未勝利","芝1600m (左A)","17:45","晴","良","9","3","5","ミッキーショット","牡3","牡","3","54.0","▲川端","1:34.2","ハナ","15.0","259.9","35.0","12-10-10","栗東矢作","474(-1)","https://race.netkeiba.com/race/result.html?race_id=202507030811&rf=race_list"
"760","10","2025年8月17日","中京","11R","3歳未勝利","芝1600m (左A)","17:45","晴","良","10","5","9","ニホンピロマーベル","牡3","牡","3","57.0","田口","1:34.3","3/4","10.0","37.8","34.6","12-13-13","栗東中尾","486(+2)","https://race.netkeiba.com/race/result.html?race_id=202507030811&rf=race_list"
"761","11","2025年8月17日","中京","11R","3歳未勝利","芝1600m (左A)","17:45","晴","良","11","4","7","ティプタラ","牡3","牡","3","57.0","菱田","1:34.4","クビ","5.0","15.4","34.9","10-12-12","栗東友道","446(-6)","https://race.netkeiba.com/race/result.html?race_id=202507030811&rf=race_list"
"762","12","2025年8月17日","中京","11R","3歳未勝利","芝1600m (左A)","17:45","晴","良","12","7","12","クアトロイヴェール","牡3","牡","3","57.0","藤懸","1:34.6","1.1/4","11.0","67.2","34.4","14-15-15","栗東庄野","448(-2)","https://race.netkeiba.com/race/result.html?race_id=202507030811&rf=race_list"
"763","13","2025年8月17日","中京","11R","3歳未勝利","芝1600m (左A)","17:45","晴","良","13","7","13","ヴァイスクレー","牝3","牝","3","55.0","横山武","1:34.6","クビ","7.0","20.5","34.6","14-14-14","栗東奥村豊","426(-6)","https://race.netkeiba.com/race/result.html?race_id=202507030811&rf=race_list"
"764","14","2025年8月17日","中京","11R","3歳未勝利","芝1600m (左A)","17:45","晴","良","14","6","11","サフランクイン","牝3","牝","3","55.0","小沢","1:34.7","1/2","14.0","232.0","35.9","4-4-5","栗東渡辺","426(-6)","https://race.netkeiba.com/race/result.html?race_id=202507030811&rf=race_list"
"765","15","2025年8月17日","中京","11R","3歳未勝利","芝1600m (左A)","17:45","晴","良","15","3","4","フルオブエナジー","セ3","セ","3","57.0","亀田","1:34.7","クビ","13.0","157.2","35.6","10-10-10","栗東佐藤悠","454(+2)","https://race.netkeiba.com/race/result.html?race_id=202507030811&rf=race_list"
"766","1","2025年8月17日","中京","12R","3歳以上1勝クラス","芝1200m (左A)","18:15","晴","良","1","4","8","ブルーサンセット","牝3","牝","3","53.0","☆吉村","1:08.5","","3.0","6.8","34.3","2-2","栗東奥村豊","444(+2)","https://race.netkeiba.com/race/result.html?race_id=202507030812&rf=race_list"
"767","2","2025年8月17日","中京","12R","3歳以上1勝クラス","芝1200m (左A)","18:15","晴","良","2","2","4","アウクソー","牝5","牝","5","56.0","秋山稔","1:08.8","1.3/4","8.0","13.2","34.4","3-3","栗東平田","424(+2)","https://race.netkeiba.com/race/result.html?race_id=202507030812&rf=race_list"
"768","3","2025年8月17日","中京","12R","3歳以上1勝クラス","芝1200m (左A)","18:15","晴","良","3","5","10","フォティック","牡5","牡","5","58.0","酒井","1:08.8","アタマ","5.0","9.0","34.0","10-10","栗東飯田","468(0)","https://race.netkeiba.com/race/result.html?race_id=202507030812&rf=race_list"
"769","4","2025年8月17日","中京","12R","3歳以上1勝クラス","芝1200m (左A)","18:15","晴","良","4","2","3","デボラ","牝3","牝","3","54.0","団野","1:08.8","クビ","7.0","12.5","34.5","3-3","栗東西園正","468(-4)","https://race.netkeiba.com/race/result.html?race_id=202507030812&rf=race_list"
"770","5","2025年8月17日","中京","12R","3歳以上1勝クラス","芝1200m (左A)","18:15","晴","良","5","7","13","カフジキアッキエレ","牝5","牝","5","56.0","松山","1:08.9","クビ","12.0","55.1","33.2","18-18","栗東森田","436(+6)","https://race.netkeiba.com/race/result.html?race_id=202507030812&rf=race_list"
"771","6","2025年8月17日","中京","12R","3歳以上1勝クラス","芝1200m (左A)","18:15","晴","良","6","6","12","ペガサスノース","牝3","牝","3","54.0","亀田","1:09.0","1/2","2.0","5.8","34.5","6-6","栗東高柳大","480(-2)","https://race.netkeiba.com/race/result.html?race_id=202507030812&rf=race_list"
"772","7","2025年8月17日","中京","12R","3歳以上1勝クラス","芝1200m (左A)","18:15","晴","良","7","8","18","ラインピクシー","牝3","牝","3","54.0","坂井","1:09.0","ハナ","1.0","3.2","34.7","3-3","栗東長谷川","476(0)","https://race.netkeiba.com/race/result.html?race_id=202507030812&rf=race_list"
"773","8","2025年8月17日","中京","12R","3歳以上1勝クラス","芝1200m (左A)","18:15","晴","良","8","1","1","フランクスピード","牝3","牝","3","54.0","バデル","1:09.1","1/2","4.0","8.8","33.8","16-15","栗東高野","434(+4)","https://race.netkeiba.com/race/result.html?race_id=202507030812&rf=race_list"
"774","9","2025年8月17日","中京","12R","3歳以上1勝クラス","芝1200m (左A)","18:15","晴","良","9","4","7","ブラヴィーノ","牡6","牡","6","55.0","▲田山","1:09.1","ハナ","18.0","463.0","34.2","12-12","美浦天間","460(-6)","https://race.netkeiba.com/race/result.html?race_id=202507030812&rf=race_list"
"775","10","2025年8月17日","中京","12R","3歳以上1勝クラス","芝1200m (左A)","18:15","晴","良","10","7","14","マーゴットカーラ","牝3","牝","3","54.0","小沢","1:09.1","クビ","10.0","29.0","33.9","15-15","栗東石坂","424(-4)","https://race.netkeiba.com/race/result.html?race_id=202507030812&rf=race_list"
"776","11","2025年8月17日","中京","12R","3歳以上1勝クラス","芝1200m (左A)","18:15","晴","良","11","8","16","ワインクーラー","牝3","牝","3","54.0","菱田","1:09.2","1/2","6.0","11.0","33.8","17-17","栗東石橋","456(+2)","https://race.netkeiba.com/race/result.html?race_id=202507030812&rf=race_list"
"777","12","2025年8月17日","中京","12R","3歳以上1勝クラス","芝1200m (左A)","18:15","晴","良","12","5","9","ラヴェンデル","牝3","牝","3","54.0","田口","1:09.3","クビ","15.0","158.7","34.8","6-6","栗東吉村","420(+2)","https://race.netkeiba.com/race/result.html?race_id=202507030812&rf=race_list"
"778","13","2025年8月17日","中京","12R","3歳以上1勝クラス","芝1200m (左A)","18:15","晴","良","13","6","11","アートフォーム","牝4","牝","4","56.0","松若","1:09.3","ハナ","11.0","31.1","34.3","14-12","栗東畑端","456(+2)","https://race.netkeiba.com/race/result.html?race_id=202507030812&rf=race_list"
"779","14","2025年8月17日","中京","12R","3歳以上1勝クラス","芝1200m (左A)","18:15","晴","良","14","1","2","グランパリッシュ","牝4","牝","4","56.0","泉谷","1:09.3","アタマ","17.0","185.5","34.8","6-6","栗東畑端","438(-5)","https://race.netkeiba.com/race/result.html?race_id=202507030812&rf=race_list"
"780","15","2025年8月17日","中京","12R","3歳以上1勝クラス","芝1200m (左A)","18:15","晴","良","15","8","17","ロードリレーション","牡4","牡","4","57.0","☆高杉","1:09.4","1/2","16.0","180.4","34.6","10-10","栗東辻野","466(0)","https://race.netkeiba.com/race/result.html?race_id=202507030812&rf=race_list"
"781","16","2025年8月17日","中京","12R","3歳以上1勝クラス","芝1200m (左A)","18:15","晴","良","16","3","5","ハッピーサプライズ","牡4","牡","4","58.0","中井","1:09.6","1.1/4","14.0","135.4","34.9","6-9","美浦佐藤吉","458(-6)","https://race.netkeiba.com/race/result.html?race_id=202507030812&rf=race_list"
"782","17","2025年8月17日","中京","12R","3歳以上1勝クラス","芝1200m (左A)","18:15","晴","良","17","3","6","ビーアイフォルテ","牝3","牝","3","54.0","国分恭","1:09.8","1.1/4","9.0","27.8","35.7","1-1","栗東牧田","446(0)","https://race.netkeiba.com/race/result.html?race_id=202507030812&rf=race_list"
"783","18","2025年8月17日","中京","12R","3歳以上1勝クラス","芝1200m (左A)","18:15","晴","良","18","7","15","セサンパ","牝3","牝","3","53.0","☆西塚","1:09.8","ハナ","13.0","71.9","34.8","12-12","栗東寺島","440(+10)","https://race.netkeiba.com/race/result.html?race_id=202507030812&rf=race_list"
"784","1","2025年8月17日","札幌","1R","2歳未勝利","芝1200m (右A)","09:55","曇","良","1","7","8","ウチュウノセカイ","牡2","牡","2","55.0","丹内","1:10.1","","4.0","8.9","34.8","3-2","美浦青木","492(0)","https://race.netkeiba.com/race/result.html?race_id=202501010801&rf=race_list"
"785","2","2025年8月17日","札幌","1R","2歳未勝利","芝1200m (右A)","09:55","曇","良","2","3","3","マーゴットミスト","牡2","牡","2","55.0","鮫島駿","1:10.4","2","2.0","2.8","35.0","4-4","栗東杉山佳","512(0)","https://race.netkeiba.com/race/result.html?race_id=202501010801&rf=race_list"
"786","3","2025年8月17日","札幌","1R","2歳未勝利","芝1200m (右A)","09:55","曇","良","3","6","6","マスキュラー","牡2","牡","2","55.0","松岡","1:10.4","クビ","3.0","5.3","35.2","2-2","栗東高橋一","466(-6)","https://race.netkeiba.com/race/result.html?race_id=202501010801&rf=race_list"
"787","4","2025年8月17日","札幌","1R","2歳未勝利","芝1200m (右A)","09:55","曇","良","4","8","10","ハルヒメ","牝2","牝","2","52.0","▲小林美","1:10.4","ハナ","1.0","1.9","35.3","1-1","美浦矢嶋","398(+10)","https://race.netkeiba.com/race/result.html?race_id=202501010801&rf=race_list"
"788","5","2025年8月17日","札幌","1R","2歳未勝利","芝1200m (右A)","09:55","曇","良","5","4","4","ココソラーレ","牝2","牝","2","53.0","△鷲頭","1:10.6","1","5.0","48.6","34.9","7-6","美浦天間","436(+12)","https://race.netkeiba.com/race/result.html?race_id=202501010801&rf=race_list"
"789","6","2025年8月17日","札幌","1R","2歳未勝利","芝1200m (右A)","09:55","曇","良","6","7","7","サンタカリス","牝2","牝","2","55.0","古川吉","1:10.8","1.1/4","6.0","52.9","34.7","9-9","栗東秋山","434(-2)","https://race.netkeiba.com/race/result.html?race_id=202501010801&rf=race_list"
"790","7","2025年8月17日","札幌","1R","2歳未勝利","芝1200m (右A)","09:55","曇","良","7","1","1","トーセンクリステル","牝2","牝","2","55.0","木幡巧","1:10.8","ハナ","9.0","112.9","35.4","4-4","美浦杉浦","466(+6)","https://race.netkeiba.com/race/result.html?race_id=202501010801&rf=race_list"
"791","8","2025年8月17日","札幌","1R","2歳未勝利","芝1200m (右A)","09:55","曇","良","8","8","9","ライトアズフェザー","牝2","牝","2","52.0","▲柴田裕","1:10.8","クビ","7.0","55.7","35.4","4-6","美浦千葉","444(-4)","https://race.netkeiba.com/race/result.html?race_id=202501010801&rf=race_list"
"792","9","2025年8月17日","札幌","1R","2歳未勝利","芝1200m (右A)","09:55","曇","良","9","5","5","ハチハチローズ","牝2","牝","2","52.0","▲橋木","1:11.1","1.3/4","10.0","339.6","35.3","7-8","美浦松永康","366(+6)","https://race.netkeiba.com/race/result.html?race_id=202501010801&rf=race_list"
"793","10","2025年8月17日","札幌","1R","2歳未勝利","芝1200m (右A)","09:55","曇","良","10","2","2","ニシノガンリキ","牡2","牡","2","55.0","服部茂","1:12.1","6","8.0","75.3","35.3","10-10","美浦杉浦","462(+14)","https://race.netkeiba.com/race/result.html?race_id=202501010801&rf=race_list"
"794","1","2025年8月17日","札幌","2R","3歳未勝利","ダ2400m (右)","10:30","雨","良","1","8","11","オオタチ","牡3","牡","3","57.0","佐々木","2:37.2","","2.0","3.6","37.8","8-8-5-3","美浦久保田","456(+6)","https://race.netkeiba.com/race/result.html?race_id=202501010802&rf=race_list"
"795","2","2025年8月17日","札幌","2R","3歳未勝利","ダ2400m (右)","10:30","雨","良","2","2","2","ステイアンビシャス","牡3","牡","3","57.0","松岡","2:37.4","3/4","5.0","9.8","37.7","12-11-9-5","美浦堀内","492(0)","https://race.netkeiba.com/race/result.html?race_id=202501010802&rf=race_list"
"796","3","2025年8月17日","札幌","2R","3歳未勝利","ダ2400m (右)","10:30","雨","良","3","7","10","ケイアイワイラーパ","牡3","牡","3","57.0","武豊","2:37.9","3","3.0","4.8","38.9","2-2-1-1","栗東野中","490(-18)","https://race.netkeiba.com/race/result.html?race_id=202501010802&rf=race_list"
"797","4","2025年8月17日","札幌","2R","3歳未勝利","ダ2400m (右)","10:30","雨","良","4","7","9","トモジャイブ","牡3","牡","3","57.0","古川吉","2:37.9","ハナ","7.0","46.2","38.8","4-4-2-2","栗東大根田","486(+2)","https://race.netkeiba.com/race/result.html?race_id=202501010802&rf=race_list"
"798","5","2025年8月17日","札幌","2R","3歳未勝利","ダ2400m (右)","10:30","雨","良","5","3","3","マブアンドフェール","牡3","牡","3","57.0","丹内","2:38.3","2.1/2","1.0","2.4","38.8","7-7-7-5","美浦古賀","520(+4)","https://race.netkeiba.com/race/result.html?race_id=202501010802&rf=race_list"
"799","6","2025年8月17日","札幌","2R","3歳未勝利","ダ2400m (右)","10:30","雨","良","6","5","5","クレヨンポップ","牡3","牡","3","57.0","小野楓","2:38.4","1/2","10.0","166.3","39.2","5-6-2-4","美浦水野","482(-4)","https://race.netkeiba.com/race/result.html?race_id=202501010802&rf=race_list"
"800","7","2025年8月17日","札幌","2R","3歳未勝利","ダ2400m (右)","10:30","雨","良","7","4","4","キムタックフェイス","牡3","牡","3","55.0","△鷲頭","2:40.1","10","12.0","478.3","40.1","11-11-11-12","栗東森田","484(-4)","https://race.netkeiba.com/race/result.html?race_id=202501010802&rf=race_list"
"801","8","2025年8月17日","札幌","2R","3歳未勝利","ダ2400m (右)","10:30","雨","良","8","5","6","キタノアンシェル","牝3","牝","3","55.0","原田和","2:40.2","クビ","11.0","285.1","40.6","8-8-8-7","美浦蛯名利","426(+4)","https://race.netkeiba.com/race/result.html?race_id=202501010802&rf=race_list"
"802","9","2025年8月17日","札幌","2R","3歳未勝利","ダ2400m (右)","10:30","雨","良","9","6","8","マージャング","牡3","牡","3","54.0","▲古川奈","2:40.3","クビ","9.0","134.4","40.3","10-10-11-9","栗東矢作","466(-8)","https://race.netkeiba.com/race/result.html?race_id=202501010802&rf=race_list"
"803","10","2025年8月17日","札幌","2R","3歳未勝利","ダ2400m (右)","10:30","雨","良","10","6","7","カピオラ","牝3","牝","3","52.0","▲森田","2:40.9","3.1/2","8.0","47.5","41.1","5-4-9-9","栗東武幸","410(-8)","https://race.netkeiba.com/race/result.html?race_id=202501010802&rf=race_list"
"804","11","2025年8月17日","札幌","2R","3歳未勝利","ダ2400m (右)","10:30","雨","良","11","8","12","アルデフォックス","セ3","セ","3","57.0","北村友","2:41.4","3","4.0","6.2","42.0","1-1-5-9","栗東藤岡","520(+2)","https://race.netkeiba.com/race/result.html?race_id=202501010802&rf=race_list"
"805","12","2025年8月17日","札幌","2R","3歳未勝利","ダ2400m (右)","10:30","雨","良","12","1","1","クックパイン","牡3","牡","3","57.0","キング","2:43.4","大","6.0","22.3","44.3","3-3-2-7","美浦堀","510(0)","https://race.netkeiba.com/race/result.html?race_id=202501010802&rf=race_list"
"806","1","2025年8月17日","札幌","3R","3歳未勝利","芝2000m (右A)","11:00","雨","良","1","2","4","ヒルノレーダン","牝3","牝","3","55.0","古川吉","2:02.4","","3.0","5.1","36.6","5-5-4-3","栗東昆","426(+2)","https://race.netkeiba.com/race/result.html?race_id=202501010803&rf=race_list"
"807","2","2025年8月17日","札幌","3R","3歳未勝利","芝2000m (右A)","11:00","雨","良","2","7","14","シャインフリーリー","牡3","牡","3","57.0","キング","2:02.7","1.3/4","2.0","4.4","35.8","13-13-12-8","美浦矢嶋","470(0)","https://race.netkeiba.com/race/result.html?race_id=202501010803&rf=race_list"
"808","3","2025年8月17日","札幌","3R","3歳未勝利","芝2000m (右A)","11:00","雨","良","3","4","7","メイショウキンタイ","牡3","牡","3","57.0","武豊","2:02.9","1.1/2","1.0","2.5","36.2","10-11-9-4","栗東高橋亮","474(-2)","https://race.netkeiba.com/race/result.html?race_id=202501010803&rf=race_list"
"809","4","2025年8月17日","札幌","3R","3歳未勝利","芝2000m (右A)","11:00","雨","良","4","6","12","ヤマノインパクト","牡3","牡","3","57.0","丹内","2:03.1","1.1/4","6.0","18.5","36.8","9-9-7-7","美浦本間","464(-2)","https://race.netkeiba.com/race/result.html?race_id=202501010803&rf=race_list"
"810","5","2025年8月17日","札幌","3R","3歳未勝利","芝2000m (右A)","11:00","雨","良","5","7","13","ラマヌジャン","牡3","牡","3","57.0","浜中","2:03.1","ハナ","5.0","12.3","36.5","10-11-9-4","栗東宮地","500(0)","https://race.netkeiba.com/race/result.html?race_id=202501010803&rf=race_list"
"811","6","2025年8月17日","札幌","3R","3歳未勝利","芝2000m (右A)","11:00","雨","良","6","1","2","アクデニズ","牡3","牡","3","57.0","吉田隼","2:03.4","1.3/4","12.0","69.9","37.1","7-6-7-8","美浦小笠","468(-4)","https://race.netkeiba.com/race/result.html?race_id=202501010803&rf=race_list"
"812","7","2025年8月17日","札幌","3R","3歳未勝利","芝2000m (右A)","11:00","雨","良","7","5","9","エバーステイ","牝3","牝","3","55.0","横山和","2:03.5","3/4","8.0","38.3","36.2","15-15-15-15","美浦久保田","416(+8)","https://race.netkeiba.com/race/result.html?race_id=202501010803&rf=race_list"
"813","8","2025年8月17日","札幌","3R","3歳未勝利","芝2000m (右A)","11:00","雨","良","8","4","8","スマイルラッシュ","牝3","牝","3","55.0","北村友","2:03.6","クビ","13.0","143.4","36.6","14-13-14-12","栗東藤原","438(+14)","https://race.netkeiba.com/race/result.html?race_id=202501010803&rf=race_list"
"814","9","2025年8月17日","札幌","3R","3歳未勝利","芝2000m (右A)","11:00","雨","良","9","1","1","クランドゥイユ","牝3","牝","3","52.0","▲古川奈","2:03.7","3/4","4.0","6.9","37.9","3-3-4-4","栗東前川","486(+8)","https://race.netkeiba.com/race/result.html?race_id=202501010803&rf=race_list"
"815","10","2025年8月17日","札幌","3R","3歳未勝利","芝2000m (右A)","11:00","雨","良","10","5","10","ブライトゲイザー","牡3","牡","3","57.0","池添","2:03.8","1/2","9.0","44.6","38.2","2-2-2-2","美浦田中勝","502(+6)","https://race.netkeiba.com/race/result.html?race_id=202501010803&rf=race_list"
"816","11","2025年8月17日","札幌","3R","3歳未勝利","芝2000m (右A)","11:00","雨","良","11","3","5","ミステンザン","牝3","牝","3","52.0","▲和田陽","2:04.0","1","14.0","443.4","37.4","7-8-9-12","美浦和田郎","458(-2)","https://race.netkeiba.com/race/result.html?race_id=202501010803&rf=race_list"
"817","12","2025年8月17日","札幌","3R","3歳未勝利","芝2000m (右A)","11:00","雨","良","12","6","11","ヒルノガリシア","牡3","牡","3","57.0","松岡","2:04.1","3/4","11.0","60.8","38.6","1-1-1-1","栗東北出","454(+4)","https://race.netkeiba.com/race/result.html?race_id=202501010803&rf=race_list"
"818","13","2025年8月17日","札幌","3R","3歳未勝利","芝2000m (右A)","11:00","雨","良","13","8","15","ドルチェルナ","牝3","牝","3","55.0","佐々木","2:04.7","3.1/2","7.0","24.3","38.6","6-6-6-11","美浦辻","448(0)","https://race.netkeiba.com/race/result.html?race_id=202501010803&rf=race_list"
"819","14","2025年8月17日","札幌","3R","3歳未勝利","芝2000m (右A)","11:00","雨","良","14","2","3","アンジュフラム","牝3","牝","3","55.0","木幡巧","2:04.7","ハナ","15.0","481.2","37.9","10-9-12-12","美浦高橋文","442(+6)","https://race.netkeiba.com/race/result.html?race_id=202501010803&rf=race_list"
"820","15","2025年8月17日","札幌","3R","3歳未勝利","芝2000m (右A)","11:00","雨","良","15","8","16","コスタヴェルデ","牝3","牝","3","52.0","▲舟山","2:04.8","3/4","10.0","48.6","39.1","3-3-3-8","美浦鹿戸","386(+4)","https://race.netkeiba.com/race/result.html?race_id=202501010803&rf=race_list"
"821","16","2025年8月17日","札幌","3R","3歳未勝利","芝2000m (右A)","11:00","雨","良","取消","3","6","ガンビーチ","牝3","牝","3","55.0","横山典","","","","","","","美浦加藤征","","https://race.netkeiba.com/race/result.html?race_id=202501010803&rf=race_list"
"822","1","2025年8月17日","札幌","4R","3歳未勝利","ダ1700m (右)","11:30","雨","良","1","1","1","マナエトレ","牡3","牡","3","57.0","丹内","1:46.8","","2.0","5.2","37.7","3-3-3-1","栗東清水久","472(+2)","https://race.netkeiba.com/race/result.html?race_id=202501010804&rf=race_list"
"823","2","2025年8月17日","札幌","4R","3歳未勝利","ダ1700m (右)","11:30","雨","良","2","3","3","ビービーバザーク","牡3","牡","3","57.0","武豊","1:47.8","6","1.0","2.8","38.0","7-6-7-6","栗東武幸","490(+8)","https://race.netkeiba.com/race/result.html?race_id=202501010804&rf=race_list"
"824","3","2025年8月17日","札幌","4R","3歳未勝利","ダ1700m (右)","11:30","雨","良","3","8","13","アースグレーザー","牡3","牡","3","57.0","横山和","1:47.9","3/4","7.0","16.3","38.7","5-6-3-4","栗東中村","480(+6)","https://race.netkeiba.com/race/result.html?race_id=202501010804&rf=race_list"
"825","4","2025年8月17日","札幌","4R","3歳未勝利","ダ1700m (右)","11:30","雨","良","4","6","10","ボールドハーテッド","牡3","牡","3","54.0","▲和田陽","1:48.0","1/2","6.0","15.4","38.8","7-6-3-3","栗東鈴木孝","458(+8)","https://race.netkeiba.com/race/result.html?race_id=202501010804&rf=race_list"
"826","5","2025年8月17日","札幌","4R","3歳未勝利","ダ1700m (右)","11:30","雨","良","5","8","14","ファンタズマ","牡3","牡","3","54.0","▲小林美","1:48.0","ハナ","3.0","5.8","39.2","2-2-1-2","美浦上原佑","466(+12)","https://race.netkeiba.com/race/result.html?race_id=202501010804&rf=race_list"
"827","6","2025年8月17日","札幌","4R","3歳未勝利","ダ1700m (右)","11:30","雨","良","6","5","8","チョウリニア","牝3","牝","3","52.0","▲森田","1:48.7","4","12.0","334.8","38.7","7-9-8-9","栗東羽月","438(0)","https://race.netkeiba.com/race/result.html?race_id=202501010804&rf=race_list"
"828","7","2025年8月17日","札幌","4R","3歳未勝利","ダ1700m (右)","11:30","雨","良","7","7","12","エポカリーナ","牡3","牡","3","54.0","▲古川奈","1:48.8","クビ","5.0","7.5","38.8","11-9-8-9","美浦土田","462(+4)","https://race.netkeiba.com/race/result.html?race_id=202501010804&rf=race_list"
"829","8","2025年8月17日","札幌","4R","3歳未勝利","ダ1700m (右)","11:30","雨","良","8","4","5","ミュージックマン","牡3","牡","3","57.0","キング","1:49.3","3","4.0","5.9","39.2","14-14-11-8","美浦大和田","482(+14)","https://race.netkeiba.com/race/result.html?race_id=202501010804&rf=race_list"
"830","9","2025年8月17日","札幌","4R","3歳未勝利","ダ1700m (右)","11:30","雨","良","9","3","4","アカオー","牡3","牡","3","54.0","▲舟山","1:49.3","アタマ","8.0","18.9","38.7","10-9-14-13","栗東浜田","456(+4)","https://race.netkeiba.com/race/result.html?race_id=202501010804&rf=race_list"
"831","10","2025年8月17日","札幌","4R","3歳未勝利","ダ1700m (右)","11:30","雨","良","10","5","7","パーソナルレコード","牡3","牡","3","56.0","☆松本","1:49.3","クビ","11.0","160.6","39.0","4-4-12-12","栗東高柳大","504(+4)","https://race.netkeiba.com/race/result.html?race_id=202501010804&rf=race_list"
"832","11","2025年8月17日","札幌","4R","3歳未勝利","ダ1700m (右)","11:30","雨","良","11","6","9","アイズミサクラ","牝3","牝","3","55.0","岩田康","1:50.3","6","10.0","82.3","41.5","1-1-2-5","栗東牧田","442(-6)","https://race.netkeiba.com/race/result.html?race_id=202501010804&rf=race_list"
"833","12","2025年8月17日","札幌","4R","3歳未勝利","ダ1700m (右)","11:30","雨","良","12","7","11","ブラックレッド","牡3","牡","3","57.0","原田和","1:50.3","ハナ","13.0","366.7","40.3","11-12-8-9","美浦松山","474(+3)","https://race.netkeiba.com/race/result.html?race_id=202501010804&rf=race_list"
"834","13","2025年8月17日","札幌","4R","3歳未勝利","ダ1700m (右)","11:30","雨","良","13","4","6","エムズドリーム","牡3","牡","3","57.0","古川吉","1:50.3","クビ","14.0","418.5","40.0","11-12-12-13","栗東谷","422(+4)","https://race.netkeiba.com/race/result.html?race_id=202501010804&rf=race_list"
"835","14","2025年8月17日","札幌","4R","3歳未勝利","ダ1700m (右)","11:30","雨","良","14","2","2","エコロアテナ","牝3","牝","3","55.0","佐々木","1:50.4","クビ","9.0","25.9","41.3","5-4-3-6","栗東須貝","424(-6)","https://race.netkeiba.com/race/result.html?race_id=202501010804&rf=race_list"
"836","1","2025年8月17日","札幌","5R","2歳新馬","芝1800m (右A)","12:20","雨","稍","1","1","1","ジャスティンシカゴ","牡2","牡","2","55.0","武豊","1:52.6","","2.0","2.2","35.6","1-1-1-1","美浦宮田","488(0)","https://race.netkeiba.com/race/result.html?race_id=202501010805&rf=race_list"
"837","2","2025年8月17日","札幌","5R","2歳新馬","芝1800m (右A)","12:20","雨","稍","2","5","5","ジーティーメティオ","牝2","牝","2","55.0","藤岡佑","1:52.6","クビ","1.0","1.9","35.1","5-5-5-3","栗東矢作","460(0)","https://race.netkeiba.com/race/result.html?race_id=202501010805&rf=race_list"
"838","3","2025年8月17日","札幌","5R","2歳新馬","芝1800m (右A)","12:20","雨","稍","3","4","4","ショウナンバーボン","牡2","牡","2","55.0","池添","1:54.1","9","3.0","5.8","37.0","2-2-2-2","美浦加藤士","444(0)","https://race.netkeiba.com/race/result.html?race_id=202501010805&rf=race_list"
"839","4","2025年8月17日","札幌","5R","2歳新馬","芝1800m (右A)","12:20","雨","稍","4","2","2","スーパーガール","牝2","牝","2","55.0","丹内","1:54.1","ハナ","4.0","11.8","36.8","3-3-3-4","美浦伊藤圭","490(0)","https://race.netkeiba.com/race/result.html?race_id=202501010805&rf=race_list"
"840","5","2025年8月17日","札幌","5R","2歳新馬","芝1800m (右A)","12:20","雨","稍","5","3","3","オーケーグレイス","牝2","牝","2","55.0","鮫島駿","1:59.3","大","5.0","25.4","42.0","3-3-3-5","美浦相沢","430(0)","https://race.netkeiba.com/race/result.html?race_id=202501010805&rf=race_list"
"841","1","2025年8月17日","札幌","6R","3歳以上1勝クラス","ダ1000m (右)","12:50","雨","稍","1","3","3","ミルフルール","牝4","牝","4","56.0","斎藤","0:58.6","","5.0","12.7","34.9","2-2","美浦伊坂","488(+6)","https://race.netkeiba.com/race/result.html?race_id=202501010806&rf=race_list"
"842","2","2025年8月17日","札幌","6R","3歳以上1勝クラス","ダ1000m (右)","12:50","雨","稍","2","8","12","ミニョンマルーン","牝3","牝","3","51.0","▲小林美","0:58.6","クビ","1.0","1.4","35.6","1-1","美浦伊藤圭","476(+4)","https://race.netkeiba.com/race/result.html?race_id=202501010806&rf=race_list"
"843","3","2025年8月17日","札幌","6R","3歳以上1勝クラス","ダ1000m (右)","12:50","雨","稍","3","5","6","ハヤテノツバサ","牡3","牡","3","56.0","鮫島駿","0:58.9","2","2.0","7.8","35.0","3-3","栗東杉山佳","498(-6)","https://race.netkeiba.com/race/result.html?race_id=202501010806&rf=race_list"
"844","4","2025年8月17日","札幌","6R","3歳以上1勝クラス","ダ1000m (右)","12:50","雨","稍","4","7","9","セイゲン","セ6","セ","6","55.0","▲舟山","0:59.3","2.1/2","8.0","28.9","34.8","7-6","美浦中川","456(0)","https://race.netkeiba.com/race/result.html?race_id=202501010806&rf=race_list"
"845","5","2025年8月17日","札幌","6R","3歳以上1勝クラス","ダ1000m (右)","12:50","雨","稍","5","6","8","イノキ","牡3","牡","3","56.0","木幡巧","0:59.3","ハナ","6.0","14.6","34.9","5-4","美浦岩戸","488(0)","https://race.netkeiba.com/race/result.html?race_id=202501010806&rf=race_list"
"846","6","2025年8月17日","札幌","6R","3歳以上1勝クラス","ダ1000m (右)","12:50","雨","稍","6","2","2","ペレグリン","牝4","牝","4","56.0","佐々木","0:59.5","3/4","3.0","9.7","34.5","10-9","栗東河嶋","434(-6)","https://race.netkeiba.com/race/result.html?race_id=202501010806&rf=race_list"
"847","7","2025年8月17日","札幌","6R","3歳以上1勝クラス","ダ1000m (右)","12:50","雨","稍","7","5","5","サイモンプレジール","牡4","牡","4","55.0","▲橋木","0:59.6","3/4","12.0","353.7","35.1","7-7","美浦加藤和","486(-4)","https://race.netkeiba.com/race/result.html?race_id=202501010806&rf=race_list"
"848","8","2025年8月17日","札幌","6R","3歳以上1勝クラス","ダ1000m (右)","12:50","雨","稍","8","4","4","エスグラシア","牝6","牝","6","53.0","▲森田","1:00.1","3","10.0","270.7","35.6","7-9","美浦加藤和","470(-4)","https://race.netkeiba.com/race/result.html?race_id=202501010806&rf=race_list"
"849","9","2025年8月17日","札幌","6R","3歳以上1勝クラス","ダ1000m (右)","12:50","雨","稍","9","1","1","サノノアメリカン","牡3","牡","3","53.0","▲和田陽","1:00.1","ハナ","9.0","31.3","35.8","5-7","美浦天間","470(+4)","https://race.netkeiba.com/race/result.html?race_id=202501010806&rf=race_list"
"850","10","2025年8月17日","札幌","6R","3歳以上1勝クラス","ダ1000m (右)","12:50","雨","稍","10","7","10","テイオームサシ","牡3","牡","3","56.0","荻野琢","1:00.3","1","7.0","28.6","35.0","11-11","栗東秋山","496(+8)","https://race.netkeiba.com/race/result.html?race_id=202501010806&rf=race_list"
"851","11","2025年8月17日","札幌","6R","3歳以上1勝クラス","ダ1000m (右)","12:50","雨","稍","11","6","7","フェリーニ","牡4","牡","4","58.0","藤岡佑","1:01.2","5","4.0","12.0","37.0","4-4","栗東橋口","508(-2)","https://race.netkeiba.com/race/result.html?race_id=202501010806&rf=race_list"
"852","12","2025年8月17日","札幌","6R","3歳以上1勝クラス","ダ1000m (右)","12:50","雨","稍","12","8","11","ブルーデイジー","牝6","牝","6","53.0","▲古川奈","1:01.5","2","11.0","332.1","36.1","12-12","美浦的場","454(0)","https://race.netkeiba.com/race/result.html?race_id=202501010806&rf=race_list"
"853","1","2025年8月17日","札幌","7R","3歳以上1勝クラス","芝1500m (右A)","13:25","雨","稍","1","4","5","ピコローズ","牝3","牝","3","53.0","佐々木","1:29.9","","1.0","3.4","35.4","3-3-2","美浦伊藤大","432(0)","https://race.netkeiba.com/race/result.html?race_id=202501010807&rf=race_list"
"854","2","2025年8月17日","札幌","7R","3歳以上1勝クラス","芝1500m (右A)","13:25","雨","稍","2","4","6","ユーティジャーニー","牝3","牝","3","50.0","▲小林美","1:29.9","クビ","4.0","7.2","35.2","5-7-5","美浦矢嶋","422(-6)","https://race.netkeiba.com/race/result.html?race_id=202501010807&rf=race_list"
"855","3","2025年8月17日","札幌","7R","3歳以上1勝クラス","芝1500m (右A)","13:25","雨","稍","3","2","2","クリールスル","牝3","牝","3","53.0","丹内","1:30.0","3/4","5.0","8.8","35.4","5-6-4","美浦矢野","460(+2)","https://race.netkeiba.com/race/result.html?race_id=202501010807&rf=race_list"
"856","4","2025年8月17日","札幌","7R","3歳以上1勝クラス","芝1500m (右A)","13:25","雨","稍","4","8","13","インマイポケット","牝4","牝","4","56.0","武豊","1:30.1","3/4","3.0","6.1","35.1","10-10-9","栗東武幸","440(+12)","https://race.netkeiba.com/race/result.html?race_id=202501010807&rf=race_list"
"857","5","2025年8月17日","札幌","7R","3歳以上1勝クラス","芝1500m (右A)","13:25","雨","稍","5","1","1","ルナルーチェット","牝3","牝","3","53.0","キング","1:30.3","3/4","2.0","4.0","36.0","2-2-1","美浦国枝","418(0)","https://race.netkeiba.com/race/result.html?race_id=202501010807&rf=race_list"
"858","6","2025年8月17日","札幌","7R","3歳以上1勝クラス","芝1500m (右A)","13:25","雨","稍","6","3","3","ヒットザグラウンド","牝3","牝","3","53.0","古川吉","1:30.6","2","8.0","22.0","35.7","7-9-7","栗東四位","446(-2)","https://race.netkeiba.com/race/result.html?race_id=202501010807&rf=race_list"
"859","7","2025年8月17日","札幌","7R","3歳以上1勝クラス","芝1500m (右A)","13:25","雨","稍","7","7","12","マルカシャルマン","牝5","牝","5","53.0","▲柴田裕","1:30.9","1.1/2","13.0","135.7","36.1","8-7-9","栗東浜田","448(-2)","https://race.netkeiba.com/race/result.html?race_id=202501010807&rf=race_list"
"860","8","2025年8月17日","札幌","7R","3歳以上1勝クラス","芝1500m (右A)","13:25","雨","稍","8","5","7","ルージュミレネール","牝3","牝","3","53.0","斎藤","1:30.9","クビ","12.0","83.5","35.7","10-12-9","美浦斎藤誠","438(-2)","https://race.netkeiba.com/race/result.html?race_id=202501010807&rf=race_list"
"861","9","2025年8月17日","札幌","7R","3歳以上1勝クラス","芝1500m (右A)","13:25","雨","稍","9","3","4","ルージュマローネ","牝3","牝","3","53.0","横山和","1:31.0","クビ","9.0","36.7","36.7","1-1-2","美浦栗田","476(0)","https://race.netkeiba.com/race/result.html?race_id=202501010807&rf=race_list"
"862","10","2025年8月17日","札幌","7R","3歳以上1勝クラス","芝1500m (右A)","13:25","雨","稍","10","7","11","ベルファスト","牝4","牝","4","56.0","鮫島駿","1:31.1","1/2","11.0","46.9","36.6","3-3-5","栗東今野","482(-19)","https://race.netkeiba.com/race/result.html?race_id=202501010807&rf=race_list"
"863","11","2025年8月17日","札幌","7R","3歳以上1勝クラス","芝1500m (右A)","13:25","雨","稍","11","6","9","ホウオウガイア","牝3","牝","3","53.0","荻野琢","1:31.1","1/2","7.0","19.6","35.8","12-12-12","美浦大竹","438(+2)","https://race.netkeiba.com/race/result.html?race_id=202501010807&rf=race_list"
"864","12","2025年8月17日","札幌","7R","3歳以上1勝クラス","芝1500m (右A)","13:25","雨","稍","12","8","14","ラヴスコール","牝4","牝","4","56.0","横山典","1:31.3","1.1/4","6.0","10.1","36.1","13-12-12","美浦加藤征","428(+4)","https://race.netkeiba.com/race/result.html?race_id=202501010807&rf=race_list"
"865","13","2025年8月17日","札幌","7R","3歳以上1勝クラス","芝1500m (右A)","13:25","雨","稍","13","5","8","プロクレイア","牝3","牝","3","53.0","北村友","1:32.0","4","10.0","40.2","37.5","13-3-7","栗東小林","472(+2)","https://race.netkeiba.com/race/result.html?race_id=202501010807&rf=race_list"
"866","14","2025年8月17日","札幌","7R","3歳以上1勝クラス","芝1500m (右A)","13:25","雨","稍","14","6","10","パーリーラスター","牝3","牝","3","52.0","☆松本","1:32.1","1/2","14.0","138.1","37.1","8-10-12","美浦池上","444(+4)","https://race.netkeiba.com/race/result.html?race_id=202501010807&rf=race_list"
"867","1","2025年8月17日","札幌","8R","3歳以上1勝クラス","ダ1700m (右)","14:01","小雨","稍","1","4","4","ディアウス","牡3","牡","3","55.0","北村友","1:45.2","","1.0","2.8","37.4","3-3-3-2","栗東吉岡","460(+8)","https://race.netkeiba.com/race/result.html?race_id=202501010808&rf=race_list"
"868","2","2025年8月17日","札幌","8R","3歳以上1勝クラス","ダ1700m (右)","14:01","小雨","稍","2","2","2","ホウオウバローロ","牡4","牡","4","56.0","△鷲頭","1:45.3","クビ","3.0","4.9","37.5","5-5-3-2","栗東前川","460(+2)","https://race.netkeiba.com/race/result.html?race_id=202501010808&rf=race_list"
"869","3","2025年8月17日","札幌","8R","3歳以上1勝クラス","ダ1700m (右)","14:01","小雨","稍","3","8","12","タマモジャスミン","牝3","牝","3","50.0","▲森田","1:45.7","2.1/2","4.0","9.7","38.2","2-2-1-1","栗東大橋","506(0)","https://race.netkeiba.com/race/result.html?race_id=202501010808&rf=race_list"
"870","4","2025年8月17日","札幌","8R","3歳以上1勝クラス","ダ1700m (右)","14:01","小雨","稍","4","8","13","ローズマイスター","牡3","牡","3","52.0","▲小林美","1:45.9","1.1/4","2.0","3.3","37.6","12-13-8-4","美浦黒岩","512(+2)","https://race.netkeiba.com/race/result.html?race_id=202501010808&rf=race_list"
"871","5","2025年8月17日","札幌","8R","3歳以上1勝クラス","ダ1700m (右)","14:01","小雨","稍","5","6","8","ユウェンタース","牝3","牝","3","53.0","斎藤","1:45.9","クビ","9.0","37.9","37.8","8-8-6-4","栗東宮","480(-10)","https://race.netkeiba.com/race/result.html?race_id=202501010808&rf=race_list"
"872","6","2025年8月17日","札幌","8R","3歳以上1勝クラス","ダ1700m (右)","14:01","小雨","稍","6","6","9","ニシノブレイゼスト","牡3","牡","3","55.0","池添","1:46.5","3.1/2","5.0","11.6","38.0","12-12-10-9","美浦高木","500(+4)","https://race.netkeiba.com/race/result.html?race_id=202501010808&rf=race_list"
"873","7","2025年8月17日","札幌","8R","3歳以上1勝クラス","ダ1700m (右)","14:01","小雨","稍","7","7","11","ルーメン","牝3","牝","3","50.0","▲古川奈","1:46.8","1.1/2","11.0","269.1","38.2","10-10-10-9","栗東前川","420(+4)","https://race.netkeiba.com/race/result.html?race_id=202501010808&rf=race_list"
"874","8","2025年8月17日","札幌","8R","3歳以上1勝クラス","ダ1700m (右)","14:01","小雨","稍","8","5","6","デルマサクラサク","牝3","牝","3","53.0","鮫島駿","1:46.8","ハナ","8.0","32.1","38.1","10-10-12-11","栗東牧田","474(+6)","https://race.netkeiba.com/race/result.html?race_id=202501010808&rf=race_list"
"875","9","2025年8月17日","札幌","8R","3歳以上1勝クラス","ダ1700m (右)","14:01","小雨","稍","9","1","1","ラルフテソーロ","牡3","牡","3","55.0","丹内","1:47.7","5","6.0","12.1","39.9","3-3-3-7","美浦伊藤圭","506(+2)","https://race.netkeiba.com/race/result.html?race_id=202501010808&rf=race_list"
"876","10","2025年8月17日","札幌","8R","3歳以上1勝クラス","ダ1700m (右)","14:01","小雨","稍","10","4","5","オドラニャソンソン","牡3","牡","3","52.0","▲舟山","1:48.1","2.1/2","10.0","245.6","40.0","7-7-6-8","栗東東田","458(-2)","https://race.netkeiba.com/race/result.html?race_id=202501010808&rf=race_list"
"877","11","2025年8月17日","札幌","8R","3歳以上1勝クラス","ダ1700m (右)","14:01","小雨","稍","11","5","7","デンリッレハウエル","牝3","牝","3","53.0","小野楓","1:48.5","2.1/2","12.0","397.1","39.8","9-9-12-12","美浦林","414(-14)","https://race.netkeiba.com/race/result.html?race_id=202501010808&rf=race_list"
"878","12","2025年8月17日","札幌","8R","3歳以上1勝クラス","ダ1700m (右)","14:01","小雨","稍","12","3","3","サンダーロード","牡3","牡","3","55.0","佐々木","1:48.8","1.3/4","7.0","18.5","41.2","1-1-2-6","栗東杉山晴","540(+4)","https://race.netkeiba.com/race/result.html?race_id=202501010808&rf=race_list"
"879","13","2025年8月17日","札幌","8R","3歳以上1勝クラス","ダ1700m (右)","14:01","小雨","稍","13","7","10","テーオースミス","牡5","牡","5","55.0","▲橋木","1:49.6","5","13.0","415.2","41.4","5-5-8-13","栗東藤野","462(+14)","https://race.netkeiba.com/race/result.html?race_id=202501010808&rf=race_list"
"880","1","2025年8月17日","札幌","9R","小樽特別","芝1200m (右A)","14:35","曇","稍","1","6","12","ハリウッドメモリー","牝3","牝","3","54.0","横山和","1:10.1","","4.0","7.3","34.5","9-7","栗東長谷川","450(-8)","https://race.netkeiba.com/race/result.html?race_id=202501010809&rf=race_list"
"881","2","2025年8月17日","札幌","9R","小樽特別","芝1200m (右A)","14:35","曇","稍","2","8","16","ジョーブラック","牡3","牡","3","56.0","浜中","1:10.3","1.1/4","8.0","30.1","35.0","6-4","栗東清水久","500(+2)","https://race.netkeiba.com/race/result.html?race_id=202501010809&rf=race_list"
"882","3","2025年8月17日","札幌","9R","小樽特別","芝1200m (右A)","14:35","曇","稍","3","7","13","ミクストベリーズ","牡3","牡","3","56.0","キング","1:10.3","ハナ","3.0","5.1","34.5","11-10","美浦伊藤圭","470(-10)","https://race.netkeiba.com/race/result.html?race_id=202501010809&rf=race_list"
"883","4","2025年8月17日","札幌","9R","小樽特別","芝1200m (右A)","14:35","曇","稍","4","1","1","グランテレーズ","牝4","牝","4","56.0","鮫島駿","1:10.3","クビ","9.0","42.5","35.5","1-1","栗東渡辺","454(-12)","https://race.netkeiba.com/race/result.html?race_id=202501010809&rf=race_list"
"884","5","2025年8月17日","札幌","9R","小樽特別","芝1200m (右A)","14:35","曇","稍","5","1","2","クインズスピカ","牝4","牝","4","56.0","横山典","1:10.5","1","5.0","8.0","35.3","3-4","美浦村田","470(0)","https://race.netkeiba.com/race/result.html?race_id=202501010809&rf=race_list"
"885","6","2025年8月17日","札幌","9R","小樽特別","芝1200m (右A)","14:35","曇","稍","6","3","5","ダガーリング","牡3","牡","3","56.0","吉田隼","1:10.6","3/4","11.0","69.0","34.7","11-11","美浦和田雄","538(-4)","https://race.netkeiba.com/race/result.html?race_id=202501010809&rf=race_list"
"886","7","2025年8月17日","札幌","9R","小樽特別","芝1200m (右A)","14:35","曇","稍","7","7","14","アルマロクザン","牝5","牝","5","56.0","松岡","1:10.6","アタマ","15.0","346.1","35.5","3-2","美浦伊藤伸","472(-4)","https://race.netkeiba.com/race/result.html?race_id=202501010809&rf=race_list"
"887","8","2025年8月17日","札幌","9R","小樽特別","芝1200m (右A)","14:35","曇","稍","8","2","3","ランスオブサウンド","牝5","牝","5","56.0","斎藤","1:10.7","クビ","7.0","30.0","35.2","7-7","栗東奥村豊","458(-2)","https://race.netkeiba.com/race/result.html?race_id=202501010809&rf=race_list"
"888","9","2025年8月17日","札幌","9R","小樽特別","芝1200m (右A)","14:35","曇","稍","9","5","10","シンデレラスマイル","牝5","牝","5","56.0","木幡巧","1:10.8","3/4","14.0","245.8","35.2","9-11","美浦武藤","440(0)","https://race.netkeiba.com/race/result.html?race_id=202501010809&rf=race_list"
"889","10","2025年8月17日","札幌","9R","小樽特別","芝1200m (右A)","14:35","曇","稍","10","6","11","マイネルステラート","牡3","牡","3","56.0","丹内","1:10.9","1/2","1.0","3.4","35.9","2-2","美浦高木","462(-4)","https://race.netkeiba.com/race/result.html?race_id=202501010809&rf=race_list"
"890","11","2025年8月17日","札幌","9R","小樽特別","芝1200m (右A)","14:35","曇","稍","11","3","6","マジカルシャイン","牝3","牝","3","54.0","武豊","1:11.1","1.1/4","6.0","9.3","35.0","14-11","栗東武英","488(+2)","https://race.netkeiba.com/race/result.html?race_id=202501010809&rf=race_list"
"891","12","2025年8月17日","札幌","9R","小樽特別","芝1200m (右A)","14:35","曇","稍","12","4","7","クラウンウルル","牡3","牡","3","56.0","佐々木","1:11.1","クビ","10.0","49.0","35.7","7-7","美浦菊川","474(-2)","https://race.netkeiba.com/race/result.html?race_id=202501010809&rf=race_list"
"892","13","2025年8月17日","札幌","9R","小樽特別","芝1200m (右A)","14:35","曇","稍","13","5","9","マキシマムドライブ","牡3","牡","3","56.0","服部茂","1:11.2","クビ","2.0","4.0","35.4","11-15","地方田中淳","522(-2)","https://race.netkeiba.com/race/result.html?race_id=202501010809&rf=race_list"
"893","14","2025年8月17日","札幌","9R","小樽特別","芝1200m (右A)","14:35","曇","稍","14","4","8","ジーティースピカ","牝4","牝","4","56.0","松本","1:11.2","クビ","16.0","404.6","35.1","14-15","美浦加藤和","468(0)","https://race.netkeiba.com/race/result.html?race_id=202501010809&rf=race_list"
"894","15","2025年8月17日","札幌","9R","小樽特別","芝1200m (右A)","14:35","曇","稍","15","8","15","カップッチョ","牡8","牡","8","58.0","古川奈","1:11.4","3/4","13.0","169.8","35.4","14-14","美浦南田","500(+6)","https://race.netkeiba.com/race/result.html?race_id=202501010809&rf=race_list"
"895","16","2025年8月17日","札幌","9R","小樽特別","芝1200m (右A)","14:35","曇","稍","16","2","4","ナユタ","牝3","牝","3","54.0","小野楓","1:11.4","クビ","12.0","113.2","36.2","3-4","地方小野望","436(+2)","https://race.netkeiba.com/race/result.html?race_id=202501010809&rf=race_list"
"896","1","2025年8月17日","札幌","10R","大通公園特別","ダ1000m (右)","15:10","曇","稍","1","7","8","カウスリップ","牝3","牝","3","54.0","横山和","0:58.7","","2.0","3.7","35.5","4-3","美浦中舘","544(+14)","https://race.netkeiba.com/race/result.html?race_id=202501010810&rf=race_list"
"897","2","2025年8月17日","札幌","10R","大通公園特別","ダ1000m (右)","15:10","曇","稍","2","2","2","パールフロント","牝3","牝","3","54.0","川又","0:58.7","クビ","3.0","4.5","35.4","5-5","栗東寺島","538(-4)","https://race.netkeiba.com/race/result.html?race_id=202501010810&rf=race_list"
"898","3","2025年8月17日","札幌","10R","大通公園特別","ダ1000m (右)","15:10","曇","稍","3","8","10","ジーベック","牡4","牡","4","58.0","古川奈","0:59.1","2","7.0","14.9","35.1","8-8","栗東矢作","452(-2)","https://race.netkeiba.com/race/result.html?race_id=202501010810&rf=race_list"
"899","4","2025年8月17日","札幌","10R","大通公園特別","ダ1000m (右)","15:10","曇","稍","4","6","7","サベージラヴ","牝4","牝","4","56.0","佐々木","0:59.1","クビ","4.0","10.3","36.2","2-2","美浦伊藤圭","466(-6)","https://race.netkeiba.com/race/result.html?race_id=202501010810&rf=race_list"
"900","5","2025年8月17日","札幌","10R","大通公園特別","ダ1000m (右)","15:10","曇","稍","5","5","5","サンディブロンド","牝4","牝","4","56.0","丹内","0:59.3","1","9.0","45.9","36.3","3-3","美浦鈴木慎","486(-8)","https://race.netkeiba.com/race/result.html?race_id=202501010810&rf=race_list"
"901","6","2025年8月17日","札幌","10R","大通公園特別","ダ1000m (右)","15:10","曇","稍","6","8","11","ルーラルハピネス","牝5","牝","5","56.0","藤岡佑","0:59.3","クビ","6.0","13.0","35.9","6-5","美浦伊藤大","476(+6)","https://race.netkeiba.com/race/result.html?race_id=202501010810&rf=race_list"
"902","7","2025年8月17日","札幌","10R","大通公園特別","ダ1000m (右)","15:10","曇","稍","7","6","6","ヴェラリーシャ","牝4","牝","4","56.0","木幡巧","0:59.4","クビ","10.0","68.0","36.0","6-7","美浦伊藤圭","478(-6)","https://race.netkeiba.com/race/result.html?race_id=202501010810&rf=race_list"
"903","8","2025年8月17日","札幌","10R","大通公園特別","ダ1000m (右)","15:10","曇","稍","8","1","1","クラリティスケール","牝6","牝","6","56.0","古川吉","0:59.5","1/2","8.0","38.5","35.2","10-9","栗東藤野","454(-6)","https://race.netkeiba.com/race/result.html?race_id=202501010810&rf=race_list"
"904","9","2025年8月17日","札幌","10R","大通公園特別","ダ1000m (右)","15:10","曇","稍","9","7","9","ヒロノゴウカイ","牡6","牡","6","58.0","松岡","0:59.7","1.1/4","11.0","105.9","35.5","9-9","美浦蛯名利","496(0)","https://race.netkeiba.com/race/result.html?race_id=202501010810&rf=race_list"
"905","10","2025年8月17日","札幌","10R","大通公園特別","ダ1000m (右)","15:10","曇","稍","10","3","3","カンザシ","牝6","牝","6","56.0","キング","0:59.9","1.1/2","5.0","11.1","35.4","11-11","美浦蛯名正","506(+10)","https://race.netkeiba.com/race/result.html?race_id=202501010810&rf=race_list"
"906","11","2025年8月17日","札幌","10R","大通公園特別","ダ1000m (右)","15:10","曇","稍","11","4","4","ペイシャヴァルツー","牝3","牝","3","54.0","松本","0:59.9","アタマ","1.0","2.7","37.1","1-1","栗東吉田","450(+4)","https://race.netkeiba.com/race/result.html?race_id=202501010810&rf=race_list"
"907","1","2025年8月17日","札幌","11R","札幌記念","芝2000m (右A)","15:45","曇","稍","1","5","9","トップナイフ","牡5","牡","5","58.0","横山典","2:01.5","","10.0","25.6","36.2","12-11-5-3","栗東昆","484(-8)","https://race.netkeiba.com/race/result.html?race_id=202501010811&rf=race_list"
"908","2","2025年8月17日","札幌","11R","札幌記念","芝2000m (右A)","15:45","曇","稍","2","8","15","ココナッツブラウン","牝5","牝","5","56.0","北村友","2:01.7","1","2.0","5.0","35.5","11-11-12-10","栗東上村","460(-10)","https://race.netkeiba.com/race/result.html?race_id=202501010811&rf=race_list"
"909","3","2025年8月17日","札幌","11R","札幌記念","芝2000m (右A)","15:45","曇","稍","3","7","14","アラタ","牡8","牡","8","58.0","浜中","2:01.8","3/4","13.0","134.5","35.0","14-14-14-10","美浦和田勇","472(+4)","https://race.netkeiba.com/race/result.html?race_id=202501010811&rf=race_list"
"910","4","2025年8月17日","札幌","11R","札幌記念","芝2000m (右A)","15:45","曇","稍","4","3","6","ケイアイセナ","牡6","牡","6","58.0","吉田隼","2:01.8","ハナ","12.0","61.6","37.0","2-2-2-1","栗東平田","470(-12)","https://race.netkeiba.com/race/result.html?race_id=202501010811&rf=race_list"
"911","5","2025年8月17日","札幌","11R","札幌記念","芝2000m (右A)","15:45","曇","稍","5","5","10","ヴェローチェエラ","牡4","牡","4","58.0","佐々木","2:01.9","1/2","5.0","7.0","35.1","15-16-14-13","栗東須貝","500(+4)","https://race.netkeiba.com/race/result.html?race_id=202501010811&rf=race_list"
"912","6","2025年8月17日","札幌","11R","札幌記念","芝2000m (右A)","15:45","曇","稍","6","1","1","リビアングラス","牡5","牡","5","58.0","鮫島駿","2:02.2","1.1/2","8.0","22.4","36.8","4-5-6-6","栗東矢作","496(-4)","https://race.netkeiba.com/race/result.html?race_id=202501010811&rf=race_list"
"913","7","2025年8月17日","札幌","11R","札幌記念","芝2000m (右A)","15:45","曇","稍","7","2","3","シュトルーヴェ","セ6","セ","6","58.0","キング","2:02.3","1/2","7.0","19.8","36.4","9-9-10-10","美浦堀","478(-4)","https://race.netkeiba.com/race/result.html?race_id=202501010811&rf=race_list"
"914","8","2025年8月17日","札幌","11R","札幌記念","芝2000m (右A)","15:45","曇","稍","7","3","5","ホウオウビスケッツ","牡5","牡","5","58.0","岩田康","2:02.3","1/2","1.0","3.7","37.1","3-3-3-3","美浦奥村武","514(+12)","https://race.netkeiba.com/race/result.html?race_id=202501010811&rf=race_list"
"915","9","2025年8月17日","札幌","11R","札幌記念","芝2000m (右A)","15:45","曇","稍","9","1","2","ボーンディスウェイ","牡6","牡","6","58.0","木幡巧","2:02.4","3/4","14.0","139.3","36.7","7-7-8-7","美浦牧","496(-2)","https://race.netkeiba.com/race/result.html?race_id=202501010811&rf=race_list"
"916","10","2025年8月17日","札幌","11R","札幌記念","芝2000m (右A)","15:45","曇","稍","10","2","4","コスモキュランダ","牡4","牡","4","58.0","丹内","2:02.6","1.1/2","6.0","10.7","36.1","12-13-13-13","美浦加藤士","498(-6)","https://race.netkeiba.com/race/result.html?race_id=202501010811&rf=race_list"
"917","11","2025年8月17日","札幌","11R","札幌記念","芝2000m (右A)","15:45","曇","稍","11","6","12","アルナシーム","牡6","牡","6","58.0","藤岡佑","2:02.6","アタマ","9.0","24.1","36.7","9-9-10-9","栗東橋口","448(-4)","https://race.netkeiba.com/race/result.html?race_id=202501010811&rf=race_list"
"918","12","2025年8月17日","札幌","11R","札幌記念","芝2000m (右A)","15:45","曇","稍","12","4","7","ハヤテノフクノスケ","牡4","牡","4","58.0","横山和","2:02.7","クビ","4.0","7.0","37.5","6-5-3-3","栗東中村","534(+2)","https://race.netkeiba.com/race/result.html?race_id=202501010811&rf=race_list"
"919","13","2025年8月17日","札幌","11R","札幌記念","芝2000m (右A)","15:45","曇","稍","13","7","13","アウスヴァール","セ7","セ","7","58.0","古川吉","2:03.0","1.3/4","15.0","270.3","38.4","1-1-1-2","栗東昆","488(+2)","https://race.netkeiba.com/race/result.html?race_id=202501010811&rf=race_list"
"920","14","2025年8月17日","札幌","11R","札幌記念","芝2000m (右A)","15:45","曇","稍","14","8","16","シュヴァリエローズ","牡7","牡","7","58.0","武豊","2:03.3","1.3/4","11.0","50.4","36.6","16-14-14-16","栗東清水久","462(-4)","https://race.netkeiba.com/race/result.html?race_id=202501010811&rf=race_list"
"921","15","2025年8月17日","札幌","11R","札幌記念","芝2000m (右A)","15:45","曇","稍","15","4","8","ステレンボッシュ","牝4","牝","4","56.0","池添","2:03.4","3/4","3.0","5.5","37.7","7-7-8-7","美浦国枝","472(+4)","https://race.netkeiba.com/race/result.html?race_id=202501010811&rf=race_list"
"922","16","2025年8月17日","札幌","11R","札幌記念","芝2000m (右A)","15:45","曇","稍","16","6","11","ショウナンアデイブ","牡6","牡","6","58.0","荻野琢","2:05.5","大","16.0","431.3","40.0","4-4-6-13","栗東高野","516(+4)","https://race.netkeiba.com/race/result.html?race_id=202501010811&rf=race_list"
"923","1","2025年8月17日","札幌","12R","阿寒湖特別","芝2600m (右A)","16:30","曇","稍","1","5","7","レクスノヴァス","牡3","牡","3","55.0","横山和","2:43.2","","2.0","3.1","36.4","2-3-3-3","栗東上村","490(-2)","https://race.netkeiba.com/race/result.html?race_id=202501010812&rf=race_list"
"924","2","2025年8月17日","札幌","12R","阿寒湖特別","芝2600m (右A)","16:30","曇","稍","2","5","8","ヴァイザーバルコ","セ5","セ","5","58.0","古川吉","2:43.7","3","9.0","33.4","36.3","11-11-9-3","美浦水野","474(+2)","https://race.netkeiba.com/race/result.html?race_id=202501010812&rf=race_list"
"925","3","2025年8月17日","札幌","12R","阿寒湖特別","芝2600m (右A)","16:30","曇","稍","3","3","4","フィーリウス","牡3","牡","3","55.0","丹内","2:43.9","1.1/2","7.0","15.7","37.1","4-4-3-2","美浦手塚久","504(+2)","https://race.netkeiba.com/race/result.html?race_id=202501010812&rf=race_list"
"926","4","2025年8月17日","札幌","12R","阿寒湖特別","芝2600m (右A)","16:30","曇","稍","4","1","1","ウインネモフィラ","牝5","牝","5","56.0","木幡巧","2:43.9","ハナ","10.0","43.4","36.5","8-8-9-3","美浦奥平","444(-8)","https://race.netkeiba.com/race/result.html?race_id=202501010812&rf=race_list"
"927","5","2025年8月17日","札幌","12R","阿寒湖特別","芝2600m (右A)","16:30","曇","稍","5","8","14","ライフセービング","牡4","牡","4","58.0","鮫島駿","2:44.3","2","5.0","11.3","36.3","13-13-11-10","栗東宮","454(-4)","https://race.netkeiba.com/race/result.html?race_id=202501010812&rf=race_list"
"928","6","2025年8月17日","札幌","12R","阿寒湖特別","芝2600m (右A)","16:30","曇","稍","6","4","6","ウインマクシマム","牡4","牡","4","58.0","松岡","2:44.3","クビ","1.0","3.1","37.7","1-1-1-1","美浦畠山","498(-2)","https://race.netkeiba.com/race/result.html?race_id=202501010812&rf=race_list"
"929","7","2025年8月17日","札幌","12R","阿寒湖特別","芝2600m (右A)","16:30","曇","稍","7","2","2","シュバルツマサムネ","牡3","牡","3","55.0","北村友","2:44.4","クビ","3.0","6.1","37.3","4-5-5-7","栗東杉山佳","462(-10)","https://race.netkeiba.com/race/result.html?race_id=202501010812&rf=race_list"
"930","8","2025年8月17日","札幌","12R","阿寒湖特別","芝2600m (右A)","16:30","曇","稍","8","6","9","アルベリック","牡4","牡","4","58.0","柴田裕","2:44.4","クビ","11.0","147.8","37.2","6-6-6-8","栗東中竹","482(+2)","https://race.netkeiba.com/race/result.html?race_id=202501010812&rf=race_list"
"931","9","2025年8月17日","札幌","12R","阿寒湖特別","芝2600m (右A)","16:30","曇","稍","9","6","10","シテフローラル","セ7","セ","7","58.0","キング","2:44.6","3/4","6.0","15.7","37.3","8-8-7-8","美浦堀","438(+4)","https://race.netkeiba.com/race/result.html?race_id=202501010812&rf=race_list"
"932","10","2025年8月17日","札幌","12R","阿寒湖特別","芝2600m (右A)","16:30","曇","稍","10","7","12","レイピカケ","牝4","牝","4","56.0","藤岡佑","2:45.7","7","8.0","20.3","37.4","14-14-13-12","栗東野中","460(-2)","https://race.netkeiba.com/race/result.html?race_id=202501010812&rf=race_list"
"933","11","2025年8月17日","札幌","12R","阿寒湖特別","芝2600m (右A)","16:30","曇","稍","11","8","13","ダンツファイター","牡3","牡","3","55.0","武豊","2:46.2","3","4.0","8.4","39.5","2-2-2-3","美浦蛯名正","556(+2)","https://race.netkeiba.com/race/result.html?race_id=202501010812&rf=race_list"
"934","12","2025年8月17日","札幌","12R","阿寒湖特別","芝2600m (右A)","16:30","曇","稍","12","4","5","パープルクラウド","牡5","牡","5","58.0","川又","2:46.4","1","13.0","206.5","39.1","6-7-7-10","栗東吉村","538(-10)","https://race.netkeiba.com/race/result.html?race_id=202501010812&rf=race_list"
"935","13","2025年8月17日","札幌","12R","阿寒湖特別","芝2600m (右A)","16:30","曇","稍","13","7","11","ナチュラルリバー","牡5","牡","5","58.0","斎藤","2:46.9","3","12.0","196.2","38.7","8-8-12-13","栗東宮地","478(-6)","https://race.netkeiba.com/race/result.html?race_id=202501010812&rf=race_list"
"936","14","2025年8月17日","札幌","12R","阿寒湖特別","芝2600m (右A)","16:30","曇","稍","14","3","3","ウォーターハウス","セ5","セ","5","58.0","鷲頭","2:47.8","5","14.0","242.2","39.4","11-11-13-13","栗東井上","482(+10)","https://race.netkeiba.com/race/result.html?race_id=202501010812&rf=race_list"
