"autoNo","No","開催日","開催地","レースNo","レース名","距離","発走時刻","天候","馬場","着順","枠","馬番","馬名","性齢","gender","age","斤量","騎手","タイム","着差","人気","単勝オッズ","後3F","コーナー通過順","厩舎","馬体重(増減)","url"
"1","1","2025年8月2日","新潟","1R","3歳以上障害未勝利","障2850m (芝 外-内)","09:45","晴","良","1","8","14","ロードプレイヤー","牡5","牡","5","57.0","▲坂口","3:02.8","","2.0","4.8","12.8","6-3-2-2","美浦尾形","454(-2)","https://race.netkeiba.com/race/result.html?race_id=202504020301&rf=race_list"
"2","2","2025年8月2日","新潟","1R","3歳以上障害未勝利","障2850m (芝 外-内)","09:45","晴","良","2","7","11","ホウオウエクレール","牡8","牡","8","60.0","小牧加","3:03.6","5","1.0","2.0","12.9","1-1-1-1","栗東宮","518(+8)","https://race.netkeiba.com/race/result.html?race_id=202504020301&rf=race_list"
"3","3","2025年8月2日","新潟","1R","3歳以上障害未勝利","障2850m (芝 外-内)","09:45","晴","良","3","4","6","ヴラディア","牡6","牡","6","60.0","上野","3:04.5","5","5.0","10.5","12.9","4-3-6-4","美浦小西","480(-12)","https://race.netkeiba.com/race/result.html?race_id=202504020301&rf=race_list"
"4","4","2025年8月2日","新潟","1R","3歳以上障害未勝利","障2850m (芝 外-内)","09:45","晴","良","4","6","9","アメリカンピース","セ7","セ","7","60.0","小坂","3:04.5","クビ","3.0","5.5","12.9","5-6-4-4","栗東東田","458(+2)","https://race.netkeiba.com/race/result.html?race_id=202504020301&rf=race_list"
"5","5","2025年8月2日","新潟","1R","3歳以上障害未勝利","障2850m (芝 外-内)","09:45","晴","良","5","4","5","マグナレガリア","牡4","牡","4","60.0","五十嵐","3:05.1","3.1/2","4.0","8.3","13.0","3-3-3-3","美浦相沢","484(0)","https://race.netkeiba.com/race/result.html?race_id=202504020301&rf=race_list"
"6","6","2025年8月2日","新潟","1R","3歳以上障害未勝利","障2850m (芝 外-内)","09:45","晴","良","6","3","4","ダノンロッキー","牡4","牡","4","60.0","大江圭","3:05.9","5","6.0","20.7","13.0","8-8-9-8","美浦萩原","496(-4)","https://race.netkeiba.com/race/result.html?race_id=202504020301&rf=race_list"
"7","7","2025年8月2日","新潟","1R","3歳以上障害未勝利","障2850m (芝 外-内)","09:45","晴","良","7","5","7","コスモゴレアドール","牡6","牡","6","57.0","▲土田","3:06.2","1.1/2","8.0","44.3","13.1","9-8-7-6","美浦土田","434(-4)","https://race.netkeiba.com/race/result.html?race_id=202504020301&rf=race_list"
"8","8","2025年8月2日","新潟","1R","3歳以上障害未勝利","障2850m (芝 外-内)","09:45","晴","良","8","7","12","オーバーザドリーム","牡5","牡","5","60.0","小野寺","3:07.2","6","11.0","95.6","13.1","6-7-7-8","栗東清水久","474(+8)","https://race.netkeiba.com/race/result.html?race_id=202504020301&rf=race_list"
"9","9","2025年8月2日","新潟","1R","3歳以上障害未勝利","障2850m (芝 外-内)","09:45","晴","良","9","3","3","ボルタドマール","セ6","セ","6","60.0","伴","3:08.4","7","10.0","68.7","13.2","2-2-4-6","美浦黒岩","510(-8)","https://race.netkeiba.com/race/result.html?race_id=202504020301&rf=race_list"
"10","10","2025年8月2日","新潟","1R","3歳以上障害未勝利","障2850m (芝 外-内)","09:45","晴","良","10","1","1","ブライテストドーン","セ5","セ","5","60.0","草野","3:08.5","クビ","12.0","104.8","13.2","10-10-10-10","美浦田島","520(+8)","https://race.netkeiba.com/race/result.html?race_id=202504020301&rf=race_list"
"11","11","2025年8月2日","新潟","1R","3歳以上障害未勝利","障2850m (芝 外-内)","09:45","晴","良","11","5","8","リーゼントジャンボ","牡7","牡","7","57.0","▲水沼","3:11.1","大","13.0","133.3","13.4","11-11-11-11","美浦小手川","540(+24)","https://race.netkeiba.com/race/result.html?race_id=202504020301&rf=race_list"
"12","12","2025年8月2日","新潟","1R","3歳以上障害未勝利","障2850m (芝 外-内)","09:45","晴","良","12","6","10","コガクボウ","セ3","セ","3","58.0","難波","3:11.5","2.1/2","14.0","317.9","13.4","12-12-11-11","美浦金成","464(-8)","https://race.netkeiba.com/race/result.html?race_id=202504020301&rf=race_list"
"13","13","2025年8月2日","新潟","1R","3歳以上障害未勝利","障2850m (芝 外-内)","09:45","晴","良","13","8","13","ザロック","セ4","セ","4","60.0","石神深","3:13.0","9","7.0","30.0","13.5","14-14-14-13","美浦武井","470(-2)","https://race.netkeiba.com/race/result.html?race_id=202504020301&rf=race_list"
"14","14","2025年8月2日","新潟","1R","3歳以上障害未勝利","障2850m (芝 外-内)","09:45","晴","良","14","2","2","シュガーコルト","セ6","セ","6","60.0","高田","3:14.4","9","9.0","57.6","13.6","13-13-13-13","栗東宮地","512(+6)","https://race.netkeiba.com/race/result.html?race_id=202504020301&rf=race_list"
"15","1","2025年8月2日","新潟","2R","3歳未勝利","ダ1800m (左)","10:20","晴","良","1","6","11","レッドシュトラール","牡3","牡","3","57.0","丸山","1:55.2","","4.0","6.0","38.6","5-5-4-5","美浦宮田","484(+4)","https://race.netkeiba.com/race/result.html?race_id=202504020302&rf=race_list"
"16","2","2025年8月2日","新潟","2R","3歳未勝利","ダ1800m (左)","10:20","晴","良","2","7","13","センジュコスモス","牝3","牝","3","55.0","内田博","1:55.5","2","5.0","8.3","39.1","2-2-3-3","美浦南田","456(-2)","https://race.netkeiba.com/race/result.html?race_id=202504020302&rf=race_list"
"17","3","2025年8月2日","新潟","2R","3歳未勝利","ダ1800m (左)","10:20","晴","良","3","3","5","アバレリュウ","牡3","牡","3","57.0","野中","1:55.5","アタマ","1.0","3.3","38.3","10-10-11-12","美浦鈴木慎","490(-4)","https://race.netkeiba.com/race/result.html?race_id=202504020302&rf=race_list"
"18","4","2025年8月2日","新潟","2R","3歳未勝利","ダ1800m (左)","10:20","晴","良","4","4","6","ヴァルトバーデン","牡3","牡","3","57.0","江田照","1:56.0","3","11.0","62.1","40.0","1-1-1-1","美浦嘉藤","474(-4)","https://race.netkeiba.com/race/result.html?race_id=202504020302&rf=race_list"
"19","5","2025年8月2日","新潟","2R","3歳未勝利","ダ1800m (左)","10:20","晴","良","5","2","2","ザタイムズ","牝3","牝","3","55.0","大野","1:56.2","1.1/4","7.0","21.9","39.3","11-10-7-8","美浦萩原","448(0)","https://race.netkeiba.com/race/result.html?race_id=202504020302&rf=race_list"
"20","6","2025年8月2日","新潟","2R","3歳未勝利","ダ1800m (左)","10:20","晴","良","6","7","12","フラッシュタイム","牡3","牡","3","57.0","菊沢","1:56.3","3/4","14.0","89.4","39.5","7-7-7-8","美浦佐藤吉","516(0)","https://race.netkeiba.com/race/result.html?race_id=202504020302&rf=race_list"
"21","7","2025年8月2日","新潟","2R","3歳未勝利","ダ1800m (左)","10:20","晴","良","7","2","3","レベチアミーゴ","牡3","牡","3","54.0","▲遠藤","1:56.4","クビ","12.0","87.0","39.0","13-12-12-10","美浦千葉","488(-10)","https://race.netkeiba.com/race/result.html?race_id=202504020302&rf=race_list"
"22","8","2025年8月2日","新潟","2R","3歳未勝利","ダ1800m (左)","10:20","晴","良","8","5","8","ミッキーサンズ","牡3","牡","3","57.0","原","1:56.7","2","13.0","88.8","39.1","12-12-13-13","美浦萩原","470(+4)","https://race.netkeiba.com/race/result.html?race_id=202504020302&rf=race_list"
"23","9","2025年8月2日","新潟","2R","3歳未勝利","ダ1800m (左)","10:20","晴","良","9","1","1","サクラコーラル","牡3","牡","3","57.0","吉田豊","1:56.9","1.1/4","15.0","153.1","40.1","8-7-7-5","美浦尾関","470(+2)","https://race.netkeiba.com/race/result.html?race_id=202504020302&rf=race_list"
"24","10","2025年8月2日","新潟","2R","3歳未勝利","ダ1800m (左)","10:20","晴","良","10","3","4","トンヤイビーン","牡3","牡","3","54.0","▲石田","1:57.3","2.1/2","8.0","21.9","40.8","2-2-4-4","美浦辻","498(+2)","https://race.netkeiba.com/race/result.html?race_id=202504020302&rf=race_list"
"25","11","2025年8月2日","新潟","2R","3歳未勝利","ダ1800m (左)","10:20","晴","良","11","4","7","ファリードゥーン","牡3","牡","3","57.0","菅原明","1:57.4","クビ","2.0","4.3","39.0","15-15-15-15","美浦高木","518(0)","https://race.netkeiba.com/race/result.html?race_id=202504020302&rf=race_list"
"26","12","2025年8月2日","新潟","2R","3歳未勝利","ダ1800m (左)","10:20","晴","良","12","8","15","オンザバサラ","牡3","牡","3","57.0","杉原","1:57.5","1","10.0","51.3","40.5","8-9-10-10","美浦大和田","472(0)","https://race.netkeiba.com/race/result.html?race_id=202504020302&rf=race_list"
"27","13","2025年8月2日","新潟","2R","3歳未勝利","ダ1800m (左)","10:20","晴","良","13","6","10","トキノカンピオーネ","牡3","牡","3","57.0","戸崎圭","1:57.8","1.1/2","3.0","5.7","40.0","13-14-14-14","美浦矢野","488(0)","https://race.netkeiba.com/race/result.html?race_id=202504020302&rf=race_list"
"28","14","2025年8月2日","新潟","2R","3歳未勝利","ダ1800m (左)","10:20","晴","良","14","8","14","グールマン","牡3","牡","3","57.0","石橋脩","1:59.1","8","9.0","25.6","42.5","5-5-4-5","美浦池上","524(-14)","https://race.netkeiba.com/race/result.html?race_id=202504020302&rf=race_list"
"29","15","2025年8月2日","新潟","2R","3歳未勝利","ダ1800m (左)","10:20","晴","良","15","5","9","ガルガファルム","牡3","牡","3","57.0","三浦","2:00.9","大","6.0","16.4","44.7","2-2-2-2","美浦稲垣","520(-12)","https://race.netkeiba.com/race/result.html?race_id=202504020302&rf=race_list"
"30","1","2025年8月2日","新潟","3R","2歳未勝利","芝1000m (直線A)","10:50","晴","良","1","4","4","プリティーミズホ","牝2","牝","2","55.0","三浦","0:55.2","","5.0","11.5","32.8","1","美浦菊川","458(-6)","https://race.netkeiba.com/race/result.html?race_id=202504020303&rf=race_list"
"31","2","2025年8月2日","新潟","3R","2歳未勝利","芝1000m (直線A)","10:50","晴","良","2","8","12","エレクトロン","牡2","牡","2","55.0","杉原","0:55.8","4","7.0","12.9","33.0","6","美浦佐藤吉","418(-4)","https://race.netkeiba.com/race/result.html?race_id=202504020303&rf=race_list"
"32","3","2025年8月2日","新潟","3R","2歳未勝利","芝1000m (直線A)","10:50","晴","良","3","6","7","ミルトハッピー","牡2","牡","2","55.0","菊沢","0:56.4","3.1/2","4.0","9.7","33.8","3","美浦武市","468(-12)","https://race.netkeiba.com/race/result.html?race_id=202504020303&rf=race_list"
"33","4","2025年8月2日","新潟","3R","2歳未勝利","芝1000m (直線A)","10:50","晴","良","4","8","11","ミスエベレスト","牝2","牝","2","53.0","◇今村","0:56.6","1.1/2","3.0","9.2","33.6","8","美浦伊坂","406(+2)","https://race.netkeiba.com/race/result.html?race_id=202504020303&rf=race_list"
"34","5","2025年8月2日","新潟","3R","2歳未勝利","芝1000m (直線A)","10:50","晴","良","5","5","5","シンデレラリバティ","牝2","牝","2","55.0","岩部","0:56.6","ハナ","8.0","26.1","33.6","8","美浦蛯名利","410(-10)","https://race.netkeiba.com/race/result.html?race_id=202504020303&rf=race_list"
"35","6","2025年8月2日","新潟","3R","2歳未勝利","芝1000m (直線A)","10:50","晴","良","6","7","10","メーテルリンク","牝2","牝","2","52.0","▲石神道","0:56.7","クビ","2.0","3.5","34.1","3","美浦深山","416(+4)","https://race.netkeiba.com/race/result.html?race_id=202504020303&rf=race_list"
"36","7","2025年8月2日","新潟","3R","2歳未勝利","芝1000m (直線A)","10:50","晴","良","7","1","1","シーキングザバース","牝2","牝","2","52.0","▲遠藤","0:56.7","ハナ","9.0","32.8","33.9","6","美浦村田","432(-2)","https://race.netkeiba.com/race/result.html?race_id=202504020303&rf=race_list"
"37","8","2025年8月2日","新潟","3R","2歳未勝利","芝1000m (直線A)","10:50","晴","良","8","5","6","イイクニパッション","牡2","牡","2","55.0","内田博","0:56.7","ハナ","1.0","2.3","34.2","2","美浦深山","484(-4)","https://race.netkeiba.com/race/result.html?race_id=202504020303&rf=race_list"
"38","9","2025年8月2日","新潟","3R","2歳未勝利","芝1000m (直線A)","10:50","晴","良","9","3","3","フレンドモナコ","牡2","牡","2","52.0","▲佐藤","0:56.7","ハナ","6.0","12.8","34.0","5","美浦南田","420(-2)","https://race.netkeiba.com/race/result.html?race_id=202504020303&rf=race_list"
"39","10","2025年8月2日","新潟","3R","2歳未勝利","芝1000m (直線A)","10:50","晴","良","10","7","9","メープルタフィー","牝2","牝","2","52.0","▲水沼","0:56.9","1","10.0","110.1","33.0","11","美浦佐藤吉","402(+2)","https://race.netkeiba.com/race/result.html?race_id=202504020303&rf=race_list"
"40","11","2025年8月2日","新潟","3R","2歳未勝利","芝1000m (直線A)","10:50","晴","良","11","2","2","マイントップスター","牡2","牡","2","52.0","▲石田","0:57.1","1.1/4","11.0","244.4","33.3","10","美浦的場","408(+2)","https://race.netkeiba.com/race/result.html?race_id=202504020303&rf=race_list"
"41","12","2025年8月2日","新潟","3R","2歳未勝利","芝1000m (直線A)","10:50","晴","良","12","6","8","トコトコリズム","牝2","牝","2","55.0","柴田大","0:58.9","大","12.0","274.5","34.5","12","美浦粕谷","386(+2)","https://race.netkeiba.com/race/result.html?race_id=202504020303&rf=race_list"
"42","1","2025年8月2日","新潟","4R","2歳新馬","芝1800m (左 外A)","11:20","晴","良","1","4","5","アートバーゼル","牝2","牝","2","55.0","戸崎圭","1:47.8","","3.0","4.6","33.0","4-4","美浦宮田","458(0)","https://race.netkeiba.com/race/result.html?race_id=202504020304&rf=race_list"
"43","2","2025年8月2日","新潟","4R","2歳新馬","芝1800m (左 外A)","11:20","晴","良","2","4","4","パントルナイーフ","牡2","牡","2","55.0","ルメー","1:48.1","1.1/2","2.0","2.9","33.1","5-7","美浦木村","510(0)","https://race.netkeiba.com/race/result.html?race_id=202504020304&rf=race_list"
"44","3","2025年8月2日","新潟","4R","2歳新馬","芝1800m (左 外A)","11:20","晴","良","3","8","13","セキテイリノ","牡2","牡","2","55.0","江田照","1:48.4","2","10.0","111.3","33.9","1-1","美浦田中剛","462(0)","https://race.netkeiba.com/race/result.html?race_id=202504020304&rf=race_list"
"45","4","2025年8月2日","新潟","4R","2歳新馬","芝1800m (左 外A)","11:20","晴","良","4","8","12","ステラデラセーラ","牡2","牡","2","55.0","三浦","1:48.5","1/2","7.0","19.3","33.7","5-5","美浦高柳瑞","500(0)","https://race.netkeiba.com/race/result.html?race_id=202504020304&rf=race_list"
"46","5","2025年8月2日","新潟","4R","2歳新馬","芝1800m (左 外A)","11:20","晴","良","5","7","10","アンリミテッド","牡2","牡","2","55.0","石橋脩","1:48.8","2","5.0","12.8","33.6","8-8","栗東高野","486(0)","https://race.netkeiba.com/race/result.html?race_id=202504020304&rf=race_list"
"47","6","2025年8月2日","新潟","4R","2歳新馬","芝1800m (左 外A)","11:20","晴","良","6","6","8","マイネルシュラハト","牡2","牡","2","55.0","柴田大","1:49.3","3","9.0","60.9","33.9","11-10","美浦畠山","484(0)","https://race.netkeiba.com/race/result.html?race_id=202504020304&rf=race_list"
"48","7","2025年8月2日","新潟","4R","2歳新馬","芝1800m (左 外A)","11:20","晴","良","7","3","3","パレスノハレブタイ","牝2","牝","2","55.0","津村","1:49.4","1/2","11.0","112.9","34.7","3-3","美浦鈴木伸","514(0)","https://race.netkeiba.com/race/result.html?race_id=202504020304&rf=race_list"
"49","8","2025年8月2日","新潟","4R","2歳新馬","芝1800m (左 外A)","11:20","晴","良","8","6","9","フォルナックス","牝2","牝","2","55.0","北村友","1:49.5","3/4","1.0","2.6","34.8","2-2","栗東奥村豊","472(0)","https://race.netkeiba.com/race/result.html?race_id=202504020304&rf=race_list"
"50","9","2025年8月2日","新潟","4R","2歳新馬","芝1800m (左 外A)","11:20","晴","良","9","5","6","ジーティーソレイユ","牝2","牝","2","55.0","丸山","1:49.7","1.1/4","4.0","12.4","34.4","8-8","美浦千葉","422(0)","https://race.netkeiba.com/race/result.html?race_id=202504020304&rf=race_list"
"51","10","2025年8月2日","新潟","4R","2歳新馬","芝1800m (左 外A)","11:20","晴","良","10","1","1","マテンロウストーム","牡2","牡","2","55.0","荻野極","1:49.8","クビ","6.0","18.5","34.9","5-5","美浦久保田","482(0)","https://race.netkeiba.com/race/result.html?race_id=202504020304&rf=race_list"
"52","11","2025年8月2日","新潟","4R","2歳新馬","芝1800m (左 外A)","11:20","晴","良","11","2","2","ルミノヴァンクール","牡2","牡","2","55.0","菊沢","1:49.8","1/2","8.0","57.1","34.3","11-10","美浦金成","534(0)","https://race.netkeiba.com/race/result.html?race_id=202504020304&rf=race_list"
"53","12","2025年8月2日","新潟","4R","2歳新馬","芝1800m (左 外A)","11:20","晴","良","12","5","7","ハクシンスマイル","牝2","牝","2","52.0","▲石神道","1:51.7","大","12.0","243.7","36.3","8-10","美浦和田雄","444(0)","https://race.netkeiba.com/race/result.html?race_id=202504020304&rf=race_list"
"54","13","2025年8月2日","新潟","4R","2歳新馬","芝1800m (左 外A)","11:20","晴","良","取消","7","11","チャームドウイング","牡2","牡","2","55.0","菅原明","","","","","","","美浦大竹","","https://race.netkeiba.com/race/result.html?race_id=202504020304&rf=race_list"
"55","1","2025年8月2日","新潟","5R","3歳未勝利","ダ1200m (左)","11:50","晴","良","1","2","2","ガールネクストドア","牝3","牝","3","55.0","杉原","1:12.4","","9.0","75.1","37.3","4-4","美浦南田","442(-6)","https://race.netkeiba.com/race/result.html?race_id=202504020305&rf=race_list"
"56","2","2025年8月2日","新潟","5R","3歳未勝利","ダ1200m (左)","11:50","晴","良","2","5","9","ジュリスタ","牝3","牝","3","55.0","吉田豊","1:12.5","3/4","1.0","2.8","37.6","2-2","美浦稲垣","454(-8)","https://race.netkeiba.com/race/result.html?race_id=202504020305&rf=race_list"
"57","3","2025年8月2日","新潟","5R","3歳未勝利","ダ1200m (左)","11:50","晴","良","3","8","14","マオノクラッシュ","牝3","牝","3","55.0","原","1:12.6","アタマ","4.0","6.2","37.4","4-4","美浦黒岩","490(0)","https://race.netkeiba.com/race/result.html?race_id=202504020305&rf=race_list"
"58","4","2025年8月2日","新潟","5R","3歳未勝利","ダ1200m (左)","11:50","晴","良","4","4","7","シンフォニーシーズ","牝3","牝","3","55.0","菅原明","1:12.8","1.1/4","3.0","4.3","37.9","1-1","美浦清水英","432(-2)","https://race.netkeiba.com/race/result.html?race_id=202504020305&rf=race_list"
"59","5","2025年8月2日","新潟","5R","3歳未勝利","ダ1200m (左)","11:50","晴","良","5","7","12","コオリナラグーン","牝3","牝","3","53.0","◇今村","1:12.9","3/4","2.0","4.1","37.9","2-3","美浦古賀","428(+4)","https://race.netkeiba.com/race/result.html?race_id=202504020305&rf=race_list"
"60","6","2025年8月2日","新潟","5R","3歳未勝利","ダ1200m (左)","11:50","晴","良","6","5","8","アミラジオネ","牝3","牝","3","52.0","▲水沼","1:13.2","1.3/4","5.0","14.8","38.0","4-6","美浦西田","470(+4)","https://race.netkeiba.com/race/result.html?race_id=202504020305&rf=race_list"
"61","7","2025年8月2日","新潟","5R","3歳未勝利","ダ1200m (左)","11:50","晴","良","7","6","10","インレット","牝3","牝","3","55.0","大野","1:13.8","3.1/2","11.0","95.1","38.3","8-7","美浦鈴木慎","454(+2)","https://race.netkeiba.com/race/result.html?race_id=202504020305&rf=race_list"
"62","8","2025年8月2日","新潟","5R","3歳未勝利","ダ1200m (左)","11:50","晴","良","8","7","13","フランシナテソーロ","牝3","牝","3","55.0","柴田大","1:14.0","1.1/2","8.0","38.2","38.7","7-7","美浦畠山","450(-4)","https://race.netkeiba.com/race/result.html?race_id=202504020305&rf=race_list"
"63","9","2025年8月2日","新潟","5R","3歳未勝利","ダ1200m (左)","11:50","晴","良","9","1","1","ラヴィーズドリーム","牝3","牝","3","52.0","▲遠藤","1:14.2","3/4","6.0","15.0","37.2","13-12","美浦伊藤伸","468(+2)","https://race.netkeiba.com/race/result.html?race_id=202504020305&rf=race_list"
"64","10","2025年8月2日","新潟","5R","3歳未勝利","ダ1200m (左)","11:50","晴","良","10","4","6","エファルジェント","牝3","牝","3","55.0","菊沢","1:14.3","1/2","12.0","199.9","38.8","8-7","美浦堀内","442(0)","https://race.netkeiba.com/race/result.html?race_id=202504020305&rf=race_list"
"65","11","2025年8月2日","新潟","5R","3歳未勝利","ダ1200m (左)","11:50","晴","良","11","6","11","フクチャンサクラ","牝3","牝","3","55.0","三浦","1:14.4","3/4","7.0","17.0","38.6","11-10","美浦加藤征","490(+14)","https://race.netkeiba.com/race/result.html?race_id=202504020305&rf=race_list"
"66","12","2025年8月2日","新潟","5R","3歳未勝利","ダ1200m (左)","11:50","晴","良","12","3","5","ルージュミネルバ","牝3","牝","3","55.0","石橋脩","1:14.7","2","10.0","86.2","37.3","15-15","美浦尾関","438(-6)","https://race.netkeiba.com/race/result.html?race_id=202504020305&rf=race_list"
"67","13","2025年8月2日","新潟","5R","3歳未勝利","ダ1200m (左)","11:50","晴","良","13","3","4","サンパギータチャン","牝3","牝","3","52.0","▲佐藤","1:14.7","アタマ","15.0","321.4","37.7","13-14","美浦杉浦","386(-6)","https://race.netkeiba.com/race/result.html?race_id=202504020305&rf=race_list"
"68","14","2025年8月2日","新潟","5R","3歳未勝利","ダ1200m (左)","11:50","晴","良","14","8","15","トレジャーハウス","牝3","牝","3","55.0","江田照","1:16.1","8","14.0","255.7","40.6","8-10","美浦田中剛","382(+2)","https://race.netkeiba.com/race/result.html?race_id=202504020305&rf=race_list"
"69","15","2025年8月2日","新潟","5R","3歳未勝利","ダ1200m (左)","11:50","晴","良","15","2","3","ベルツリー","牝3","牝","3","55.0","岩部","1:17.6","9","13.0","222.4","40.7","12-12","美浦村田","428(-20)","https://race.netkeiba.com/race/result.html?race_id=202504020305&rf=race_list"
"70","1","2025年8月2日","新潟","6R","五頭連峰特別","芝1600m (左 外A)","15:10","晴","良","1","3","5","アンパドゥ","牡4","牡","4","58.0","ルメー","1:32.4","","1.0","2.6","32.4","5-5","美浦木村","502(+22)","https://race.netkeiba.com/race/result.html?race_id=202504020306&rf=race_list"
"71","2","2025年8月2日","新潟","6R","五頭連峰特別","芝1600m (左 外A)","15:10","晴","良","2","1","1","ダノンセンチュリー","牡3","牡","3","55.0","戸崎圭","1:32.4","クビ","2.0","4.3","32.3","8-7","美浦萩原","464(+4)","https://race.netkeiba.com/race/result.html?race_id=202504020306&rf=race_list"
"72","3","2025年8月2日","新潟","6R","五頭連峰特別","芝1600m (左 外A)","15:10","晴","良","3","5","9","ソニックライン","セ4","セ","4","58.0","荻野極","1:32.8","2.1/2","6.0","21.6","33.1","3-3","美浦浅利","484(-10)","https://race.netkeiba.com/race/result.html?race_id=202504020306&rf=race_list"
"73","4","2025年8月2日","新潟","6R","五頭連峰特別","芝1600m (左 外A)","15:10","晴","良","4","6","10","フェンスブレイカー","牡3","牡","3","55.0","大野","1:32.9","3/4","9.0","41.8","33.6","1-1","美浦田島","540(0)","https://race.netkeiba.com/race/result.html?race_id=202504020306&rf=race_list"
"74","5","2025年8月2日","新潟","6R","五頭連峰特別","芝1600m (左 外A)","15:10","晴","良","5","7","13","シャンクス","牡3","牡","3","55.0","菊沢","1:33.1","1.1/2","4.0","6.9","32.6","13-14","美浦森一","490(0)","https://race.netkeiba.com/race/result.html?race_id=202504020306&rf=race_list"
"75","6","2025年8月2日","新潟","6R","五頭連峰特別","芝1600m (左 外A)","15:10","晴","良","6","5","8","クイーンズワーフ","牝4","牝","4","56.0","原","1:33.2","1/2","10.0","47.0","33.6","3-3","美浦青木","458(+4)","https://race.netkeiba.com/race/result.html?race_id=202504020306&rf=race_list"
"76","7","2025年8月2日","新潟","6R","五頭連峰特別","芝1600m (左 外A)","15:10","晴","良","7","2","3","カーラデマドレ","牝3","牝","3","53.0","杉原","1:33.3","クビ","8.0","28.0","33.5","5-5","美浦宮田","474(+4)","https://race.netkeiba.com/race/result.html?race_id=202504020306&rf=race_list"
"77","8","2025年8月2日","新潟","6R","五頭連峰特別","芝1600m (左 外A)","15:10","晴","良","8","3","4","カザンラク","牡3","牡","3","55.0","丸山","1:33.6","1.3/4","7.0","24.6","33.2","11-11","美浦嘉藤","496(+14)","https://race.netkeiba.com/race/result.html?race_id=202504020306&rf=race_list"
"78","9","2025年8月2日","新潟","6R","五頭連峰特別","芝1600m (左 外A)","15:10","晴","良","9","8","14","ドリーミングアップ","牡4","牡","4","58.0","吉田豊","1:33.6","クビ","3.0","5.7","33.5","13-11","美浦高橋文","462(-6)","https://race.netkeiba.com/race/result.html?race_id=202504020306&rf=race_list"
"79","10","2025年8月2日","新潟","6R","五頭連峰特別","芝1600m (左 外A)","15:10","晴","良","10","8","15","ハードワーカー","牝3","牝","3","53.0","江田照","1:33.6","ハナ","11.0","86.9","34.1","2-2","美浦竹内","460(-18)","https://race.netkeiba.com/race/result.html?race_id=202504020306&rf=race_list"
"80","11","2025年8月2日","新潟","6R","五頭連峰特別","芝1600m (左 外A)","15:10","晴","良","11","6","11","ダガーリング","牡3","牡","3","55.0","柴田大","1:33.9","1.1/2","13.0","217.1","33.5","12-11","美浦和田雄","542(+12)","https://race.netkeiba.com/race/result.html?race_id=202504020306&rf=race_list"
"81","12","2025年8月2日","新潟","6R","五頭連峰特別","芝1600m (左 外A)","15:10","晴","良","12","4","6","ダイユウハミルトン","牡4","牡","4","58.0","木幡育","1:33.9","クビ","12.0","130.8","33.6","10-10","美浦松永康","490(+2)","https://race.netkeiba.com/race/result.html?race_id=202504020306&rf=race_list"
"82","13","2025年8月2日","新潟","6R","五頭連峰特別","芝1600m (左 外A)","15:10","晴","良","13","2","2","レッドロスタム","牡5","牡","5","58.0","三浦","1:34.2","1.3/4","5.0","7.6","34.1","7-7","美浦国枝","504(+10)","https://race.netkeiba.com/race/result.html?race_id=202504020306&rf=race_list"
"83","14","2025年8月2日","新潟","6R","五頭連峰特別","芝1600m (左 外A)","15:10","晴","良","14","4","7","グラスビジョン","牡3","牡","3","55.0","内田博","1:34.8","4","14.0","307.4","34.7","8-7","美浦佐藤吉","420(-2)","https://race.netkeiba.com/race/result.html?race_id=202504020306&rf=race_list"
"84","15","2025年8月2日","新潟","6R","五頭連峰特別","芝1600m (左 外A)","15:10","晴","良","除外","7","12","テンミラクルスター","牝3","牝","3","53.0","津村","","","","","","","美浦辻","446(+2)","https://race.netkeiba.com/race/result.html?race_id=202504020306&rf=race_list"
"85","1","2025年8月2日","新潟","7R","柳都S","ダ1800m (左)","15:45","晴","良","1","7","13","タクシンイメル","牝4","牝","4","53.0","高倉","1:51.5","","6.0","19.1","37.5","1-1-1-1","栗東武英","486(+2)","https://race.netkeiba.com/race/result.html?race_id=202504020307&rf=race_list"
"86","2","2025年8月2日","新潟","7R","柳都S","ダ1800m (左)","15:45","晴","良","2","7","12","デコラシオン","牡6","牡","6","57.0","ルメー","1:51.8","1.3/4","2.0","5.4","37.4","5-6-6-5","美浦高木","518(+2)","https://race.netkeiba.com/race/result.html?race_id=202504020307&rf=race_list"
"87","3","2025年8月2日","新潟","7R","柳都S","ダ1800m (左)","15:45","晴","良","3","6","11","ゴールドアローン","牝4","牝","4","54.0","菊沢","1:51.9","1/2","5.0","12.3","37.6","5-5-3-5","美浦青木","466(+6)","https://race.netkeiba.com/race/result.html?race_id=202504020307&rf=race_list"
"88","4","2025年8月2日","新潟","7R","柳都S","ダ1800m (左)","15:45","晴","良","4","5","8","フルオール","牡6","牡","6","57.0","大野","1:52.1","1.1/4","4.0","10.5","36.4","14-14-13-13","美浦斎藤誠","474(-8)","https://race.netkeiba.com/race/result.html?race_id=202504020307&rf=race_list"
"89","5","2025年8月2日","新潟","7R","柳都S","ダ1800m (左)","15:45","晴","良","5","2","3","ウィンドフォール","牡4","牡","4","57.0","木幡巧","1:52.1","クビ","1.0","1.8","37.9","2-3-3-3","美浦牧","480(+6)","https://race.netkeiba.com/race/result.html?race_id=202504020307&rf=race_list"
"90","6","2025年8月2日","新潟","7R","柳都S","ダ1800m (左)","15:45","晴","良","6","1","1","オレデイイノカ","牡7","牡","7","54.0","内田博","1:52.6","3","13.0","101.1","38.1","5-6-7-7","美浦古賀","510(+8)","https://race.netkeiba.com/race/result.html?race_id=202504020307&rf=race_list"
"91","7","2025年8月2日","新潟","7R","柳都S","ダ1800m (左)","15:45","晴","良","7","2","2","メテオールライト","牝5","牝","5","54.0","丸山","1:52.7","クビ","10.0","58.6","38.1","9-9-8-7","美浦萩原","434(+6)","https://race.netkeiba.com/race/result.html?race_id=202504020307&rf=race_list"
"92","8","2025年8月2日","新潟","7R","柳都S","ダ1800m (左)","15:45","晴","良","8","6","10","エンセリオ","牝4","牝","4","53.0","荻野極","1:52.7","クビ","9.0","38.6","37.2","11-11-12-10","美浦小笠","444(0)","https://race.netkeiba.com/race/result.html?race_id=202504020307&rf=race_list"
"93","9","2025年8月2日","新潟","7R","柳都S","ダ1800m (左)","15:45","晴","良","9","4","6","サノノエスポ","牝5","牝","5","52.0","原","1:53.0","2","8.0","37.6","37.1","11-13-14-14","美浦中舘","466(+6)","https://race.netkeiba.com/race/result.html?race_id=202504020307&rf=race_list"
"94","10","2025年8月2日","新潟","7R","柳都S","ダ1800m (左)","15:45","晴","良","10","3","4","クレメダンジュ","牝5","牝","5","53.0","石川","1:53.0","ハナ","11.0","67.7","37.8","13-11-9-9","栗東鈴木孝","472(-2)","https://race.netkeiba.com/race/result.html?race_id=202504020307&rf=race_list"
"95","11","2025年8月2日","新潟","7R","柳都S","ダ1800m (左)","15:45","晴","良","11","8","14","シェットランド","牡5","牡","5","54.0","吉田豊","1:53.2","1","7.0","35.9","39.1","2-2-2-2","美浦久保田","562(+8)","https://race.netkeiba.com/race/result.html?race_id=202504020307&rf=race_list"
"96","12","2025年8月2日","新潟","7R","柳都S","ダ1800m (左)","15:45","晴","良","12","4","7","ユアフラッシュ","牝5","牝","5","53.0","川端","1:53.5","1.3/4","12.0","69.6","38.2","9-9-10-10","栗東辻野","472(+4)","https://race.netkeiba.com/race/result.html?race_id=202504020307&rf=race_list"
"97","13","2025年8月2日","新潟","7R","柳都S","ダ1800m (左)","15:45","晴","良","13","8","15","サトノアイオライト","牝4","牝","4","55.0","菅原明","1:54.2","4","3.0","6.6","40.0","2-3-3-3","栗東吉村","488(-4)","https://race.netkeiba.com/race/result.html?race_id=202504020307&rf=race_list"
"98","14","2025年8月2日","新潟","7R","柳都S","ダ1800m (左)","15:45","晴","良","14","3","5","フジマサテイオー","牡4","牡","4","53.0","江田照","1:55.8","10","14.0","224.0","40.5","8-8-10-10","美浦菊川","510(-2)","https://race.netkeiba.com/race/result.html?race_id=202504020307&rf=race_list"
"99","15","2025年8月2日","新潟","7R","柳都S","ダ1800m (左)","15:45","晴","良","取消","5","9","ジャスパーグレイト","牡6","牡","6","57.0","戸崎圭","","","","","","","栗東森秀","","https://race.netkeiba.com/race/result.html?race_id=202504020307&rf=race_list"
"100","1","2025年8月2日","新潟","8R","苗場特別","ダ1800m (左)","16:20","晴","良","1","4","4","ピクシレーション","牝5","牝","5","56.0","菊沢","1:52.6","","2.0","4.0","37.8","5-3-3-4","美浦菊沢","486(+2)","https://race.netkeiba.com/race/result.html?race_id=202504020308&rf=race_list"
"101","2","2025年8月2日","新潟","8R","苗場特別","ダ1800m (左)","16:20","晴","良","2","2","2","ヴァナルガンド","牡5","牡","5","58.0","ルメー","1:53.1","3","1.0","3.3","38.1","4-6-5-4","美浦稲垣","470(-2)","https://race.netkeiba.com/race/result.html?race_id=202504020308&rf=race_list"
"102","3","2025年8月2日","新潟","8R","苗場特別","ダ1800m (左)","16:20","晴","良","3","8","11","プライベートアイズ","牡3","牡","3","55.0","荻野極","1:53.1","クビ","3.0","4.3","38.2","5-5-5-4","美浦萩原","490(-2)","https://race.netkeiba.com/race/result.html?race_id=202504020308&rf=race_list"
"103","4","2025年8月2日","新潟","8R","苗場特別","ダ1800m (左)","16:20","晴","良","4","5","6","インペリアルライン","セ6","セ","6","58.0","木幡巧","1:53.3","1.1/4","9.0","30.9","37.7","11-11-11-11","美浦中舘","476(-8)","https://race.netkeiba.com/race/result.html?race_id=202504020308&rf=race_list"
"104","5","2025年8月2日","新潟","8R","苗場特別","ダ1800m (左)","16:20","晴","良","5","7","9","キャネル","牡4","牡","4","58.0","武藤","1:53.7","2","6.0","15.1","38.5","8-8-7-8","美浦手塚久","496(+2)","https://race.netkeiba.com/race/result.html?race_id=202504020308&rf=race_list"
"105","6","2025年8月2日","新潟","8R","苗場特別","ダ1800m (左)","16:20","晴","良","6","3","3","ビターゼノビア","牝5","牝","5","56.0","津村","1:53.9","1.1/4","11.0","90.4","38.5","10-10-10-8","美浦手塚久","470(+14)","https://race.netkeiba.com/race/result.html?race_id=202504020308&rf=race_list"
"106","7","2025年8月2日","新潟","8R","苗場特別","ダ1800m (左)","16:20","晴","良","7","8","12","アルファヒディ","セ6","セ","6","58.0","菅原明","1:54.1","1.1/4","5.0","7.3","39.4","3-3-3-2","栗東石坂","480(-14)","https://race.netkeiba.com/race/result.html?race_id=202504020308&rf=race_list"
"107","8","2025年8月2日","新潟","8R","苗場特別","ダ1800m (左)","16:20","晴","良","8","5","5","アトラクティーボ","牡6","牡","6","58.0","石川","1:54.2","1/2","10.0","67.9","38.2","12-12-12-11","美浦武藤","522(-4)","https://race.netkeiba.com/race/result.html?race_id=202504020308&rf=race_list"
"108","9","2025年8月2日","新潟","8R","苗場特別","ダ1800m (左)","16:20","晴","良","9","1","1","ウィンターダフネ","牝5","牝","5","56.0","大野","1:54.7","3","8.0","30.8","39.6","8-6-7-7","美浦国枝","478(-2)","https://race.netkeiba.com/race/result.html?race_id=202504020308&rf=race_list"
"109","10","2025年8月2日","新潟","8R","苗場特別","ダ1800m (左)","16:20","晴","良","10","6","7","ユイノマチブセ","牡5","牡","5","58.0","木幡初","1:55.0","2","7.0","27.4","40.5","1-1-1-1","美浦竹内","428(-14)","https://race.netkeiba.com/race/result.html?race_id=202504020308&rf=race_list"
"110","11","2025年8月2日","新潟","8R","苗場特別","ダ1800m (左)","16:20","晴","良","11","7","10","マーシヴィガラス","牡5","牡","5","58.0","江田照","1:56.0","6","12.0","211.6","40.8","5-8-7-10","美浦的場","514(+4)","https://race.netkeiba.com/race/result.html?race_id=202504020308&rf=race_list"
"111","12","2025年8月2日","新潟","8R","苗場特別","ダ1800m (左)","16:20","晴","良","12","6","8","ヴァルドルチャ","牡4","牡","4","58.0","原","1:57.5","9","4.0","6.9","42.9","2-2-2-2","美浦田中博","474(+26)","https://race.netkeiba.com/race/result.html?race_id=202504020308&rf=race_list"
"112","1","2025年8月2日","新潟","9R","3歳以上障害OP","障2850m (芝 外-内)","16:55","晴","良","1","7","7","プラチナドリーム","牡6","牡","6","60.0","石神深","3:03.1","","8.0","32.4","12.8","8-6-5-5","美浦菊川","488(+4)","https://race.netkeiba.com/race/result.html?race_id=202504020309&rf=race_list"
"113","2","2025年8月2日","新潟","9R","3歳以上障害OP","障2850m (芝 外-内)","16:55","晴","良","2","1","1","エンデュミオン","牡8","牡","8","59.0","▲鷲頭","3:03.3","1","1.0","2.9","12.9","5-3-2-2","栗東清水久","472(0)","https://race.netkeiba.com/race/result.html?race_id=202504020309&rf=race_list"
"114","3","2025年8月2日","新潟","9R","3歳以上障害OP","障2850m (芝 外-内)","16:55","晴","良","3","8","8","モントライゼ","牡7","牡","7","60.0","高田","3:03.5","1.1/4","4.0","6.2","12.9","6-8-8-8","栗東松永幹","520(-2)","https://race.netkeiba.com/race/result.html?race_id=202504020309&rf=race_list"
"115","4","2025年8月2日","新潟","9R","3歳以上障害OP","障2850m (芝 外-内)","16:55","晴","良","4","6","6","ビップランバン","牡7","牡","7","60.0","中村","3:03.5","ハナ","9.0","134.4","12.9","1-1-1-1","栗東清水久","490(0)","https://race.netkeiba.com/race/result.html?race_id=202504020309&rf=race_list"
"116","5","2025年8月2日","新潟","9R","3歳以上障害OP","障2850m (芝 外-内)","16:55","晴","良","5","4","4","ウインチェレステ","牡7","牡","7","60.0","草野","3:04.1","3.1/2","3.0","6.0","12.9","2-2-3-3","美浦畠山","514(-2)","https://race.netkeiba.com/race/result.html?race_id=202504020309&rf=race_list"
"117","6","2025年8月2日","新潟","9R","3歳以上障害OP","障2850m (芝 外-内)","16:55","晴","良","6","5","5","ブリエヴェール","牡7","牡","7","62.0","金子","3:04.2","1","6.0","14.6","12.9","9-8-5-5","美浦小笠","456(-8)","https://race.netkeiba.com/race/result.html?race_id=202504020309&rf=race_list"
"118","7","2025年8月2日","新潟","9R","3歳以上障害OP","障2850m (芝 外-内)","16:55","晴","良","7","2","2","ブラビオ","牡7","牡","7","60.0","森一","3:04.3","クビ","7.0","28.6","12.9","4-5-7-7","栗東緒方","474(-2)","https://race.netkeiba.com/race/result.html?race_id=202504020309&rf=race_list"
"119","8","2025年8月2日","新潟","9R","3歳以上障害OP","障2850m (芝 外-内)","16:55","晴","良","8","3","3","サルサロッサ","牝6","牝","6","58.0","伴","3:04.3","クビ","2.0","3.1","12.9","3-3-3-3","美浦高柳瑞","462(+4)","https://race.netkeiba.com/race/result.html?race_id=202504020309&rf=race_list"
"120","9","2025年8月2日","新潟","9R","3歳以上障害OP","障2850m (芝 外-内)","16:55","晴","良","9","8","9","トゥラッタッタ","牡4","牡","4","60.0","上野","3:05.8","9","5.0","7.8","13.0","6-6-9-9","美浦新開","472(+6)","https://race.netkeiba.com/race/result.html?race_id=202504020309&rf=race_list"
"121","1","2025年8月2日","新潟","10R","3歳以上1勝クラス","ダ1800m (左)","17:25","晴","良","1","5","6","ファリーザ","牝3","牝","3","53.0","津村","1:52.6","","1.0","2.0","37.5","4-4-4-3","美浦千葉","430(-2)","https://race.netkeiba.com/race/result.html?race_id=202504020310&rf=race_list"
"122","2","2025年8月2日","新潟","10R","3歳以上1勝クラス","ダ1800m (左)","17:25","晴","良","2","7","10","カゼノタカトシ","牡3","牡","3","55.0","戸崎圭","1:53.1","3","4.0","6.6","38.2","2-2-2-2","美浦久保田","480(+10)","https://race.netkeiba.com/race/result.html?race_id=202504020310&rf=race_list"
"123","3","2025年8月2日","新潟","10R","3歳以上1勝クラス","ダ1800m (左)","17:25","晴","良","3","4","4","カージオイド","牡3","牡","3","55.0","木幡巧","1:53.8","4","11.0","65.1","38.5","7-6-7-6","美浦黒岩","506(+4)","https://race.netkeiba.com/race/result.html?race_id=202504020310&rf=race_list"
"124","4","2025年8月2日","新潟","10R","3歳以上1勝クラス","ダ1800m (左)","17:25","晴","良","4","6","9","ノーブルアクト","牝5","牝","5","53.0","▲水沼","1:53.8","クビ","8.0","37.0","38.3","7-8-8-8","美浦上原博","506(+4)","https://race.netkeiba.com/race/result.html?race_id=202504020310&rf=race_list"
"125","5","2025年8月2日","新潟","10R","3歳以上1勝クラス","ダ1800m (左)","17:25","晴","良","5","5","7","ブルーゴールド","牡5","牡","5","58.0","野中","1:53.9","クビ","10.0","52.8","38.1","10-9-11-10","美浦根本","528(0)","https://race.netkeiba.com/race/result.html?race_id=202504020310&rf=race_list"
"126","6","2025年8月2日","新潟","10R","3歳以上1勝クラス","ダ1800m (左)","17:25","晴","良","6","6","8","アンクエンチャブル","セ4","セ","4","58.0","三浦","1:54.8","5","2.0","5.8","40.1","1-1-1-1","美浦高柳瑞","526(+2)","https://race.netkeiba.com/race/result.html?race_id=202504020310&rf=race_list"
"127","7","2025年8月2日","新潟","10R","3歳以上1勝クラス","ダ1800m (左)","17:25","晴","良","7","3","3","プルシャプラ","牡3","牡","3","55.0","石橋脩","1:55.1","1.3/4","7.0","24.8","39.5","12-12-8-9","美浦池上","510(+4)","https://race.netkeiba.com/race/result.html?race_id=202504020310&rf=race_list"
"128","8","2025年8月2日","新潟","10R","3歳以上1勝クラス","ダ1800m (左)","17:25","晴","良","8","4","5","メルシージュテーム","牝3","牝","3","53.0","菅原明","1:55.1","クビ","3.0","6.1","40.0","4-4-4-3","美浦西田","458(+4)","https://race.netkeiba.com/race/result.html?race_id=202504020310&rf=race_list"
"129","9","2025年8月2日","新潟","10R","3歳以上1勝クラス","ダ1800m (左)","17:25","晴","良","9","2","2","プロスペクトパーク","牡3","牡","3","55.0","荻野極","1:55.3","1.1/2","5.0","11.5","40.1","6-6-6-6","美浦高柳瑞","504(+4)","https://race.netkeiba.com/race/result.html?race_id=202504020310&rf=race_list"
"130","10","2025年8月2日","新潟","10R","3歳以上1勝クラス","ダ1800m (左)","17:25","晴","良","10","1","1","リヤンドゥミラクル","牝4","牝","4","56.0","吉田豊","1:55.9","3.1/2","12.0","133.8","39.5","12-13-13-13","美浦和田勇","428(-4)","https://race.netkeiba.com/race/result.html?race_id=202504020310&rf=race_list"
"131","11","2025年8月2日","新潟","10R","3歳以上1勝クラス","ダ1800m (左)","17:25","晴","良","11","7","11","ヴィーデ","牡3","牡","3","55.0","大野","1:56.3","2.1/2","6.0","17.4","41.3","3-3-3-3","美浦戸田","472(+2)","https://race.netkeiba.com/race/result.html?race_id=202504020310&rf=race_list"
"132","12","2025年8月2日","新潟","10R","3歳以上1勝クラス","ダ1800m (左)","17:25","晴","良","12","8","12","トウタツ","牡3","牡","3","55.0","原","1:56.9","3.1/2","9.0","43.3","41.0","10-9-11-11","美浦小手川","512(+14)","https://race.netkeiba.com/race/result.html?race_id=202504020310&rf=race_list"
"133","13","2025年8月2日","新潟","10R","3歳以上1勝クラス","ダ1800m (左)","17:25","晴","良","13","8","13","レゲエビーチ","牡4","牡","4","58.0","菊沢","1:57.5","3.1/2","13.0","148.6","41.9","9-9-8-11","美浦斎藤誠","544(+8)","https://race.netkeiba.com/race/result.html?race_id=202504020310&rf=race_list"
"134","1","2025年8月2日","新潟","11R","3歳未勝利","芝1600m (左 外A)","17:55","晴","良","1","8","16","アンダーザライト","牡3","牡","3","57.0","丸山","1:32.7","","5.0","8.3","33.9","8-8","美浦宮田","532(+6)","https://race.netkeiba.com/race/result.html?race_id=202504020311&rf=race_list"
"135","2","2025年8月2日","新潟","11R","3歳未勝利","芝1600m (左 外A)","17:55","晴","良","2","6","11","デビューフライト","牝3","牝","3","55.0","菅原明","1:33.0","2","6.0","13.5","32.9","16-15","美浦小島","438(+26)","https://race.netkeiba.com/race/result.html?race_id=202504020311&rf=race_list"
"136","3","2025年8月2日","新潟","11R","3歳未勝利","芝1600m (左 外A)","17:55","晴","良","3","1","1","アーラグラシア","牝3","牝","3","55.0","ルメー","1:33.1","1/2","1.0","2.7","35.1","1-1","美浦栗田","430(+8)","https://race.netkeiba.com/race/result.html?race_id=202504020311&rf=race_list"
"137","4","2025年8月2日","新潟","11R","3歳未勝利","芝1600m (左 外A)","17:55","晴","良","4","1","2","エンゲルシュピール","牝3","牝","3","53.0","◇今村","1:33.2","クビ","4.0","6.9","35.0","3-2","美浦田村","452(-4)","https://race.netkeiba.com/race/result.html?race_id=202504020311&rf=race_list"
"138","5","2025年8月2日","新潟","11R","3歳未勝利","芝1600m (左 外A)","17:55","晴","良","5","2","4","プレミアブルー","牡3","牡","3","54.0","▲石神道","1:33.3","1/2","11.0","69.4","34.3","8-9","美浦菊川","446(0)","https://race.netkeiba.com/race/result.html?race_id=202504020311&rf=race_list"
"139","6","2025年8月2日","新潟","11R","3歳未勝利","芝1600m (左 外A)","17:55","晴","良","6","8","17","フィーユチャン","牝3","牝","3","55.0","三浦","1:33.3","アタマ","2.0","5.1","34.2","10-11","美浦斎藤誠","442(0)","https://race.netkeiba.com/race/result.html?race_id=202504020311&rf=race_list"
"140","7","2025年8月2日","新潟","11R","3歳未勝利","芝1600m (左 外A)","17:55","晴","良","7","4","8","アドベントシーズン","牡3","牡","3","57.0","原","1:33.3","クビ","14.0","142.3","34.8","3-4","美浦畠山","430(-4)","https://race.netkeiba.com/race/result.html?race_id=202504020311&rf=race_list"
"141","8","2025年8月2日","新潟","11R","3歳未勝利","芝1600m (左 外A)","17:55","晴","良","8","3","5","アリアルブラック","牡3","牡","3","57.0","木幡巧","1:33.5","3/4","10.0","43.7","35.4","2-2","美浦久保田","494(-6)","https://race.netkeiba.com/race/result.html?race_id=202504020311&rf=race_list"
"142","9","2025年8月2日","新潟","11R","3歳未勝利","芝1600m (左 外A)","17:55","晴","良","9","5","9","コンヴァージョン","牡3","牡","3","57.0","石橋脩","1:33.6","1/2","9.0","38.1","34.2","12-12","美浦上原博","448(0)","https://race.netkeiba.com/race/result.html?race_id=202504020311&rf=race_list"
"143","10","2025年8月2日","新潟","11R","3歳未勝利","芝1600m (左 外A)","17:55","晴","良","10","7","14","グレゴリオ","牡3","牡","3","57.0","戸崎圭","1:33.6","クビ","3.0","5.2","35.0","5-5","美浦木村","510(0)","https://race.netkeiba.com/race/result.html?race_id=202504020311&rf=race_list"
"144","11","2025年8月2日","新潟","11R","3歳未勝利","芝1600m (左 外A)","17:55","晴","良","11","2","3","ルックフォラスター","牝3","牝","3","55.0","大野","1:33.8","1","8.0","35.7","35.2","6-5","美浦国枝","440(-14)","https://race.netkeiba.com/race/result.html?race_id=202504020311&rf=race_list"
"145","12","2025年8月2日","新潟","11R","3歳未勝利","芝1600m (左 外A)","17:55","晴","良","12","4","7","マイドリームガール","牝3","牝","3","55.0","津村","1:33.9","3/4","13.0","104.0","34.8","10-9","美浦大竹","460(0)","https://race.netkeiba.com/race/result.html?race_id=202504020311&rf=race_list"
"146","13","2025年8月2日","新潟","11R","3歳未勝利","芝1600m (左 外A)","17:55","晴","良","13","3","6","トリクロマティック","牡3","牡","3","57.0","石川","1:34.0","1/2","12.0","103.3","34.3","14-14","美浦菊沢","468(0)","https://race.netkeiba.com/race/result.html?race_id=202504020311&rf=race_list"
"147","14","2025年8月2日","新潟","11R","3歳未勝利","芝1600m (左 外A)","17:55","晴","良","14","6","12","ウインアレース","牡3","牡","3","57.0","柴田大","1:35.2","7","15.0","233.5","36.5","6-5","美浦畠山","472(0)","https://race.netkeiba.com/race/result.html?race_id=202504020311&rf=race_list"
"148","15","2025年8月2日","新潟","11R","3歳未勝利","芝1600m (左 外A)","17:55","晴","良","15","8","15","レーヌデプレ","牝3","牝","3","55.0","荻野極","1:35.4","1.1/2","7.0","26.2","35.9","12-12","美浦大竹","422(0)","https://race.netkeiba.com/race/result.html?race_id=202504020311&rf=race_list"
"149","16","2025年8月2日","新潟","11R","3歳未勝利","芝1600m (左 外A)","17:55","晴","良","16","7","13","シアトルプリンセス","牝3","牝","3","55.0","小林凌","1:35.8","2.1/2","17.0","464.9","35.4","15-15","美浦石栗","458(-2)","https://race.netkeiba.com/race/result.html?race_id=202504020311&rf=race_list"
"150","17","2025年8月2日","新潟","11R","3歳未勝利","芝1600m (左 外A)","17:55","晴","良","17","5","10","ヌーヴォルミエール","牡3","牡","3","57.0","菊沢","1:36.1","1.1/2","16.0","274.7","35.3","16-17","美浦勢司","484(+4)","https://race.netkeiba.com/race/result.html?race_id=202504020311&rf=race_list"
"151","1","2025年8月2日","新潟","12R","3歳未勝利","芝2000m (左A)","18:25","晴","良","1","6","8","オプレントジュエル","牝3","牝","3","55.0","三浦","1:59.6","","2.0","4.6","34.7","3-3-3-2","美浦田村","514(0)","https://race.netkeiba.com/race/result.html?race_id=202504020312&rf=race_list"
"152","2","2025年8月2日","新潟","12R","3歳未勝利","芝2000m (左A)","18:25","晴","良","2","7","10","サラスヴァティー","牝3","牝","3","55.0","戸崎圭","1:59.7","1/2","3.0","5.3","33.9","4-4-4-4","美浦森一","490(+28)","https://race.netkeiba.com/race/result.html?race_id=202504020312&rf=race_list"
"153","3","2025年8月2日","新潟","12R","3歳未勝利","芝2000m (左A)","18:25","晴","良","3","6","7","スイートオレンジ","牝3","牝","3","55.0","荻野極","2:00.0","1.3/4","9.0","52.8","35.5","2-2-2-1","美浦中川","460(+6)","https://race.netkeiba.com/race/result.html?race_id=202504020312&rf=race_list"
"154","4","2025年8月2日","新潟","12R","3歳未勝利","芝2000m (左A)","18:25","晴","良","4","8","11","ムーンストラック","牝3","牝","3","55.0","江田照","2:00.0","クビ","4.0","6.7","34.1","5-5-4-4","美浦武市","446(-2)","https://race.netkeiba.com/race/result.html?race_id=202504020312&rf=race_list"
"155","5","2025年8月2日","新潟","12R","3歳未勝利","芝2000m (左A)","18:25","晴","良","5","5","5","ハーバードスクエア","牝3","牝","3","55.0","ルメー","2:00.2","1.1/4","1.0","1.9","34.0","8-7-7-7","美浦木村","420(-4)","https://race.netkeiba.com/race/result.html?race_id=202504020312&rf=race_list"
"156","6","2025年8月2日","新潟","12R","3歳未勝利","芝2000m (左A)","18:25","晴","良","6","2","2","ピコラ","牝3","牝","3","55.0","木幡巧","2:00.5","2","5.0","16.3","34.0","10-10-10-10","美浦黒岩","428(-2)","https://race.netkeiba.com/race/result.html?race_id=202504020312&rf=race_list"
"157","7","2025年8月2日","新潟","12R","3歳未勝利","芝2000m (左A)","18:25","晴","良","7","5","6","ガーンディーヴァ","牝3","牝","3","55.0","原","2:00.7","1.1/4","7.0","37.8","34.3","9-9-8-9","美浦柄崎","424(+2)","https://race.netkeiba.com/race/result.html?race_id=202504020312&rf=race_list"
"158","8","2025年8月2日","新潟","12R","3歳未勝利","芝2000m (左A)","18:25","晴","良","8","1","1","ミサトレッドダイヤ","牝3","牝","3","52.0","▲石神道","2:00.7","クビ","6.0","24.4","34.4","6-7-8-7","美浦高橋文","464(0)","https://race.netkeiba.com/race/result.html?race_id=202504020312&rf=race_list"
"159","9","2025年8月2日","新潟","12R","3歳未勝利","芝2000m (左A)","18:25","晴","良","9","4","4","グランツローゼ","牝3","牝","3","55.0","津村","2:00.9","1","8.0","40.0","34.3","11-11-10-10","美浦千葉","440(-8)","https://race.netkeiba.com/race/result.html?race_id=202504020312&rf=race_list"
"160","10","2025年8月2日","新潟","12R","3歳未勝利","芝2000m (左A)","18:25","晴","良","10","8","12","エリナ","牝3","牝","3","55.0","武藤","2:01.3","2.1/2","10.0","120.5","35.3","6-6-6-6","美浦戸田","398(-10)","https://race.netkeiba.com/race/result.html?race_id=202504020312&rf=race_list"
"161","11","2025年8月2日","新潟","12R","3歳未勝利","芝2000m (左A)","18:25","晴","良","11","7","9","パリモード","牝3","牝","3","52.0","▲遠藤","2:01.3","クビ","12.0","263.5","34.1","12-12-12-12","美浦的場","424(+2)","https://race.netkeiba.com/race/result.html?race_id=202504020312&rf=race_list"
"162","12","2025年8月2日","新潟","12R","3歳未勝利","芝2000m (左A)","18:25","晴","良","12","3","3","エスポワールドロワ","牝3","牝","3","55.0","菅原隆","2:03.5","大","11.0","248.0","39.0","1-1-1-2","美浦小手川","478(-2)","https://race.netkeiba.com/race/result.html?race_id=202504020312&rf=race_list"
"163","1","2025年8月2日","中京","1R","2歳未勝利","芝1400m (左A)","09:35","晴","良","1","5","5","タマモイカロス","牡2","牡","2","54.0","☆高杉","1:22.3","","1.0","1.3","33.4","2-2","栗東藤岡","526(+2)","https://race.netkeiba.com/race/result.html?race_id=202507030301&rf=race_list"
"164","2","2025年8月2日","中京","1R","2歳未勝利","芝1400m (左A)","09:35","晴","良","2","2","2","ゴールドヴィーナス","牝2","牝","2","55.0","川田","1:22.9","3.1/2","3.0","6.4","34.1","1-1","栗東森秀","462(-8)","https://race.netkeiba.com/race/result.html?race_id=202507030301&rf=race_list"
"165","3","2025年8月2日","中京","1R","2歳未勝利","芝1400m (左A)","09:35","晴","良","3","3","3","リトゥリア","牝2","牝","2","55.0","坂井","1:23.4","2.1/2","4.0","6.5","33.9","5-5","栗東河嶋","456(0)","https://race.netkeiba.com/race/result.html?race_id=202507030301&rf=race_list"
"166","4","2025年8月2日","中京","1R","2歳未勝利","芝1400m (左A)","09:35","晴","良","4","1","1","ジューンマロン","牝2","牝","2","55.0","バデル","1:23.5","3/4","2.0","5.8","34.4","3-3","栗東武英","436(+12)","https://race.netkeiba.com/race/result.html?race_id=202507030301&rf=race_list"
"167","5","2025年8月2日","中京","1R","2歳未勝利","芝1400m (左A)","09:35","晴","良","5","4","4","アダマント","牡2","牡","2","55.0","川須","1:23.5","クビ","5.0","35.1","34.3","4-4","栗東高橋一","440(0)","https://race.netkeiba.com/race/result.html?race_id=202507030301&rf=race_list"
"168","1","2025年8月2日","中京","2R","2歳新馬","芝1600m (左A)","10:10","晴","良","1","5","5","コニーアイランド","牝2","牝","2","55.0","川田","1:35.4","","1.0","1.9","33.9","7-4-3","栗東中内田","470(0)","https://race.netkeiba.com/race/result.html?race_id=202507030302&rf=race_list"
"169","2","2025年8月2日","中京","2R","2歳新馬","芝1600m (左A)","10:10","晴","良","2","7","7","ウィズクィーン","牝2","牝","2","55.0","松山","1:35.6","1.1/2","2.0","2.5","34.3","4-2-2","栗東上村","428(0)","https://race.netkeiba.com/race/result.html?race_id=202507030302&rf=race_list"
"170","3","2025年8月2日","中京","2R","2歳新馬","芝1600m (左A)","10:10","晴","良","3","3","3","ダンシングドール","牝2","牝","2","55.0","小沢","1:35.7","アタマ","7.0","98.0","34.0","4-6-6","栗東牧田","454(0)","https://race.netkeiba.com/race/result.html?race_id=202507030302&rf=race_list"
"171","4","2025年8月2日","中京","2R","2歳新馬","芝1600m (左A)","10:10","晴","良","4","1","1","エンヴェロップ","牝2","牝","2","54.0","☆吉村","1:36.0","1.3/4","3.0","5.2","34.5","3-2-3","栗東佐藤悠","452(0)","https://race.netkeiba.com/race/result.html?race_id=202507030302&rf=race_list"
"172","5","2025年8月2日","中京","2R","2歳新馬","芝1600m (左A)","10:10","晴","良","5","2","2","フェスティヴドレス","牝2","牝","2","55.0","幸","1:36.1","1","5.0","35.8","34.4","6-6-6","栗東岡田","458(0)","https://race.netkeiba.com/race/result.html?race_id=202507030302&rf=race_list"
"173","6","2025年8月2日","中京","2R","2歳新馬","芝1600m (左A)","10:10","晴","良","6","6","6","マユナイト","牝2","牝","2","53.0","◇永島","1:36.2","3/4","6.0","68.1","35.0","1-1-1","栗東高橋康","382(0)","https://race.netkeiba.com/race/result.html?race_id=202507030302&rf=race_list"
"174","7","2025年8月2日","中京","2R","2歳新馬","芝1600m (左A)","10:10","晴","良","7","4","4","ルビーエクリプス","牝2","牝","2","54.0","☆高杉","1:36.4","1","4.0","10.3","34.8","2-4-5","栗東高野","424(0)","https://race.netkeiba.com/race/result.html?race_id=202507030302&rf=race_list"
"175","1","2025年8月2日","中京","3R","3歳未勝利","ダ1800m (左)","10:40","晴","良","1","6","11","オーケーエンジェル","牝3","牝","3","54.0","☆高杉","1:54.7","","6.0","18.4","37.9","4-6-6-2","栗東笹田","440(0)","https://race.netkeiba.com/race/result.html?race_id=202507030303&rf=race_list"
"176","2","2025年8月2日","中京","3R","3歳未勝利","ダ1800m (左)","10:40","晴","良","2","8","16","シェーネアウゲン","牝3","牝","3","55.0","幸","1:54.9","1.1/4","2.0","6.0","38.1","7-8-6-2","栗東清水久","488(-4)","https://race.netkeiba.com/race/result.html?race_id=202507030303&rf=race_list"
"177","3","2025年8月2日","中京","3R","3歳未勝利","ダ1800m (左)","10:40","晴","良","3","7","13","フランキーバローズ","牡3","牡","3","57.0","川田","1:55.0","1/2","1.0","1.6","37.8","8-10-10-8","栗東池江","468(0)","https://race.netkeiba.com/race/result.html?race_id=202507030303&rf=race_list"
"178","4","2025年8月2日","中京","3R","3歳未勝利","ダ1800m (左)","10:40","晴","良","4","2","3","ローズゴジャール","牝3","牝","3","55.0","城戸","1:55.5","3","14.0","163.0","38.9","4-2-3-5","栗東荒川","382(-10)","https://race.netkeiba.com/race/result.html?race_id=202507030303&rf=race_list"
"179","5","2025年8月2日","中京","3R","3歳未勝利","ダ1800m (左)","10:40","晴","良","5","5","9","サントモナルカ","牡3","牡","3","57.0","和田竜","1:55.5","クビ","5.0","17.6","38.6","8-6-8-7","栗東平田","460(+4)","https://race.netkeiba.com/race/result.html?race_id=202507030303&rf=race_list"
"180","6","2025年8月2日","中京","3R","3歳未勝利","ダ1800m (左)","10:40","晴","良","6","4","8","ワクシングムーン","牡3","牡","3","56.0","☆吉村","1:55.5","クビ","9.0","32.6","38.1","13-13-13-11","栗東畑端","518(+5)","https://race.netkeiba.com/race/result.html?race_id=202507030303&rf=race_list"
"181","7","2025年8月2日","中京","3R","3歳未勝利","ダ1800m (左)","10:40","晴","良","7","4","7","ハッピーダンチャン","牡3","牡","3","57.0","団野","1:55.9","2.1/2","3.0","8.8","38.6","10-10-10-11","栗東小椋","468(+6)","https://race.netkeiba.com/race/result.html?race_id=202507030303&rf=race_list"
"182","8","2025年8月2日","中京","3R","3歳未勝利","ダ1800m (左)","10:40","晴","良","8","8","15","メイショウライズ","牡3","牡","3","57.0","田口","1:56.6","4","4.0","13.2","39.1","14-14-14-11","栗東安達","494(-6)","https://race.netkeiba.com/race/result.html?race_id=202507030303&rf=race_list"
"183","9","2025年8月2日","中京","3R","3歳未勝利","ダ1800m (左)","10:40","晴","良","9","3","5","アイファージェット","牡3","牡","3","57.0","加藤","1:56.8","1.1/4","16.0","381.7","40.1","4-4-3-5","栗東宮本","502(-2)","https://race.netkeiba.com/race/result.html?race_id=202507030303&rf=race_list"
"184","10","2025年8月2日","中京","3R","3歳未勝利","ダ1800m (左)","10:40","晴","良","10","1","1","コンセントレイト","セ3","セ","3","53.0","★河原田","1:57.2","2.1/2","10.0","37.1","40.9","1-1-1-1","栗東渡辺","444(+4)","https://race.netkeiba.com/race/result.html?race_id=202507030303&rf=race_list"
"185","11","2025年8月2日","中京","3R","3歳未勝利","ダ1800m (左)","10:40","晴","良","11","1","2","メイショウアボット","牡3","牡","3","57.0","松若","1:57.9","4","11.0","59.9","40.8","10-8-9-9","栗東武幸","518(0)","https://race.netkeiba.com/race/result.html?race_id=202507030303&rf=race_list"
"186","12","2025年8月2日","中京","3R","3歳未勝利","ダ1800m (左)","10:40","晴","良","12","2","4","タマモスノーダンス","牝3","牝","3","53.0","◇永島","1:58.2","1.1/2","12.0","113.2","41.8","2-2-2-2","栗東緒方","486(0)","https://race.netkeiba.com/race/result.html?race_id=202507030303&rf=race_list"
"187","13","2025年8月2日","中京","3R","3歳未勝利","ダ1800m (左)","10:40","晴","良","13","7","14","ユナパール","牝3","牝","3","55.0","川須","1:58.3","3/4","15.0","343.2","39.3","16-16-16-16","栗東岡田","486(-6)","https://race.netkeiba.com/race/result.html?race_id=202507030303&rf=race_list"
"188","14","2025年8月2日","中京","3R","3歳未勝利","ダ1800m (左)","10:40","晴","良","14","6","12","メイショウユウボシ","牡3","牡","3","57.0","角田和","1:59.9","10","13.0","157.6","42.0","14-15-15-15","栗東飯田","480(-4)","https://race.netkeiba.com/race/result.html?race_id=202507030303&rf=race_list"
"189","15","2025年8月2日","中京","3R","3歳未勝利","ダ1800m (左)","10:40","晴","良","15","5","10","モメン","牝3","牝","3","55.0","バデル","2:00.3","2.1/2","8.0","24.4","43.1","12-12-10-11","栗東高橋亮","454(-2)","https://race.netkeiba.com/race/result.html?race_id=202507030303&rf=race_list"
"190","16","2025年8月2日","中京","3R","3歳未勝利","ダ1800m (左)","10:40","晴","良","16","3","6","チルウィズミー","牝3","牝","3","55.0","小沢","2:16.0","大","7.0","21.2","59.3","3-4-3-9","栗東中内田","458(-6)","https://race.netkeiba.com/race/result.html?race_id=202507030303&rf=race_list"
"191","1","2025年8月2日","中京","4R","3歳未勝利","芝2000m (左A)","11:10","晴","良","1","1","1","アロンディ","牡3","牡","3","57.0","バデル","1:59.4","","1.0","3.0","34.5","10-9-6-4","栗東武英","452(-2)","https://race.netkeiba.com/race/result.html?race_id=202507030304&rf=race_list"
"192","2","2025年8月2日","中京","4R","3歳未勝利","芝2000m (左A)","11:10","晴","良","2","8","14","マイネルビスマルク","牡3","牡","3","57.0","松若","1:59.6","1.1/2","4.0","10.8","34.4","14-14-11-8","栗東梅田","494(+6)","https://race.netkeiba.com/race/result.html?race_id=202507030304&rf=race_list"
"193","3","2025年8月2日","中京","4R","3歳未勝利","芝2000m (左A)","11:10","晴","良","3","3","3","コスモグローリー","牡3","牡","3","57.0","和田竜","1:59.7","1/2","2.0","3.2","35.0","3-3-3-2","栗東北出","448(-4)","https://race.netkeiba.com/race/result.html?race_id=202507030304&rf=race_list"
"194","4","2025年8月2日","中京","4R","3歳未勝利","芝2000m (左A)","11:10","晴","良","4","6","9","シェーラ","牝3","牝","3","52.0","▲田山","1:59.8","1/2","9.0","64.9","34.2","11-11-12-13","栗東牧田","418(0)","https://race.netkeiba.com/race/result.html?race_id=202507030304&rf=race_list"
"195","5","2025年8月2日","中京","4R","3歳未勝利","芝2000m (左A)","11:10","晴","良","5","2","2","リーティアコナル","牡3","牡","3","57.0","小崎","2:00.0","1","5.0","12.2","35.2","6-4-5-4","栗東友道","490(+4)","https://race.netkeiba.com/race/result.html?race_id=202507030304&rf=race_list"
"196","6","2025年8月2日","中京","4R","3歳未勝利","芝2000m (左A)","11:10","晴","良","6","5","7","ウインクルキセキ","牝3","牝","3","51.0","★河原田","2:00.0","クビ","7.0","25.7","34.8","8-9-6-8","栗東高橋亮","438(+2)","https://race.netkeiba.com/race/result.html?race_id=202507030304&rf=race_list"
"197","7","2025年8月2日","中京","4R","3歳未勝利","芝2000m (左A)","11:10","晴","良","7","4","5","マットーネロッソ","牝3","牝","3","55.0","川須","2:00.1","3/4","13.0","308.9","34.7","12-12-12-11","栗東中尾","468(+2)","https://race.netkeiba.com/race/result.html?race_id=202507030304&rf=race_list"
"198","8","2025年8月2日","中京","4R","3歳未勝利","芝2000m (左A)","11:10","晴","良","8","4","6","ボナペティアスク","牝3","牝","3","55.0","岩田康","2:00.2","3/4","11.0","87.5","35.1","8-8-9-8","栗東梅田","458(0)","https://race.netkeiba.com/race/result.html?race_id=202507030304&rf=race_list"
"199","9","2025年8月2日","中京","4R","3歳未勝利","芝2000m (左A)","11:10","晴","良","9","6","10","ノボリディアマン","牡3","牡","3","57.0","中井","2:00.3","1/2","14.0","317.0","35.3","4-4-6-7","栗東緒方","452(+2)","https://race.netkeiba.com/race/result.html?race_id=202507030304&rf=race_list"
"200","10","2025年8月2日","中京","4R","3歳未勝利","芝2000m (左A)","11:10","晴","良","10","3","4","アスクアーバンシー","牡3","牡","3","57.0","坂井","2:00.8","3","3.0","3.6","36.2","2-1-1-1","栗東矢作","474(-6)","https://race.netkeiba.com/race/result.html?race_id=202507030304&rf=race_list"
"201","11","2025年8月2日","中京","4R","3歳未勝利","芝2000m (左A)","11:10","晴","良","11","7","12","ポジターノ","牝3","牝","3","54.0","☆高杉","2:01.2","2","6.0","24.4","35.8","12-13-14-11","栗東飯田","420(+6)","https://race.netkeiba.com/race/result.html?race_id=202507030304&rf=race_list"
"202","12","2025年8月2日","中京","4R","3歳未勝利","芝2000m (左A)","11:10","晴","良","12","5","8","ヒルノカーディフ","牝3","牝","3","55.0","太宰","2:01.3","1","12.0","222.1","36.5","7-7-3-4","栗東昆","432(+8)","https://race.netkeiba.com/race/result.html?race_id=202507030304&rf=race_list"
"203","13","2025年8月2日","中京","4R","3歳未勝利","芝2000m (左A)","11:10","晴","良","13","8","13","キャニオンデシェイ","牡3","牡","3","56.0","☆西塚","2:02.4","7","8.0","29.7","37.7","1-2-2-2","栗東友道","488(+2)","https://race.netkeiba.com/race/result.html?race_id=202507030304&rf=race_list"
"204","14","2025年8月2日","中京","4R","3歳未勝利","芝2000m (左A)","11:10","晴","良","14","7","11","ダンツファントム","牡3","牡","3","57.0","国分優","2:05.8","大","10.0","66.1","40.2","4-4-9-13","栗東四位","500(+4)","https://race.netkeiba.com/race/result.html?race_id=202507030304&rf=race_list"
"205","1","2025年8月2日","中京","5R","3歳未勝利","ダ1400m (左)","11:40","晴","良","1","6","11","モズケイスター","牡3","牡","3","56.0","☆高杉","1:24.8","","2.0","3.6","37.6","4-4","栗東高柳大","458(-10)","https://race.netkeiba.com/race/result.html?race_id=202507030305&rf=race_list"
"206","2","2025年8月2日","中京","5R","3歳未勝利","ダ1400m (左)","11:40","晴","良","2","1","1","シュパネントウィル","牡3","牡","3","57.0","川田","1:25.9","7","1.0","2.0","39.0","1-1","栗東吉村","488(-2)","https://race.netkeiba.com/race/result.html?race_id=202507030305&rf=race_list"
"207","3","2025年8月2日","中京","5R","3歳未勝利","ダ1400m (左)","11:40","晴","良","3","8","16","テイエムタワードン","セ3","セ","3","57.0","川須","1:25.9","アタマ","9.0","62.4","38.5","6-8","栗東畑端","500(-4)","https://race.netkeiba.com/race/result.html?race_id=202507030305&rf=race_list"
"208","4","2025年8月2日","中京","5R","3歳未勝利","ダ1400m (左)","11:40","晴","良","4","3","6","ゼンノソブリン","牡3","牡","3","57.0","田口","1:26.6","4","6.0","25.8","38.6","12-11","栗東四位","480(-8)","https://race.netkeiba.com/race/result.html?race_id=202507030305&rf=race_list"
"209","5","2025年8月2日","中京","5R","3歳未勝利","ダ1400m (左)","11:40","晴","良","5","4","8","シャオシンユン","牝3","牝","3","53.0","◇永島","1:26.7","1/2","8.0","47.2","39.7","2-2","栗東西園正","444(+11)","https://race.netkeiba.com/race/result.html?race_id=202507030305&rf=race_list"
"210","6","2025年8月2日","中京","5R","3歳未勝利","ダ1400m (左)","11:40","晴","良","6","7","13","ビーム","牡3","牡","3","57.0","岩田康","1:26.8","1/2","4.0","11.1","39.1","9-9","栗東上村","492(+4)","https://race.netkeiba.com/race/result.html?race_id=202507030305&rf=race_list"
"211","7","2025年8月2日","中京","5R","3歳未勝利","ダ1400m (左)","11:40","晴","良","7","5","10","チェリスト","牡3","牡","3","54.0","▲田山","1:26.8","アタマ","10.0","68.9","39.1","9-10","栗東牧浦","492(+2)","https://race.netkeiba.com/race/result.html?race_id=202507030305&rf=race_list"
"212","8","2025年8月2日","中京","5R","3歳未勝利","ダ1400m (左)","11:40","晴","良","8","4","7","ベラジオルークン","牡3","牡","3","57.0","国分優","1:26.9","1/2","7.0","35.0","39.5","6-6","栗東辻野","474(+8)","https://race.netkeiba.com/race/result.html?race_id=202507030305&rf=race_list"
"213","9","2025年8月2日","中京","5R","3歳未勝利","ダ1400m (左)","11:40","晴","良","9","6","12","メイショウイチモン","牡3","牡","3","57.0","角田和","1:27.0","3/4","13.0","173.0","39.8","4-4","栗東飯田","506(+2)","https://race.netkeiba.com/race/result.html?race_id=202507030305&rf=race_list"
"214","10","2025年8月2日","中京","5R","3歳未勝利","ダ1400m (左)","11:40","晴","良","10","1","2","ゴールドプレミアム","牡3","牡","3","57.0","幸","1:27.1","1/2","14.0","212.3","38.3","15-15","栗東大橋","446(+4)","https://race.netkeiba.com/race/result.html?race_id=202507030305&rf=race_list"
"215","11","2025年8月2日","中京","5R","3歳未勝利","ダ1400m (左)","11:40","晴","良","11","5","9","レーヴセクレタ","牡3","牡","3","56.0","☆吉村","1:27.2","クビ","5.0","16.7","39.8","6-6","栗東千田","510(-14)","https://race.netkeiba.com/race/result.html?race_id=202507030305&rf=race_list"
"216","12","2025年8月2日","中京","5R","3歳未勝利","ダ1400m (左)","11:40","晴","良","12","2","4","タイセイビートル","牡3","牡","3","57.0","松若","1:27.5","2","16.0","448.0","38.6","16-15","栗東平田","478(+6)","https://race.netkeiba.com/race/result.html?race_id=202507030305&rf=race_list"
"217","13","2025年8月2日","中京","5R","3歳未勝利","ダ1400m (左)","11:40","晴","良","13","2","3","ダイゴセイリュウ","牡3","牡","3","57.0","太宰","1:27.6","クビ","11.0","117.7","38.9","14-13","栗東秋山","478(+4)","https://race.netkeiba.com/race/result.html?race_id=202507030305&rf=race_list"
"218","14","2025年8月2日","中京","5R","3歳未勝利","ダ1400m (左)","11:40","晴","良","14","8","15","ランスオブコメット","牡3","牡","3","57.0","団野","1:27.6","クビ","12.0","130.8","39.8","11-12","栗東奥村豊","526(-8)","https://race.netkeiba.com/race/result.html?race_id=202507030305&rf=race_list"
"219","15","2025年8月2日","中京","5R","3歳未勝利","ダ1400m (左)","11:40","晴","良","15","7","14","タヴァネスタン","牡3","牡","3","57.0","松山","1:27.6","ハナ","3.0","5.0","40.6","2-2","栗東藤岡","492(+14)","https://race.netkeiba.com/race/result.html?race_id=202507030305&rf=race_list"
"220","16","2025年8月2日","中京","5R","3歳未勝利","ダ1400m (左)","11:40","晴","良","16","3","5","ワンダーティコ","牝3","牝","3","51.0","★河原田","1:28.9","8","15.0","253.2","40.4","13-13","栗東森田","458(+2)","https://race.netkeiba.com/race/result.html?race_id=202507030305&rf=race_list"
"221","1","2025年8月2日","中京","6R","日進特別","ダ1800m (左)","15:01","晴","良","1","6","8","グラヴィス","牡4","牡","4","58.0","坂井","1:53.5","","2.0","8.1","39.3","8-6-6-5","栗東矢作","498(+8)","https://race.netkeiba.com/race/result.html?race_id=202507030306&rf=race_list"
"222","2","2025年8月2日","中京","6R","日進特別","ダ1800m (左)","15:01","晴","良","2","1","1","キングオブフジ","牡4","牡","4","58.0","中井","1:53.7","1","4.0","9.2","39.2","9-9-8-7","栗東角田","502(+8)","https://race.netkeiba.com/race/result.html?race_id=202507030306&rf=race_list"
"223","3","2025年8月2日","中京","6R","日進特別","ダ1800m (左)","15:01","晴","良","3","6","7","ワンダースティング","牡7","牡","7","58.0","太宰","1:53.8","1/2","6.0","13.5","39.8","5-3-4-3","栗東渡辺","520(0)","https://race.netkeiba.com/race/result.html?race_id=202507030306&rf=race_list"
"224","4","2025年8月2日","中京","6R","日進特別","ダ1800m (左)","15:01","晴","良","4","5","5","タッチャブル","牡5","牡","5","58.0","団野","1:54.1","2","9.0","42.3","38.9","11-11-11-10","栗東中村","518(-2)","https://race.netkeiba.com/race/result.html?race_id=202507030306&rf=race_list"
"225","5","2025年8月2日","中京","6R","日進特別","ダ1800m (左)","15:01","晴","良","5","4","4","メイショウマントル","牡7","牡","7","58.0","川須","1:54.1","クビ","10.0","58.4","38.6","12-12-12-12","栗東安達","514(-2)","https://race.netkeiba.com/race/result.html?race_id=202507030306&rf=race_list"
"226","6","2025年8月2日","中京","6R","日進特別","ダ1800m (左)","15:01","晴","良","6","8","12","ボックスオフィス","牡4","牡","4","58.0","川又","1:54.6","3","5.0","9.3","40.8","3-3-2-2","栗東吉村","516(+16)","https://race.netkeiba.com/race/result.html?race_id=202507030306&rf=race_list"
"227","7","2025年8月2日","中京","6R","日進特別","ダ1800m (左)","15:01","晴","良","7","5","6","ヴォルスター","牡4","牡","4","58.0","吉村","1:54.7","クビ","3.0","9.0","41.0","1-1-1-1","栗東清水久","438(0)","https://race.netkeiba.com/race/result.html?race_id=202507030306&rf=race_list"
"228","8","2025年8月2日","中京","6R","日進特別","ダ1800m (左)","15:01","晴","良","8","7","9","イサナ","牡3","牡","3","55.0","松山","1:54.8","1/2","1.0","1.8","41.0","2-2-2-3","栗東橋口","508(-8)","https://race.netkeiba.com/race/result.html?race_id=202507030306&rf=race_list"
"229","9","2025年8月2日","中京","6R","日進特別","ダ1800m (左)","15:01","晴","良","9","8","11","ダブルジャッジ","牡4","牡","4","58.0","西塚","1:54.9","1","8.0","21.3","40.5","5-6-7-7","栗東笹田","508(-4)","https://race.netkeiba.com/race/result.html?race_id=202507030306&rf=race_list"
"230","10","2025年8月2日","中京","6R","日進特別","ダ1800m (左)","15:01","晴","良","10","3","3","バトンインディ","牡4","牡","4","58.0","幸","1:55.0","クビ","7.0","13.6","40.4","9-9-9-10","栗東安達","458(0)","https://race.netkeiba.com/race/result.html?race_id=202507030306&rf=race_list"
"231","11","2025年8月2日","中京","6R","日進特別","ダ1800m (左)","15:01","晴","良","11","2","2","メイショウトム","牡4","牡","4","58.0","田口","1:55.8","5","12.0","92.4","40.8","7-6-10-9","栗東谷","482(-4)","https://race.netkeiba.com/race/result.html?race_id=202507030306&rf=race_list"
"232","12","2025年8月2日","中京","6R","日進特別","ダ1800m (左)","15:01","晴","良","12","7","10","タイセイミニスター","牡4","牡","4","58.0","和田竜","1:55.9","1/2","11.0","73.5","41.9","3-3-4-5","栗東大橋","486(-4)","https://race.netkeiba.com/race/result.html?race_id=202507030306&rf=race_list"
"233","1","2025年8月2日","中京","7R","豊明S","芝1400m (左A)","15:35","晴","良","1","4","4","アクートゥス","牡5","牡","5","56.0","高杉","1:18.7","","3.0","5.8","32.9","6-6","栗東藤原","460(-2)","https://race.netkeiba.com/race/result.html?race_id=202507030307&rf=race_list"
"234","2","2025年8月2日","中京","7R","豊明S","芝1400m (左A)","15:35","晴","良","2","7","11","レディマリオン","牝4","牝","4","53.0","吉村","1:18.8","クビ","2.0","5.2","33.1","5-3","栗東長谷川","448(0)","https://race.netkeiba.com/race/result.html?race_id=202507030307&rf=race_list"
"235","3","2025年8月2日","中京","7R","豊明S","芝1400m (左A)","15:35","晴","良","3","5","6","シュタールヴィント","牡5","牡","5","56.0","坂井","1:18.9","1/2","4.0","6.6","32.9","8-8","栗東矢作","434(-2)","https://race.netkeiba.com/race/result.html?race_id=202507030307&rf=race_list"
"236","4","2025年8月2日","中京","7R","豊明S","芝1400m (左A)","15:35","晴","良","4","8","13","マイネルチケット","牡3","牡","3","55.0","和田竜","1:18.9","クビ","1.0","2.7","33.1","6-6","栗東宮","464(+8)","https://race.netkeiba.com/race/result.html?race_id=202507030307&rf=race_list"
"237","5","2025年8月2日","中京","7R","豊明S","芝1400m (左A)","15:35","晴","良","5","3","3","スーサンアッシャー","牡6","牡","6","54.0","松山","1:19.2","1.3/4","9.0","37.5","33.3","8-8","栗東鈴木孝","472(-8)","https://race.netkeiba.com/race/result.html?race_id=202507030307&rf=race_list"
"238","6","2025年8月2日","中京","7R","豊明S","芝1400m (左A)","15:35","晴","良","6","1","1","ブリックワーク","牝4","牝","4","54.0","西塚","1:19.4","1.1/4","5.0","10.2","34.0","2-2","栗東辻野","442(+6)","https://race.netkeiba.com/race/result.html?race_id=202507030307&rf=race_list"
"239","7","2025年8月2日","中京","7R","豊明S","芝1400m (左A)","15:35","晴","良","7","6","9","テーオーダヴィンチ","牡7","牡","7","56.0","田口","1:19.4","ハナ","11.0","46.1","33.4","8-8","栗東岡田","492(-2)","https://race.netkeiba.com/race/result.html?race_id=202507030307&rf=race_list"
"240","8","2025年8月2日","中京","7R","豊明S","芝1400m (左A)","15:35","晴","良","8","5","7","ウインスノーライト","牡5","牡","5","55.0","長岡","1:19.6","3/4","8.0","22.7","33.4","11-11","栗東宮","492(-2)","https://race.netkeiba.com/race/result.html?race_id=202507030307&rf=race_list"
"241","9","2025年8月2日","中京","7R","豊明S","芝1400m (左A)","15:35","晴","良","9","4","5","ジュノー","セ7","セ","7","55.0","酒井","1:19.6","ハナ","12.0","91.5","33.4","11-11","美浦田中勝","530(+4)","https://race.netkeiba.com/race/result.html?race_id=202507030307&rf=race_list"
"242","10","2025年8月2日","中京","7R","豊明S","芝1400m (左A)","15:35","晴","良","10","8","12","トワイライトシティ","牝3","牝","3","52.0","松若","1:19.6","クビ","7.0","13.9","34.0","3-3","栗東杉山晴","458(+6)","https://race.netkeiba.com/race/result.html?race_id=202507030307&rf=race_list"
"243","11","2025年8月2日","中京","7R","豊明S","芝1400m (左A)","15:35","晴","良","11","6","8","キャプテンシー","牡4","牡","4","56.0","バデル","1:19.8","1","6.0","12.5","34.1","3-3","栗東松永幹","472(+2)","https://race.netkeiba.com/race/result.html?race_id=202507030307&rf=race_list"
"244","12","2025年8月2日","中京","7R","豊明S","芝1400m (左A)","15:35","晴","良","12","2","2","ショウナンラスボス","牡7","牡","7","54.0","団野","1:20.3","3","10.0","37.9","34.9","1-1","美浦奥村武","462(-8)","https://race.netkeiba.com/race/result.html?race_id=202507030307&rf=race_list"
"245","13","2025年8月2日","中京","7R","豊明S","芝1400m (左A)","15:35","晴","良","取消","7","10","キタサンダムール","牝5","牝","5","54.0","川田","","","","","","","栗東清水久","","https://race.netkeiba.com/race/result.html?race_id=202507030307&rf=race_list"
"246","1","2025年8月2日","中京","8R","浜松特別","ダ1200m (左)","16:10","晴","良","1","8","13","テーオーエルビス","牡3","牡","3","56.0","坂井","1:11.2","","1.0","1.8","36.0","7-7","栗東高柳大","510(+6)","https://race.netkeiba.com/race/result.html?race_id=202507030308&rf=race_list"
"247","2","2025年8月2日","中京","8R","浜松特別","ダ1200m (左)","16:10","晴","良","2","4","5","アスタールフナ","牝3","牝","3","54.0","高杉","1:11.4","1","3.0","6.6","36.7","2-2","栗東中竹","454(+6)","https://race.netkeiba.com/race/result.html?race_id=202507030308&rf=race_list"
"248","3","2025年8月2日","中京","8R","浜松特別","ダ1200m (左)","16:10","晴","良","3","1","1","エコロネオ","牡4","牡","4","58.0","松若","1:11.6","1.1/4","4.0","16.2","37.0","1-1","栗東森秀","480(0)","https://race.netkeiba.com/race/result.html?race_id=202507030308&rf=race_list"
"249","4","2025年8月2日","中京","8R","浜松特別","ダ1200m (左)","16:10","晴","良","4","7","11","ランウインディ","牝4","牝","4","56.0","国分優","1:12.1","3","12.0","137.0","37.2","3-2","栗東中尾","460(0)","https://race.netkeiba.com/race/result.html?race_id=202507030308&rf=race_list"
"250","5","2025年8月2日","中京","8R","浜松特別","ダ1200m (左)","16:10","晴","良","5","2","2","スペシャルナンバー","牡6","牡","6","58.0","吉村","1:12.1","クビ","8.0","57.3","35.9","14-14","栗東西村","490(-2)","https://race.netkeiba.com/race/result.html?race_id=202507030308&rf=race_list"
"251","6","2025年8月2日","中京","8R","浜松特別","ダ1200m (左)","16:10","晴","良","6","6","10","フェンダー","牡4","牡","4","58.0","団野","1:12.4","1.3/4","2.0","2.9","37.1","9-7","栗東斉藤崇","524(+4)","https://race.netkeiba.com/race/result.html?race_id=202507030308&rf=race_list"
"252","7","2025年8月2日","中京","8R","浜松特別","ダ1200m (左)","16:10","晴","良","7","5","7","フレイミングパイ","牝4","牝","4","56.0","幸","1:12.4","ハナ","5.0","26.2","37.3","4-4","栗東中竹","450(-2)","https://race.netkeiba.com/race/result.html?race_id=202507030308&rf=race_list"
"253","8","2025年8月2日","中京","8R","浜松特別","ダ1200m (左)","16:10","晴","良","8","3","4","シンエン","牡6","牡","6","58.0","川須","1:12.6","1.1/4","10.0","82.1","37.1","10-9","栗東松下","498(-4)","https://race.netkeiba.com/race/result.html?race_id=202507030308&rf=race_list"
"254","9","2025年8月2日","中京","8R","浜松特別","ダ1200m (左)","16:10","晴","良","9","3","3","ペプチドハドソン","牡5","牡","5","58.0","小沢","1:12.9","1.1/2","6.0","27.9","37.2","12-13","栗東小椋","492(+4)","https://race.netkeiba.com/race/result.html?race_id=202507030308&rf=race_list"
"255","10","2025年8月2日","中京","8R","浜松特別","ダ1200m (左)","16:10","晴","良","10","7","12","サウンドサンビーム","牡8","牡","8","58.0","酒井","1:12.9","クビ","14.0","307.2","37.4","10-9","栗東安達","488(0)","https://race.netkeiba.com/race/result.html?race_id=202507030308&rf=race_list"
"256","11","2025年8月2日","中京","8R","浜松特別","ダ1200m (左)","16:10","晴","良","11","4","6","ゼットカレン","牝5","牝","5","56.0","和田竜","1:13.0","1/2","13.0","182.5","37.9","4-4","栗東宮","490(0)","https://race.netkeiba.com/race/result.html?race_id=202507030308&rf=race_list"
"257","12","2025年8月2日","中京","8R","浜松特別","ダ1200m (左)","16:10","晴","良","12","8","14","オースミメッシーナ","牝6","牝","6","56.0","田口","1:13.1","クビ","9.0","74.1","37.5","12-9","栗東宮本","470(+4)","https://race.netkeiba.com/race/result.html?race_id=202507030308&rf=race_list"
"258","13","2025年8月2日","中京","8R","浜松特別","ダ1200m (左)","16:10","晴","良","13","6","9","サドル","牡6","牡","6","58.0","西塚","1:13.6","3","11.0","95.8","38.6","4-4","栗東庄野","494(-6)","https://race.netkeiba.com/race/result.html?race_id=202507030308&rf=race_list"
"259","14","2025年8月2日","中京","8R","浜松特別","ダ1200m (左)","16:10","晴","良","14","5","8","ズバットマサムネ","セ4","セ","4","58.0","川又","1:14.9","8","7.0","53.8","39.7","7-12","栗東杉山佳","490(-6)","https://race.netkeiba.com/race/result.html?race_id=202507030308&rf=race_list"
"260","1","2025年8月2日","中京","9R","3歳以上1勝クラス","ダ1800m (左)","16:45","晴","良","1","1","1","ショーダンサー","牡3","牡","3","55.0","国分優","1:53.7","","1.0","3.4","37.7","7-7-7-7","栗東大根田","434(-4)","https://race.netkeiba.com/race/result.html?race_id=202507030309&rf=race_list"
"261","2","2025年8月2日","中京","9R","3歳以上1勝クラス","ダ1800m (左)","16:45","晴","良","2","8","10","シャンパンポップ","牡4","牡","4","58.0","団野","1:53.9","1.1/4","2.0","3.4","38.2","4-5-5-4","栗東武幸","556(+10)","https://race.netkeiba.com/race/result.html?race_id=202507030309&rf=race_list"
"262","3","2025年8月2日","中京","9R","3歳以上1勝クラス","ダ1800m (左)","16:45","晴","良","3","7","8","スーパージョック","牡3","牡","3","52.0","▲田山","1:54.1","3/4","6.0","8.9","38.5","2-2-4-4","栗東佐々木","490(+6)","https://race.netkeiba.com/race/result.html?race_id=202507030309&rf=race_list"
"263","4","2025年8月2日","中京","9R","3歳以上1勝クラス","ダ1800m (左)","16:45","晴","良","4","6","6","エンマ","牡3","牡","3","55.0","松山","1:54.5","2.1/2","4.0","6.1","39.1","9-10-2-3","栗東武英","464(+2)","https://race.netkeiba.com/race/result.html?race_id=202507030309&rf=race_list"
"264","5","2025年8月2日","中京","9R","3歳以上1勝クラス","ダ1800m (左)","16:45","晴","良","5","4","4","レガッタ","牡4","牡","4","58.0","太宰","1:54.8","1.1/2","8.0","50.1","38.6","9-9-9-9","栗東昆","476(-8)","https://race.netkeiba.com/race/result.html?race_id=202507030309&rf=race_list"
"265","6","2025年8月2日","中京","9R","3歳以上1勝クラス","ダ1800m (左)","16:45","晴","良","6","2","2","ゼンエスポワール","牡3","牡","3","55.0","角田和","1:54.8","クビ","5.0","6.2","39.0","4-3-5-4","栗東飯田","516(-2)","https://race.netkeiba.com/race/result.html?race_id=202507030309&rf=race_list"
"266","7","2025年8月2日","中京","9R","3歳以上1勝クラス","ダ1800m (左)","16:45","晴","良","7","5","5","ディオスパーダ","牡3","牡","3","55.0","秋山稔","1:55.2","2.1/2","9.0","67.9","39.9","3-3-1-1","栗東小椋","480(-2)","https://race.netkeiba.com/race/result.html?race_id=202507030309&rf=race_list"
"267","8","2025年8月2日","中京","9R","3歳以上1勝クラス","ダ1800m (左)","16:45","晴","良","8","3","3","ポルトドール","牡5","牡","5","57.0","☆高杉","1:55.8","3.1/2","3.0","5.8","40.4","1-1-2-2","栗東小栗","462(+2)","https://race.netkeiba.com/race/result.html?race_id=202507030309&rf=race_list"
"268","9","2025年8月2日","中京","9R","3歳以上1勝クラス","ダ1800m (左)","16:45","晴","良","9","8","9","ディズレーリ","セ5","セ","5","57.0","☆吉村","1:56.5","4","7.0","40.6","40.5","8-8-7-7","美浦池上","500(-14)","https://race.netkeiba.com/race/result.html?race_id=202507030309&rf=race_list"
"269","10","2025年8月2日","中京","9R","3歳以上1勝クラス","ダ1800m (左)","16:45","晴","良","10","7","7","リヴァイデント","牝4","牝","4","56.0","川須","1:57.0","3","10.0","93.3","40.8","6-6-9-9","栗東秋山","416(+6)","https://race.netkeiba.com/race/result.html?race_id=202507030309&rf=race_list"
"270","1","2025年8月2日","中京","10R","3歳以上1勝クラス","ダ1400m (左)","17:15","晴","良","1","5","6","カルパ","牡4","牡","4","58.0","川田","1:24.5","","3.0","4.2","37.5","7-5","栗東須貝","446(+6)","https://race.netkeiba.com/race/result.html?race_id=202507030310&rf=race_list"
"271","2","2025年8月2日","中京","10R","3歳以上1勝クラス","ダ1400m (左)","17:15","晴","良","2","6","9","ハクサンアイリス","牡3","牡","3","55.0","小崎","1:24.7","1","1.0","2.8","38.8","2-2","栗東高橋一","478(-2)","https://race.netkeiba.com/race/result.html?race_id=202507030310&rf=race_list"
"272","3","2025年8月2日","中京","10R","3歳以上1勝クラス","ダ1400m (左)","17:15","晴","良","3","6","8","ウォーターパラディ","牡3","牡","3","54.0","☆吉村","1:25.2","3","8.0","42.8","38.3","6-5","栗東岡田","458(-10)","https://race.netkeiba.com/race/result.html?race_id=202507030310&rf=race_list"
"273","4","2025年8月2日","中京","10R","3歳以上1勝クラス","ダ1400m (左)","17:15","晴","良","4","8","13","シャドウキャッスル","牡3","牡","3","51.0","★河原田","1:25.3","1/2","6.0","10.9","39.6","1-1","栗東藤原","468(+6)","https://race.netkeiba.com/race/result.html?race_id=202507030310&rf=race_list"
"274","5","2025年8月2日","中京","10R","3歳以上1勝クラス","ダ1400m (左)","17:15","晴","良","5","2","2","パルメリータ","牝5","牝","5","54.0","◇永島","1:25.4","1/2","7.0","23.6","38.9","3-4","栗東西園正","500(+2)","https://race.netkeiba.com/race/result.html?race_id=202507030310&rf=race_list"
"275","6","2025年8月2日","中京","10R","3歳以上1勝クラス","ダ1400m (左)","17:15","晴","良","6","4","5","アシャカブラン","牡4","牡","4","58.0","秋山稔","1:25.6","3/4","12.0","76.6","37.8","13-13","栗東大根田","518(-2)","https://race.netkeiba.com/race/result.html?race_id=202507030310&rf=race_list"
"276","7","2025年8月2日","中京","10R","3歳以上1勝クラス","ダ1400m (左)","17:15","晴","良","7","4","4","アクルクス","牡3","牡","3","55.0","幸","1:25.6","クビ","11.0","69.0","38.3","10-9","栗東池添","468(-8)","https://race.netkeiba.com/race/result.html?race_id=202507030310&rf=race_list"
"277","8","2025年8月2日","中京","10R","3歳以上1勝クラス","ダ1400m (左)","17:15","晴","良","8","3","3","ダディーズアイル","牡4","牡","4","57.0","☆高杉","1:25.7","クビ","9.0","46.1","39.3","3-3","栗東千田","480(+2)","https://race.netkeiba.com/race/result.html?race_id=202507030310&rf=race_list"
"278","9","2025年8月2日","中京","10R","3歳以上1勝クラス","ダ1400m (左)","17:15","晴","良","9","5","7","ガビーズブラザー","牡3","牡","3","55.0","松若","1:26.0","2","2.0","4.1","38.6","11-11","栗東牧田","508(+16)","https://race.netkeiba.com/race/result.html?race_id=202507030310&rf=race_list"
"279","10","2025年8月2日","中京","10R","3歳以上1勝クラス","ダ1400m (左)","17:15","晴","良","10","7","10","エナジーガンツ","牡3","牡","3","55.0","田口","1:26.2","1","5.0","10.7","39.1","8-5","栗東小椋","488(+4)","https://race.netkeiba.com/race/result.html?race_id=202507030310&rf=race_list"
"280","11","2025年8月2日","中京","10R","3歳以上1勝クラス","ダ1400m (左)","17:15","晴","良","11","8","12","サムデイ","牝4","牝","4","56.0","坂井","1:26.4","1.1/4","4.0","10.5","39.3","8-9","栗東新谷","450(-4)","https://race.netkeiba.com/race/result.html?race_id=202507030310&rf=race_list"
"281","12","2025年8月2日","中京","10R","3歳以上1勝クラス","ダ1400m (左)","17:15","晴","良","12","1","1","ミスヨシゼン","牝4","牝","4","55.0","☆西塚","1:26.4","アタマ","13.0","131.9","39.0","11-11","美浦本間","468(-24)","https://race.netkeiba.com/race/result.html?race_id=202507030310&rf=race_list"
"282","13","2025年8月2日","中京","10R","3歳以上1勝クラス","ダ1400m (左)","17:15","晴","良","13","7","11","レジェンダリーデイ","セ5","セ","5","58.0","小沢","1:33.1","大","10.0","65.4","46.7","3-5","栗東森田","546(-12)","https://race.netkeiba.com/race/result.html?race_id=202507030310&rf=race_list"
"283","1","2025年8月2日","中京","11R","3歳以上1勝クラス","芝2000m (左A)","17:45","晴","良","1","5","7","セナスタイル","牝3","牝","3","53.0","坂井","2:01.1","","2.0","4.1","33.9","6-7-9-7","栗東安田","438(0)","https://race.netkeiba.com/race/result.html?race_id=202507030311&rf=race_list"
"284","2","2025年8月2日","中京","11R","3歳以上1勝クラス","芝2000m (左A)","17:45","晴","良","2","8","12","マーゴットレジーナ","牝3","牝","3","53.0","幸","2:01.1","アタマ","3.0","5.3","33.6","13-13-12-12","栗東小林","434(+4)","https://race.netkeiba.com/race/result.html?race_id=202507030311&rf=race_list"
"285","3","2025年8月2日","中京","11R","3歳以上1勝クラス","芝2000m (左A)","17:45","晴","良","3","2","2","キーパフォーマー","牝4","牝","4","53.0","▲田山","2:01.2","3/4","4.0","8.4","33.4","11-11-13-13","栗東佐々木","460(0)","https://race.netkeiba.com/race/result.html?race_id=202507030311&rf=race_list"
"286","4","2025年8月2日","中京","11R","3歳以上1勝クラス","芝2000m (左A)","17:45","晴","良","4","8","13","スズカミエール","牝4","牝","4","56.0","川又","2:01.3","クビ","7.0","13.3","33.9","11-11-11-11","栗東吉村","474(+6)","https://race.netkeiba.com/race/result.html?race_id=202507030311&rf=race_list"
"287","5","2025年8月2日","中京","11R","3歳以上1勝クラス","芝2000m (左A)","17:45","晴","良","5","1","1","ヴォワラクテ","牝3","牝","3","52.0","☆吉村","2:01.3","アタマ","11.0","36.5","34.1","9-10-10-7","栗東田中克","442(0)","https://race.netkeiba.com/race/result.html?race_id=202507030311&rf=race_list"
"288","6","2025年8月2日","中京","11R","3歳以上1勝クラス","芝2000m (左A)","17:45","晴","良","6","5","6","ディスパラール","牝3","牝","3","53.0","団野","2:01.6","1.3/4","10.0","24.3","34.6","9-9-7-4","栗東斉藤崇","440(+2)","https://race.netkeiba.com/race/result.html?race_id=202507030311&rf=race_list"
"289","7","2025年8月2日","中京","11R","3歳以上1勝クラス","芝2000m (左A)","17:45","晴","良","7","4","5","サンセットビュー","牝4","牝","4","56.0","川田","2:01.7","1/2","1.0","4.0","34.8","6-6-6-4","栗東新谷","458(+2)","https://race.netkeiba.com/race/result.html?race_id=202507030311&rf=race_list"
"290","8","2025年8月2日","中京","11R","3歳以上1勝クラス","芝2000m (左A)","17:45","晴","良","8","7","10","バレンシア","牝3","牝","3","52.0","☆西塚","2:01.9","1.1/2","12.0","45.4","35.2","1-1-1-1","栗東笹田","464(+2)","https://race.netkeiba.com/race/result.html?race_id=202507030311&rf=race_list"
"291","9","2025年8月2日","中京","11R","3歳以上1勝クラス","芝2000m (左A)","17:45","晴","良","9","4","4","マドモアゼルアスク","牝3","牝","3","53.0","バデル","2:02.0","クビ","6.0","12.3","35.1","3-3-3-4","栗東藤原","446(-6)","https://race.netkeiba.com/race/result.html?race_id=202507030311&rf=race_list"
"292","10","2025年8月2日","中京","11R","3歳以上1勝クラス","芝2000m (左A)","17:45","晴","良","10","3","3","アラベラ","牝3","牝","3","53.0","松山","2:02.2","1.1/2","5.0","12.0","35.0","6-7-7-7","栗東上村","430(-14)","https://race.netkeiba.com/race/result.html?race_id=202507030311&rf=race_list"
"293","11","2025年8月2日","中京","11R","3歳以上1勝クラス","芝2000m (左A)","17:45","晴","良","11","7","11","ジョワイユノエル","牝3","牝","3","53.0","小沢","2:02.2","アタマ","8.0","13.6","35.4","2-2-2-2","栗東辻野","478(+10)","https://race.netkeiba.com/race/result.html?race_id=202507030311&rf=race_list"
"294","12","2025年8月2日","中京","11R","3歳以上1勝クラス","芝2000m (左A)","17:45","晴","良","12","6","8","サイレントグルーヴ","牝4","牝","4","56.0","角田和","2:02.7","3","9.0","19.6","35.9","5-5-3-2","栗東角田","498(0)","https://race.netkeiba.com/race/result.html?race_id=202507030311&rf=race_list"
"295","13","2025年8月2日","中京","11R","3歳以上1勝クラス","芝2000m (左A)","17:45","晴","良","13","6","9","リードアクトレス","牝4","牝","4","56.0","田口","2:04.1","9","13.0","270.5","36.9","3-3-3-7","栗東安達","482(0)","https://race.netkeiba.com/race/result.html?race_id=202507030311&rf=race_list"
"296","1","2025年8月2日","中京","12R","3歳未勝利","芝1200m (左A)","18:15","晴","良","1","3","6","パリコレジェンヌ","牝3","牝","3","55.0","田口","1:07.7","","8.0","18.2","33.6","8-8","栗東鈴木孝","456(+4)","https://race.netkeiba.com/race/result.html?race_id=202507030312&rf=race_list"
"297","2","2025年8月2日","中京","12R","3歳未勝利","芝1200m (左A)","18:15","晴","良","2","4","8","ダノンプリマ","牝3","牝","3","55.0","角田和","1:07.8","3/4","1.0","3.5","34.3","2-2","栗東千田","446(+6)","https://race.netkeiba.com/race/result.html?race_id=202507030312&rf=race_list"
"298","3","2025年8月2日","中京","12R","3歳未勝利","芝1200m (左A)","18:15","晴","良","3","5","9","ヤマニンレセディ","牝3","牝","3","55.0","幸","1:07.9","クビ","5.0","9.8","34.3","2-3","栗東長谷川","456(0)","https://race.netkeiba.com/race/result.html?race_id=202507030312&rf=race_list"
"299","4","2025年8月2日","中京","12R","3歳未勝利","芝1200m (左A)","18:15","晴","良","4","2","3","モズレイラココナ","牝3","牝","3","54.0","☆吉村","1:08.1","1.1/4","2.0","4.0","34.7","1-1","栗東杉山佳","450(-4)","https://race.netkeiba.com/race/result.html?race_id=202507030312&rf=race_list"
"300","5","2025年8月2日","中京","12R","3歳未勝利","芝1200m (左A)","18:15","晴","良","5","1","1","タイプツービー","牝3","牝","3","55.0","団野","1:08.1","クビ","11.0","28.4","34.3","7-6","栗東斉藤崇","494(+2)","https://race.netkeiba.com/race/result.html?race_id=202507030312&rf=race_list"
"301","6","2025年8月2日","中京","12R","3歳未勝利","芝1200m (左A)","18:15","晴","良","6","6","12","ギフテッドアベリア","牝3","牝","3","55.0","小沢","1:08.1","クビ","7.0","16.8","34.4","4-5","栗東松下","470(+2)","https://race.netkeiba.com/race/result.html?race_id=202507030312&rf=race_list"
"302","7","2025年8月2日","中京","12R","3歳未勝利","芝1200m (左A)","18:15","晴","良","7","8","16","マローソ","牝3","牝","3","55.0","小崎","1:08.2","1/2","3.0","7.0","34.4","4-6","栗東牧田","504(+4)","https://race.netkeiba.com/race/result.html?race_id=202507030312&rf=race_list"
"303","8","2025年8月2日","中京","12R","3歳未勝利","芝1200m (左A)","18:15","晴","良","8","1","2","スマートロベール","牝3","牝","3","54.0","☆西塚","1:08.3","クビ","9.0","21.5","34.7","4-3","栗東笹田","430(0)","https://race.netkeiba.com/race/result.html?race_id=202507030312&rf=race_list"
"304","9","2025年8月2日","中京","12R","3歳未勝利","芝1200m (左A)","18:15","晴","良","9","7","13","エイシンパンタレイ","牡3","牡","3","57.0","坂井","1:08.4","1","4.0","8.0","34.0","9-9","栗東中尾","508(+24)","https://race.netkeiba.com/race/result.html?race_id=202507030312&rf=race_list"
"305","10","2025年8月2日","中京","12R","3歳未勝利","芝1200m (左A)","18:15","晴","良","10","8","15","ショウナンナスカ","牡3","牡","3","57.0","中井","1:08.4","アタマ","14.0","112.2","33.0","14-15","栗東畑端","470(+6)","https://race.netkeiba.com/race/result.html?race_id=202507030312&rf=race_list"
"306","11","2025年8月2日","中京","12R","3歳未勝利","芝1200m (左A)","18:15","晴","良","11","4","7","アニュレス","牝3","牝","3","55.0","酒井","1:08.7","1.1/2","12.0","56.2","34.2","11-10","栗東佐々木","442(+6)","https://race.netkeiba.com/race/result.html?race_id=202507030312&rf=race_list"
"307","12","2025年8月2日","中京","12R","3歳未勝利","芝1200m (左A)","18:15","晴","良","12","5","10","ナリタボニー","牝3","牝","3","52.0","▲田山","1:08.8","1","6.0","16.5","33.7","13-13","栗東高橋亮","430(+4)","https://race.netkeiba.com/race/result.html?race_id=202507030312&rf=race_list"
"308","13","2025年8月2日","中京","12R","3歳未勝利","芝1200m (左A)","18:15","晴","良","13","3","5","ゴッドペイズリー","セ3","セ","3","53.0","★河原田","1:09.0","1","15.0","123.0","34.5","10-10","栗東飯田","478(+4)","https://race.netkeiba.com/race/result.html?race_id=202507030312&rf=race_list"
"309","14","2025年8月2日","中京","12R","3歳未勝利","芝1200m (左A)","18:15","晴","良","14","7","14","マテンロウアトラス","牡3","牡","3","57.0","太宰","1:09.4","2.1/2","13.0","63.4","34.2","14-14","栗東昆","494(+8)","https://race.netkeiba.com/race/result.html?race_id=202507030312&rf=race_list"
"310","15","2025年8月2日","中京","12R","3歳未勝利","芝1200m (左A)","18:15","晴","良","15","2","4","アスカノソング","牡3","牡","3","57.0","城戸","1:09.6","1.1/4","16.0","273.8","34.6","12-12","栗東宮地","460(0)","https://race.netkeiba.com/race/result.html?race_id=202507030312&rf=race_list"
"311","16","2025年8月2日","中京","12R","3歳未勝利","芝1200m (左A)","18:15","晴","良","16","6","11","メイショウマチルダ","牝3","牝","3","54.0","☆高杉","1:10.1","3","10.0","25.4","34.7","16-15","栗東鈴木孝","438(+6)","https://race.netkeiba.com/race/result.html?race_id=202507030312&rf=race_list"
"312","1","2025年8月2日","札幌","1R","2歳未勝利","芝1800m (右A)","09:55","晴","良","1","4","4","ジャストビート","牝2","牝","2","55.0","丹内","1:50.2","","3.0","5.7","35.4","4-4-4-4","栗東安達","418(+2)","https://race.netkeiba.com/race/result.html?race_id=202501010301&rf=race_list"
"313","2","2025年8月2日","札幌","1R","2歳未勝利","芝1800m (右A)","09:55","晴","良","2","5","5","ヴィラジョヴィス","牝2","牝","2","55.0","キング","1:50.3","1/2","1.0","1.2","35.8","2-2-2-2","栗東小栗","476(+2)","https://race.netkeiba.com/race/result.html?race_id=202501010301&rf=race_list"
"314","3","2025年8月2日","札幌","1R","2歳未勝利","芝1800m (右A)","09:55","晴","良","3","3","3","アイムスティルミー","セ2","セ","2","55.0","嶋田","1:50.8","3","4.0","37.2","35.9","7-7-4-2","美浦手塚久","430(-4)","https://race.netkeiba.com/race/result.html?race_id=202501010301&rf=race_list"
"315","4","2025年8月2日","札幌","1R","2歳未勝利","芝1800m (右A)","09:55","晴","良","4","8","8","チェンドル","牝2","牝","2","52.0","▲小林美","1:51.0","1.1/4","2.0","5.7","36.6","1-1-1-1","美浦小手川","440(-4)","https://race.netkeiba.com/race/result.html?race_id=202501010301&rf=race_list"
"316","5","2025年8月2日","札幌","1R","2歳未勝利","芝1800m (右A)","09:55","晴","良","5","7","7","ブルームオブピース","牝2","牝","2","55.0","古川吉","1:51.2","1.1/4","8.0","81.4","36.5","2-2-3-5","栗東北出","430(-4)","https://race.netkeiba.com/race/result.html?race_id=202501010301&rf=race_list"
"317","6","2025年8月2日","札幌","1R","2歳未勝利","芝1800m (右A)","09:55","晴","良","6","2","2","ラシッド","牡2","牡","2","55.0","佐々木","1:51.3","1/2","5.0","37.6","36.1","5-6-6-6","美浦杉浦","476(-6)","https://race.netkeiba.com/race/result.html?race_id=202501010301&rf=race_list"
"318","7","2025年8月2日","札幌","1R","2歳未勝利","芝1800m (右A)","09:55","晴","良","7","6","6","シャインヴィーラ","牡2","牡","2","54.0","☆松本","1:51.3","ハナ","7.0","51.2","36.2","5-5-6-6","栗東本田","474(+6)","https://race.netkeiba.com/race/result.html?race_id=202501010301&rf=race_list"
"319","8","2025年8月2日","札幌","1R","2歳未勝利","芝1800m (右A)","09:55","晴","良","8","1","1","ソルプレーザ","牡2","牡","2","52.0","▲舟山","1:51.6","2","6.0","47.6","36.2","8-8-8-8","美浦菊川","466(-6)","https://race.netkeiba.com/race/result.html?race_id=202501010301&rf=race_list"
"320","1","2025年8月2日","札幌","2R","3歳未勝利","ダ1000m (右)","10:30","晴","良","1","8","11","マカニ","牝3","牝","3","52.0","▲小林美","0:59.0","","4.0","7.8","35.7","1-1","美浦尾形","464(+4)","https://race.netkeiba.com/race/result.html?race_id=202501010302&rf=race_list"
"321","2","2025年8月2日","札幌","2R","3歳未勝利","ダ1000m (右)","10:30","晴","良","2","7","10","ステラノヴァ","牡3","牡","3","57.0","武豊","0:59.1","1","1.0","2.3","35.4","2-3","栗東千田","474(+10)","https://race.netkeiba.com/race/result.html?race_id=202501010302&rf=race_list"
"322","3","2025年8月2日","札幌","2R","3歳未勝利","ダ1000m (右)","10:30","晴","良","3","6","8","カービスベイ","牡3","牡","3","57.0","黛","0:59.2","1/2","3.0","5.8","35.6","2-2","美浦武藤","518(-6)","https://race.netkeiba.com/race/result.html?race_id=202501010302&rf=race_list"
"323","4","2025年8月2日","札幌","2R","3歳未勝利","ダ1000m (右)","10:30","晴","良","4","2","2","ブラックエンパイア","牡3","牡","3","57.0","荻野琢","0:59.5","1.3/4","11.0","99.1","35.5","4-4","美浦松永康","468(-8)","https://race.netkeiba.com/race/result.html?race_id=202501010302&rf=race_list"
"324","5","2025年8月2日","札幌","2R","3歳未勝利","ダ1000m (右)","10:30","晴","良","5","3","3","フルグライト","牡3","牡","3","57.0","松岡","1:00.2","4","5.0","12.2","35.6","8-6","美浦堀内","464(0)","https://race.netkeiba.com/race/result.html?race_id=202501010302&rf=race_list"
"325","6","2025年8月2日","札幌","2R","3歳未勝利","ダ1000m (右)","10:30","晴","良","6","8","12","アンノドミニ","牡3","牡","3","54.0","▲舟山","1:00.3","1/2","6.0","12.6","36.2","5-5","栗東佐々木","450(+6)","https://race.netkeiba.com/race/result.html?race_id=202501010302&rf=race_list"
"326","7","2025年8月2日","札幌","2R","3歳未勝利","ダ1000m (右)","10:30","晴","良","7","5","5","ローレルゼロ","牡3","牡","3","54.0","▲橋木","1:00.4","3/4","8.0","34.9","36.0","7-7","栗東高橋康","474(+2)","https://race.netkeiba.com/race/result.html?race_id=202501010302&rf=race_list"
"327","8","2025年8月2日","札幌","2R","3歳未勝利","ダ1000m (右)","10:30","晴","良","8","6","7","オンサイト","牡3","牡","3","57.0","丹内","1:00.5","1/2","7.0","24.0","35.6","9-9","美浦小西","466(+2)","https://race.netkeiba.com/race/result.html?race_id=202501010302&rf=race_list"
"328","9","2025年8月2日","札幌","2R","3歳未勝利","ダ1000m (右)","10:30","晴","良","9","4","4","ハナヒラク","牝3","牝","3","52.0","▲柴田裕","1:01.0","3","10.0","64.1","35.9","10-10","美浦萱野","454(-2)","https://race.netkeiba.com/race/result.html?race_id=202501010302&rf=race_list"
"329","10","2025年8月2日","札幌","2R","3歳未勝利","ダ1000m (右)","10:30","晴","良","10","1","1","インユアアイズ","牝3","牝","3","55.0","キング","1:01.4","2.1/2","2.0","4.2","35.8","12-12","栗東中村","474(-2)","https://race.netkeiba.com/race/result.html?race_id=202501010302&rf=race_list"
"330","11","2025年8月2日","札幌","2R","3歳未勝利","ダ1000m (右)","10:30","晴","良","11","7","9","デルタニュートラル","牝3","牝","3","52.0","▲和田陽","1:01.6","1.1/2","9.0","40.8","37.5","5-8","美浦加藤士","422(+2)","https://race.netkeiba.com/race/result.html?race_id=202501010302&rf=race_list"
"331","12","2025年8月2日","札幌","2R","3歳未勝利","ダ1000m (右)","10:30","晴","良","12","5","6","メイショウルーチェ","牝3","牝","3","54.0","☆松本","1:01.8","1.1/4","12.0","122.2","36.7","10-11","栗東飯田","448(0)","https://race.netkeiba.com/race/result.html?race_id=202501010302&rf=race_list"
"332","1","2025年8月2日","札幌","3R","3歳未勝利","ダ1700m (右)","11:00","晴","良","1","2","2","ラルフテソーロ","牡3","牡","3","57.0","丹内","1:47.0","","1.0","2.7","37.5","1-1-1-1","美浦伊藤圭","504(+2)","https://race.netkeiba.com/race/result.html?race_id=202501010303&rf=race_list"
"333","2","2025年8月2日","札幌","3R","3歳未勝利","ダ1700m (右)","11:00","晴","良","2","7","11","トリプレーテ","牡3","牡","3","54.0","▲森田","1:47.0","アタマ","2.0","5.0","37.2","13-12-3-2","栗東武英","484(+2)","https://race.netkeiba.com/race/result.html?race_id=202501010303&rf=race_list"
"334","3","2025年8月2日","札幌","3R","3歳未勝利","ダ1700m (右)","11:00","晴","良","3","4","6","ハルフロンティア","牡3","牡","3","57.0","鮫島駿","1:47.6","3.1/2","8.0","24.0","37.4","6-5-7-7","栗東池添","486(-22)","https://race.netkeiba.com/race/result.html?race_id=202501010303&rf=race_list"
"335","4","2025年8月2日","札幌","3R","3歳未勝利","ダ1700m (右)","11:00","晴","良","4","5","8","ミスターボビー","牡3","牡","3","57.0","菱田","1:47.8","1.1/4","11.0","51.0","38.1","3-3-3-2","美浦栗田","462(0)","https://race.netkeiba.com/race/result.html?race_id=202501010303&rf=race_list"
"336","5","2025年8月2日","札幌","3R","3歳未勝利","ダ1700m (右)","11:00","晴","良","5","6","9","シャドーストライク","牡3","牡","3","54.0","▲舟山","1:48.1","1.3/4","9.0","28.9","38.2","5-5-5-4","栗東茶木","464(0)","https://race.netkeiba.com/race/result.html?race_id=202501010303&rf=race_list"
"337","6","2025年8月2日","札幌","3R","3歳未勝利","ダ1700m (右)","11:00","晴","良","6","4","5","ジーティーララバイ","牝3","牝","3","55.0","荻野琢","1:48.3","1.1/4","13.0","93.2","38.4","3-3-5-6","栗東矢作","502(-4)","https://race.netkeiba.com/race/result.html?race_id=202501010303&rf=race_list"
"338","7","2025年8月2日","札幌","3R","3歳未勝利","ダ1700m (右)","11:00","晴","良","7","8","14","リバティフレイム","牡3","牡","3","57.0","斎藤","1:48.5","1","4.0","8.6","38.4","7-7-7-7","美浦嘉藤","516(+4)","https://race.netkeiba.com/race/result.html?race_id=202501010303&rf=race_list"
"339","8","2025年8月2日","札幌","3R","3歳未勝利","ダ1700m (右)","11:00","晴","良","8","3","3","マイネルアース","牡3","牡","3","54.0","▲橋木","1:48.8","2","5.0","10.7","38.2","10-10-12-11","美浦金成","468(-2)","https://race.netkeiba.com/race/result.html?race_id=202501010303&rf=race_list"
"340","9","2025年8月2日","札幌","3R","3歳未勝利","ダ1700m (右)","11:00","晴","良","9","8","13","サーフギャラクシー","牡3","牡","3","57.0","黛","1:49.4","3.1/2","14.0","196.2","39.0","12-12-10-10","美浦松山","460(+6)","https://race.netkeiba.com/race/result.html?race_id=202501010303&rf=race_list"
"341","10","2025年8月2日","札幌","3R","3歳未勝利","ダ1700m (右)","11:00","晴","良","10","1","1","グラツィオーソ","牝3","牝","3","55.0","松岡","1:49.5","1/2","7.0","15.6","38.9","10-10-12-13","美浦田中剛","468(-2)","https://race.netkeiba.com/race/result.html?race_id=202501010303&rf=race_list"
"342","11","2025年8月2日","札幌","3R","3歳未勝利","ダ1700m (右)","11:00","晴","良","11","7","12","アックアヴィリーレ","セ3","セ","3","54.0","▲柴田裕","1:49.5","アタマ","12.0","72.1","39.1","8-8-10-11","栗東佐々木","464(+16)","https://race.netkeiba.com/race/result.html?race_id=202501010303&rf=race_list"
"343","12","2025年8月2日","札幌","3R","3歳未勝利","ダ1700m (右)","11:00","晴","良","12","5","7","アーロッタレット","牝3","牝","3","52.0","▲小林美","1:49.6","1/2","6.0","12.6","38.9","14-14-12-13","栗東須貝","468(-6)","https://race.netkeiba.com/race/result.html?race_id=202501010303&rf=race_list"
"344","13","2025年8月2日","札幌","3R","3歳未勝利","ダ1700m (右)","11:00","晴","良","13","3","4","ビザンティーノ","牡3","牡","3","57.0","横山琉","1:50.6","6","10.0","35.2","40.3","8-8-9-9","美浦上原佑","484(+6)","https://race.netkeiba.com/race/result.html?race_id=202501010303&rf=race_list"
"345","14","2025年8月2日","札幌","3R","3歳未勝利","ダ1700m (右)","11:00","晴","良","14","6","10","マンボルンバ","牡3","牡","3","57.0","横山武","1:52.4","大","3.0","5.4","42.8","2-2-2-5","美浦加藤征","520(-4)","https://race.netkeiba.com/race/result.html?race_id=202501010303&rf=race_list"
"346","1","2025年8月2日","札幌","4R","3歳未勝利","芝2000m (右A)","11:30","晴","良","1","7","14","ロパシック","牝3","牝","3","55.0","池添","1:59.5","","1.0","2.4","35.8","5-5-2-1","美浦大竹","448(-6)","https://race.netkeiba.com/race/result.html?race_id=202501010304&rf=race_list"
"347","2","2025年8月2日","札幌","4R","3歳未勝利","芝2000m (右A)","11:30","晴","良","2","2","3","ストレートブラック","牝3","牝","3","55.0","松岡","1:59.7","1.1/2","2.0","4.1","35.6","8-8-7-4","美浦奥平","426(-6)","https://race.netkeiba.com/race/result.html?race_id=202501010304&rf=race_list"
"348","3","2025年8月2日","札幌","4R","3歳未勝利","芝2000m (右A)","11:30","晴","良","3","4","8","アロマフェリス","牝3","牝","3","55.0","キング","1:59.9","1.1/4","4.0","7.7","36.0","6-6-5-2","栗東辻野","390(-4)","https://race.netkeiba.com/race/result.html?race_id=202501010304&rf=race_list"
"349","4","2025年8月2日","札幌","4R","3歳未勝利","芝2000m (右A)","11:30","晴","良","4","5","10","フェアリーグレン","牝3","牝","3","54.0","☆松本","2:00.0","クビ","7.0","20.3","35.7","11-10-10-9","栗東吉田","418(+6)","https://race.netkeiba.com/race/result.html?race_id=202501010304&rf=race_list"
"350","5","2025年8月2日","札幌","4R","3歳未勝利","芝2000m (右A)","11:30","晴","良","5","1","1","グランセゾン","牝3","牝","3","55.0","佐々木","2:00.1","1/2","5.0","16.7","35.5","15-15-14-2","美浦栗田","458(+2)","https://race.netkeiba.com/race/result.html?race_id=202501010304&rf=race_list"
"351","6","2025年8月2日","札幌","4R","3歳未勝利","芝2000m (右A)","11:30","晴","良","6","4","7","エコログロス","牡3","牡","3","57.0","嶋田","2:00.3","1","12.0","54.5","35.7","11-13-14-13","美浦手塚久","436(+8)","https://race.netkeiba.com/race/result.html?race_id=202501010304&rf=race_list"
"352","7","2025年8月2日","札幌","4R","3歳未勝利","芝2000m (右A)","11:30","晴","良","7","8","15","シカレ","牝3","牝","3","52.0","▲古川奈","2:00.5","1.1/2","13.0","109.2","36.4","8-8-7-6","栗東前川","412(-2)","https://race.netkeiba.com/race/result.html?race_id=202501010304&rf=race_list"
"353","8","2025年8月2日","札幌","4R","3歳未勝利","芝2000m (右A)","11:30","晴","良","8","3","5","ヴァンガルダ","牝3","牝","3","55.0","斎藤","2:00.8","1.1/2","9.0","29.1","36.7","6-6-7-9","栗東奥村豊","434(+2)","https://race.netkeiba.com/race/result.html?race_id=202501010304&rf=race_list"
"354","9","2025年8月2日","札幌","4R","3歳未勝利","芝2000m (右A)","11:30","晴","良","9","7","13","マサノイロハ","牡3","牡","3","57.0","古川吉","2:01.2","2.1/2","15.0","306.2","36.7","14-13-13-9","栗東藤野","460(0)","https://race.netkeiba.com/race/result.html?race_id=202501010304&rf=race_list"
"355","10","2025年8月2日","札幌","4R","3歳未勝利","芝2000m (右A)","11:30","晴","良","10","5","9","ホウオウアーネスト","牡3","牡","3","57.0","横山典","2:01.3","1","6.0","19.7","37.0","10-10-10-13","栗東安田","486(-2)","https://race.netkeiba.com/race/result.html?race_id=202501010304&rf=race_list"
"356","11","2025年8月2日","札幌","4R","3歳未勝利","芝2000m (右A)","11:30","晴","良","11","6","12","ゴートゥーミジョカ","牝3","牝","3","52.0","▲柴田裕","2:01.5","1","16.0","560.5","37.1","11-12-10-13","栗東宮本","428(-2)","https://race.netkeiba.com/race/result.html?race_id=202501010304&rf=race_list"
"357","12","2025年8月2日","札幌","4R","3歳未勝利","芝2000m (右A)","11:30","晴","良","12","3","6","カリータフェリス","牝3","牝","3","52.0","▲舟山","2:01.6","1","11.0","40.3","36.9","16-16-16-16","美浦鈴木慎","428(+6)","https://race.netkeiba.com/race/result.html?race_id=202501010304&rf=race_list"
"358","13","2025年8月2日","札幌","4R","3歳未勝利","芝2000m (右A)","11:30","晴","良","13","1","2","バントック","牡3","牡","3","57.0","丹内","2:02.0","2","10.0","30.7","38.2","3-3-4-6","栗東浜田","438(-8)","https://race.netkeiba.com/race/result.html?race_id=202501010304&rf=race_list"
"359","14","2025年8月2日","札幌","4R","3歳未勝利","芝2000m (右A)","11:30","晴","良","14","8","16","バトラーズワーフ","牡3","牡","3","57.0","鮫島駿","2:02.2","1","3.0","6.7","38.6","1-1-1-4","美浦浅利","464(0)","https://race.netkeiba.com/race/result.html?race_id=202501010304&rf=race_list"
"360","15","2025年8月2日","札幌","4R","3歳未勝利","芝2000m (右A)","11:30","晴","良","15","2","4","アインホルン","牡3","牡","3","54.0","▲森田","2:02.8","3.1/2","14.0","227.1","38.8","3-3-5-12","栗東寺島","446(+4)","https://race.netkeiba.com/race/result.html?race_id=202501010304&rf=race_list"
"361","16","2025年8月2日","札幌","4R","3歳未勝利","芝2000m (右A)","11:30","晴","良","16","6","11","トリフォラート","牝3","牝","3","55.0","横山武","2:03.1","2","8.0","27.7","39.4","2-2-2-6","美浦小手川","486(0)","https://race.netkeiba.com/race/result.html?race_id=202501010304&rf=race_list"
"362","1","2025年8月2日","札幌","5R","2歳新馬","芝1500m (右A)","12:20","晴","良","1","6","7","ポペット","牝2","牝","2","52.0","▲橋木","1:29.3","","7.0","26.3","33.9","6-6-7","栗東高橋康","416(0)","https://race.netkeiba.com/race/result.html?race_id=202501010305&rf=race_list"
"363","2","2025年8月2日","札幌","5R","2歳新馬","芝1500m (右A)","12:20","晴","良","2","5","5","レッドスティンガー","牡2","牡","2","55.0","横山武","1:29.8","3","2.0","3.0","34.9","1-1-1","美浦矢嶋","470(0)","https://race.netkeiba.com/race/result.html?race_id=202501010305&rf=race_list"
"364","3","2025年8月2日","札幌","5R","2歳新馬","芝1500m (右A)","12:20","晴","良","3","6","6","サンダーバード","牝2","牝","2","55.0","武豊","1:29.9","3/4","1.0","2.6","34.7","3-3-5","栗東武幸","444(0)","https://race.netkeiba.com/race/result.html?race_id=202501010305&rf=race_list"
"365","4","2025年8月2日","札幌","5R","2歳新馬","芝1500m (右A)","12:20","晴","良","4","3","3","ハヤテノオジョー","牝2","牝","2","55.0","鮫島駿","1:29.9","クビ","6.0","10.9","34.8","3-3-3","栗東杉山佳","402(0)","https://race.netkeiba.com/race/result.html?race_id=202501010305&rf=race_list"
"366","5","2025年8月2日","札幌","5R","2歳新馬","芝1500m (右A)","12:20","晴","良","5","8","10","サンエンジェルス","牝2","牝","2","55.0","浜中","1:30.2","1.1/2","10.0","62.6","34.8","6-6-5","栗東谷","420(0)","https://race.netkeiba.com/race/result.html?race_id=202501010305&rf=race_list"
"367","6","2025年8月2日","札幌","5R","2歳新馬","芝1500m (右A)","12:20","晴","良","6","1","1","オーシャンステラ","牝2","牝","2","55.0","丹内","1:30.3","1/2","5.0","10.5","34.6","9-10-10","美浦菊沢","418(0)","https://race.netkeiba.com/race/result.html?race_id=202501010305&rf=race_list"
"368","7","2025年8月2日","札幌","5R","2歳新馬","芝1500m (右A)","12:20","晴","良","7","7","9","ビョウブガウラ","牡2","牡","2","55.0","キング","1:30.3","1/2","3.0","7.8","34.7","9-9-7","美浦清水英","486(0)","https://race.netkeiba.com/race/result.html?race_id=202501010305&rf=race_list"
"369","8","2025年8月2日","札幌","5R","2歳新馬","芝1500m (右A)","12:20","晴","良","8","7","8","ウチュウノセカイ","牡2","牡","2","55.0","古川吉","1:30.4","3/4","8.0","37.9","35.5","2-2-2","美浦青木","492(0)","https://race.netkeiba.com/race/result.html?race_id=202501010305&rf=race_list"
"370","9","2025年8月2日","札幌","5R","2歳新馬","芝1500m (右A)","12:20","晴","良","9","4","4","ブラックジャック","牡2","牡","2","55.0","佐々木","1:30.8","2","4.0","8.3","35.4","6-6-7","栗東須貝","492(0)","https://race.netkeiba.com/race/result.html?race_id=202501010305&rf=race_list"
"371","10","2025年8月2日","札幌","5R","2歳新馬","芝1500m (右A)","12:20","晴","良","10","2","2","リピース","牝2","牝","2","52.0","▲小林美","1:30.9","1","9.0","51.0","34.9","11-11-10","栗東前川","426(0)","https://race.netkeiba.com/race/result.html?race_id=202501010305&rf=race_list"
"372","11","2025年8月2日","札幌","5R","2歳新馬","芝1500m (右A)","12:20","晴","良","11","8","11","ブルーメンフェスト","牝2","牝","2","55.0","松岡","1:33.4","大","11.0","74.9","38.3","3-3-3","栗東緒方","484(0)","https://race.netkeiba.com/race/result.html?race_id=202501010305&rf=race_list"
"373","1","2025年8月2日","札幌","6R","3歳以上1勝クラス","ダ1000m (右)","12:50","晴","良","1","3","3","サウンドモリアーナ","牝3","牝","3","54.0","武豊","0:58.5","","2.0","2.5","34.7","3-3","栗東武英","440(0)","https://race.netkeiba.com/race/result.html?race_id=202501010306&rf=race_list"
"374","2","2025年8月2日","札幌","6R","3歳以上1勝クラス","ダ1000m (右)","12:50","晴","良","2","2","2","ミニョンマルーン","牝3","牝","3","51.0","▲小林美","0:58.7","1.1/4","1.0","1.7","35.6","1-1","美浦伊藤圭","472(+2)","https://race.netkeiba.com/race/result.html?race_id=202501010306&rf=race_list"
"375","3","2025年8月2日","札幌","6R","3歳以上1勝クラス","ダ1000m (右)","12:50","晴","良","3","6","6","ミルフルール","牝4","牝","4","56.0","斎藤","0:59.4","4","3.0","7.0","35.5","3-4","美浦伊坂","482(+12)","https://race.netkeiba.com/race/result.html?race_id=202501010306&rf=race_list"
"376","4","2025年8月2日","札幌","6R","3歳以上1勝クラス","ダ1000m (右)","12:50","晴","良","4","1","1","アースミューズ","牝3","牝","3","54.0","松岡","0:59.5","1/2","4.0","15.7","36.0","2-2","美浦粕谷","438(-10)","https://race.netkeiba.com/race/result.html?race_id=202501010306&rf=race_list"
"377","5","2025年8月2日","札幌","6R","3歳以上1勝クラス","ダ1000m (右)","12:50","晴","良","5","7","7","サンピアノソナタ","牝4","牝","4","53.0","▲和田陽","1:00.0","3","5.0","37.6","35.1","7-7","美浦小野","454(-8)","https://race.netkeiba.com/race/result.html?race_id=202501010306&rf=race_list"
"378","6","2025年8月2日","札幌","6R","3歳以上1勝クラス","ダ1000m (右)","12:50","晴","良","6","4","4","シエラメンテ","牝6","牝","6","53.0","▲古川奈","1:00.1","1/2","6.0","45.7","35.9","5-5","美浦堀内","490(0)","https://race.netkeiba.com/race/result.html?race_id=202501010306&rf=race_list"
"379","7","2025年8月2日","札幌","6R","3歳以上1勝クラス","ダ1000m (右)","12:50","晴","良","7","5","5","ジーティースピカ","牝4","牝","4","53.0","▲柴田裕","1:00.2","1/2","7.0","72.9","35.4","6-6","美浦加藤和","468(-10)","https://race.netkeiba.com/race/result.html?race_id=202501010306&rf=race_list"
"380","1","2025年8月2日","札幌","7R","3歳以上1勝クラス","芝1800m (右A)","13:20","晴","良","1","7","7","ハートメテオ","牝3","牝","3","53.0","鮫島駿","1:46.6","","1.0","1.8","34.6","3-3-3-3","栗東笹田","444(+2)","https://race.netkeiba.com/race/result.html?race_id=202501010307&rf=race_list"
"381","2","2025年8月2日","札幌","7R","3歳以上1勝クラス","芝1800m (右A)","13:20","晴","良","2","8","10","シンゼンカガ","牡3","牡","3","55.0","武豊","1:46.7","クビ","3.0","8.0","34.5","6-6-6-6","栗東荒川","442(-4)","https://race.netkeiba.com/race/result.html?race_id=202501010307&rf=race_list"
"382","3","2025年8月2日","札幌","7R","3歳以上1勝クラス","芝1800m (右A)","13:20","晴","良","3","6","6","ハニードレス","牝3","牝","3","53.0","佐々木","1:46.9","1.1/4","4.0","8.4","35.1","2-2-2-2","美浦牧","438(-2)","https://race.netkeiba.com/race/result.html?race_id=202501010307&rf=race_list"
"383","4","2025年8月2日","札幌","7R","3歳以上1勝クラス","芝1800m (右A)","13:20","晴","良","4","3","3","ツーエムクロノス","牡3","牡","3","54.0","☆松本","1:47.3","2.1/2","7.0","36.1","35.6","1-1-1-1","栗東本田","506(-2)","https://race.netkeiba.com/race/result.html?race_id=202501010307&rf=race_list"
"384","5","2025年8月2日","札幌","7R","3歳以上1勝クラス","芝1800m (右A)","13:20","晴","良","5","5","5","モアリジット","牡4","牡","4","55.0","▲森田","1:47.4","1","8.0","77.6","35.4","3-3-3-4","栗東西村","492(-2)","https://race.netkeiba.com/race/result.html?race_id=202501010307&rf=race_list"
"385","6","2025年8月2日","札幌","7R","3歳以上1勝クラス","芝1800m (右A)","13:20","晴","良","6","1","1","シアブリス","牝4","牝","4","56.0","丹内","1:48.2","5","6.0","11.0","36.2","3-3-3-4","美浦黒岩","446(+6)","https://race.netkeiba.com/race/result.html?race_id=202501010307&rf=race_list"
"386","7","2025年8月2日","札幌","7R","3歳以上1勝クラス","芝1800m (右A)","13:20","晴","良","7","2","2","コンフォルツァ","牡3","牡","3","55.0","横山典","1:48.2","クビ","2.0","4.9","34.9","7-7-8-8","栗東松永幹","494(+12)","https://race.netkeiba.com/race/result.html?race_id=202501010307&rf=race_list"
"387","8","2025年8月2日","札幌","7R","3歳以上1勝クラス","芝1800m (右A)","13:20","晴","良","8","7","8","ブラックバラード","セ4","セ","4","58.0","菱田","1:48.2","ハナ","10.0","145.9","35.7","7-7-7-7","美浦嘉藤","442(-4)","https://race.netkeiba.com/race/result.html?race_id=202501010307&rf=race_list"
"388","9","2025年8月2日","札幌","7R","3歳以上1勝クラス","芝1800m (右A)","13:20","晴","良","9","4","4","スピンザブラッド","牡4","牡","4","58.0","横山武","1:48.3","クビ","5.0","8.7","34.5","9-9-10-10","美浦萩原","436(0)","https://race.netkeiba.com/race/result.html?race_id=202501010307&rf=race_list"
"389","10","2025年8月2日","札幌","7R","3歳以上1勝クラス","芝1800m (右A)","13:20","晴","良","10","8","9","スペシャルバニー","牝3","牝","3","53.0","斎藤","1:48.7","2.1/2","9.0","105.2","35.3","9-9-8-9","美浦田村","400(-4)","https://race.netkeiba.com/race/result.html?race_id=202501010307&rf=race_list"
"390","1","2025年8月2日","札幌","8R","3歳以上1勝クラス","ダ1700m (右)","13:50","晴","良","1","7","8","リアライズカミオン","牡3","牡","3","55.0","キング","1:45.4","","1.0","1.6","37.9","3-3-2-1","美浦堀","510(-2)","https://race.netkeiba.com/race/result.html?race_id=202501010308&rf=race_list"
"391","2","2025年8月2日","札幌","8R","3歳以上1勝クラス","ダ1700m (右)","13:50","晴","良","2","3","3","タマモジャスミン","牝3","牝","3","50.0","▲森田","1:46.0","3.1/2","2.0","5.7","38.7","1-1-1-2","栗東大橋","506(0)","https://race.netkeiba.com/race/result.html?race_id=202501010308&rf=race_list"
"392","3","2025年8月2日","札幌","8R","3歳以上1勝クラス","ダ1700m (右)","13:50","晴","良","3","8","10","ララエキリーブル","牡3","牡","3","55.0","古川吉","1:46.1","3/4","4.0","11.1","38.2","6-5-6-4","栗東坂口","444(+8)","https://race.netkeiba.com/race/result.html?race_id=202501010308&rf=race_list"
"393","4","2025年8月2日","札幌","8R","3歳以上1勝クラス","ダ1700m (右)","13:50","晴","良","4","6","7","ニシノブレイゼスト","牡3","牡","3","55.0","池添","1:46.4","2","5.0","17.5","38.4","8-8-8-5","美浦高木","496(+2)","https://race.netkeiba.com/race/result.html?race_id=202501010308&rf=race_list"
"394","5","2025年8月2日","札幌","8R","3歳以上1勝クラス","ダ1700m (右)","13:50","晴","良","5","6","6","シーリュウシー","牡4","牡","4","58.0","鮫島駿","1:46.6","1.1/4","6.0","22.3","37.8","11-11-11-11","栗東岡田","500(0)","https://race.netkeiba.com/race/result.html?race_id=202501010308&rf=race_list"
"395","6","2025年8月2日","札幌","8R","3歳以上1勝クラス","ダ1700m (右)","13:50","晴","良","6","8","11","ハイケンス","牡4","牡","4","58.0","佐々木","1:46.9","1.1/2","10.0","50.1","39.5","2-2-2-3","栗東今野","464(-6)","https://race.netkeiba.com/race/result.html?race_id=202501010308&rf=race_list"
"396","7","2025年8月2日","札幌","8R","3歳以上1勝クラス","ダ1700m (右)","13:50","晴","良","7","5","5","スパークインザアイ","セ8","セ","8","58.0","横山琉","1:47.1","1.1/4","11.0","90.9","39.0","9-9-10-8","美浦小島","484(-4)","https://race.netkeiba.com/race/result.html?race_id=202501010308&rf=race_list"
"397","8","2025年8月2日","札幌","8R","3歳以上1勝クラス","ダ1700m (右)","13:50","晴","良","8","7","9","ファイヤーウィップ","牡4","牡","4","57.0","☆松本","1:47.1","アタマ","8.0","23.0","39.1","7-7-8-9","栗東吉田","504(-15)","https://race.netkeiba.com/race/result.html?race_id=202501010308&rf=race_list"
"398","9","2025年8月2日","札幌","8R","3歳以上1勝クラス","ダ1700m (右)","13:50","晴","良","9","4","4","スノーホルンロード","セ6","セ","6","55.0","▲舟山","1:47.3","3/4","7.0","22.3","39.4","5-5-6-9","美浦清水英","512(0)","https://race.netkeiba.com/race/result.html?race_id=202501010308&rf=race_list"
"399","10","2025年8月2日","札幌","8R","3歳以上1勝クラス","ダ1700m (右)","13:50","晴","良","10","1","1","グレイスフルマーチ","牡3","牡","3","55.0","丹内","1:47.3","クビ","3.0","8.0","39.7","3-3-4-5","栗東中村","444(-12)","https://race.netkeiba.com/race/result.html?race_id=202501010308&rf=race_list"
"400","11","2025年8月2日","札幌","8R","3歳以上1勝クラス","ダ1700m (右)","13:50","晴","良","11","2","2","ピリカサンライズ","牝3","牝","3","50.0","▲小林美","1:47.6","1.1/2","9.0","37.7","39.8","10-9-5-5","栗東牧浦","436(-10)","https://race.netkeiba.com/race/result.html?race_id=202501010308&rf=race_list"
"401","1","2025年8月2日","札幌","9R","3歳以上1勝クラス","芝1200m (右A)","14:20","晴","良","1","8","9","ルシード","牡3","牡","3","56.0","浜中","1:07.9","","4.0","6.7","34.6","2-2","美浦田島","508(+2)","https://race.netkeiba.com/race/result.html?race_id=202501010309&rf=race_list"
"402","2","2025年8月2日","札幌","9R","3歳以上1勝クラス","芝1200m (右A)","14:20","晴","良","2","6","6","パッシングシャワー","牡4","牡","4","55.0","▲小林美","1:08.6","4","5.0","9.4","35.0","3-3","栗東安田","510(+2)","https://race.netkeiba.com/race/result.html?race_id=202501010309&rf=race_list"
"403","3","2025年8月2日","札幌","9R","3歳以上1勝クラス","芝1200m (右A)","14:20","晴","良","3","2","2","クインズスピカ","牝4","牝","4","53.0","▲舟山","1:08.8","1.1/4","3.0","4.9","35.2","3-3","美浦村田","470(-8)","https://race.netkeiba.com/race/result.html?race_id=202501010309&rf=race_list"
"404","4","2025年8月2日","札幌","9R","3歳以上1勝クラス","芝1200m (右A)","14:20","晴","良","4","3","3","マジカルシャイン","牝3","牝","3","54.0","武豊","1:08.8","ハナ","2.0","4.6","35.1","6-5","栗東武英","486(-6)","https://race.netkeiba.com/race/result.html?race_id=202501010309&rf=race_list"
"405","5","2025年8月2日","札幌","9R","3歳以上1勝クラス","芝1200m (右A)","14:20","晴","良","5","4","4","テイクイットオール","牡3","牡","3","53.0","▲柴田裕","1:09.1","1.3/4","8.0","31.8","35.1","8-8","栗東中竹","448(-2)","https://race.netkeiba.com/race/result.html?race_id=202501010309&rf=race_list"
"406","6","2025年8月2日","札幌","9R","3歳以上1勝クラス","芝1200m (右A)","14:20","晴","良","6","1","1","テリオスルル","牝4","牝","4","56.0","古川吉","1:09.2","1/2","6.0","10.2","34.9","10-10","美浦田島","472(-6)","https://race.netkeiba.com/race/result.html?race_id=202501010309&rf=race_list"
"407","7","2025年8月2日","札幌","9R","3歳以上1勝クラス","芝1200m (右A)","14:20","晴","良","7","7","8","スピニングマーリン","牝5","牝","5","56.0","丹内","1:09.3","3/4","9.0","92.1","35.6","6-7","美浦西田","496(+2)","https://race.netkeiba.com/race/result.html?race_id=202501010309&rf=race_list"
"408","8","2025年8月2日","札幌","9R","3歳以上1勝クラス","芝1200m (右A)","14:20","晴","良","8","5","5","アルマロクザン","牝5","牝","5","56.0","松岡","1:09.4","クビ","10.0","131.7","35.4","8-8","美浦伊藤伸","476(0)","https://race.netkeiba.com/race/result.html?race_id=202501010309&rf=race_list"
"409","9","2025年8月2日","札幌","9R","3歳以上1勝クラス","芝1200m (右A)","14:20","晴","良","9","8","10","ジャスパーディビネ","牡3","牡","3","53.0","▲和田陽","1:09.5","1/2","1.0","2.5","36.2","1-1","栗東森秀","518(-2)","https://race.netkeiba.com/race/result.html?race_id=202501010309&rf=race_list"
"410","10","2025年8月2日","札幌","9R","3歳以上1勝クラス","芝1200m (右A)","14:20","晴","良","10","7","7","ドランクマン","牡4","牡","4","58.0","キング","1:09.9","2.1/2","7.0","22.5","36.3","3-5","栗東新谷","464(+6)","https://race.netkeiba.com/race/result.html?race_id=202501010309&rf=race_list"
"411","1","2025年8月2日","札幌","10R","釧路湿原特別","芝1800m (右A)","14:50","晴","良","1","8","13","リラボニート","牝4","牝","4","56.0","藤岡佑","1:47.1","","2.0","4.0","34.8","10-11-9-6","栗東須貝","466(0)","https://race.netkeiba.com/race/result.html?race_id=202501010310&rf=race_list"
"412","2","2025年8月2日","札幌","10R","釧路湿原特別","芝1800m (右A)","14:50","晴","良","2","8","14","ロードマンハイム","牡5","牡","5","58.0","キング","1:47.1","アタマ","6.0","14.9","34.6","12-14-13-8","栗東友道","516(0)","https://race.netkeiba.com/race/result.html?race_id=202501010310&rf=race_list"
"413","3","2025年8月2日","札幌","10R","釧路湿原特別","芝1800m (右A)","14:50","晴","良","3","4","5","ルクスジニア","牝3","牝","3","53.0","池添","1:47.1","クビ","1.0","2.4","35.5","1-1-1-1","栗東平田","446(+14)","https://race.netkeiba.com/race/result.html?race_id=202501010310&rf=race_list"
"414","4","2025年8月2日","札幌","10R","釧路湿原特別","芝1800m (右A)","14:50","晴","良","4","5","8","ピンクジン","牝5","牝","5","56.0","黛","1:47.5","2.1/2","8.0","22.7","35.5","7-7-5-2","美浦南田","438(0)","https://race.netkeiba.com/race/result.html?race_id=202501010310&rf=race_list"
"415","5","2025年8月2日","札幌","10R","釧路湿原特別","芝1800m (右A)","14:50","晴","良","5","6","9","ジェットマグナム","牡3","牡","3","55.0","丹内","1:47.6","クビ","4.0","11.9","35.0","10-10-14-12","栗東安達","496(+10)","https://race.netkeiba.com/race/result.html?race_id=202501010310&rf=race_list"
"416","6","2025年8月2日","札幌","10R","釧路湿原特別","芝1800m (右A)","14:50","晴","良","6","3","4","ウォータークラーク","牡3","牡","3","55.0","武豊","1:47.7","1/2","3.0","6.6","35.9","2-2-3-2","栗東石橋","468(-6)","https://race.netkeiba.com/race/result.html?race_id=202501010310&rf=race_list"
"417","7","2025年8月2日","札幌","10R","釧路湿原特別","芝1800m (右A)","14:50","晴","良","7","2","2","サクソンジェンヌ","牝4","牝","4","56.0","菱田","1:47.9","1.1/2","5.0","13.2","35.5","8-9-9-10","栗東高橋忠","460(-4)","https://race.netkeiba.com/race/result.html?race_id=202501010310&rf=race_list"
"418","8","2025年8月2日","札幌","10R","釧路湿原特別","芝1800m (右A)","14:50","晴","良","8","5","7","アラタマフェーヴル","牡4","牡","4","58.0","鮫島駿","1:48.0","クビ","9.0","25.6","35.6","12-11-9-12","栗東浜田","494(+2)","https://race.netkeiba.com/race/result.html?race_id=202501010310&rf=race_list"
"419","9","2025年8月2日","札幌","10R","釧路湿原特別","芝1800m (右A)","14:50","晴","良","9","4","6","マイネルバーテクス","牡4","牡","4","58.0","佐々木","1:48.2","1.1/4","10.0","42.8","36.1","4-4-5-6","美浦水野","512(-4)","https://race.netkeiba.com/race/result.html?race_id=202501010310&rf=race_list"
"420","10","2025年8月2日","札幌","10R","釧路湿原特別","芝1800m (右A)","14:50","晴","良","10","1","1","ウインルピナス","牝5","牝","5","56.0","松岡","1:48.4","1.1/2","12.0","53.0","36.3","4-4-5-8","美浦鈴木伸","440(-8)","https://race.netkeiba.com/race/result.html?race_id=202501010310&rf=race_list"
"421","11","2025年8月2日","札幌","10R","釧路湿原特別","芝1800m (右A)","14:50","晴","良","11","7","12","ビジューブリランテ","セ7","セ","7","58.0","古川吉","1:48.4","クビ","14.0","115.6","36.3","4-4-5-10","美浦浅利","494(-4)","https://race.netkeiba.com/race/result.html?race_id=202501010310&rf=race_list"
"422","12","2025年8月2日","札幌","10R","釧路湿原特別","芝1800m (右A)","14:50","晴","良","12","7","11","マルカオペラ","牝4","牝","4","56.0","浜中","1:48.5","クビ","7.0","20.7","36.8","8-7-2-5","栗東浜田","474(-6)","https://race.netkeiba.com/race/result.html?race_id=202501010310&rf=race_list"
"423","13","2025年8月2日","札幌","10R","釧路湿原特別","芝1800m (右A)","14:50","晴","良","13","3","3","レッセパッセ","牝4","牝","4","56.0","斎藤","1:48.5","クビ","11.0","46.8","36.1","12-11-9-12","栗東西園翔","394(+6)","https://race.netkeiba.com/race/result.html?race_id=202501010310&rf=race_list"
"424","14","2025年8月2日","札幌","10R","釧路湿原特別","芝1800m (右A)","14:50","晴","良","14","6","10","シャイニースイフト","牡5","牡","5","58.0","舟山","1:49.1","3.1/2","13.0","73.5","37.2","3-2-3-2","美浦菊川","432(-2)","https://race.netkeiba.com/race/result.html?race_id=202501010310&rf=race_list"
"425","1","2025年8月2日","札幌","11R","STV賞","芝2000m (右A)","15:25","晴","良","1","7","13","エープラス","牝7","牝","7","54.0","横山武","2:00.2","","12.0","41.6","34.9","5-6-4-3","美浦池上","492(-8)","https://race.netkeiba.com/race/result.html?race_id=202501010311&rf=race_list"
"426","2","2025年8月2日","札幌","11R","STV賞","芝2000m (右A)","15:25","晴","良","2","2","4","ハニーコム","牝4","牝","4","53.0","松岡","2:00.3","1/2","3.0","9.7","35.0","5-3-4-5","美浦蛯名正","434(0)","https://race.netkeiba.com/race/result.html?race_id=202501010311&rf=race_list"
"427","3","2025年8月2日","札幌","11R","STV賞","芝2000m (右A)","15:25","晴","良","3","6","12","テーオーダグラス","牡4","牡","4","57.0","佐々木","2:00.3","ハナ","5.0","10.3","34.6","11-12-10-5","栗東須貝","486(+2)","https://race.netkeiba.com/race/result.html?race_id=202501010311&rf=race_list"
"428","4","2025年8月2日","札幌","11R","STV賞","芝2000m (右A)","15:25","晴","良","4","5","10","ラーンザロープス","牝4","牝","4","54.0","浜中","2:00.4","3/4","6.0","10.7","34.6","13-12-13-14","栗東武幸","446(-16)","https://race.netkeiba.com/race/result.html?race_id=202501010311&rf=race_list"
"429","5","2025年8月2日","札幌","11R","STV賞","芝2000m (右A)","15:25","晴","良","5","4","8","ナムラフッカー","牡4","牡","4","56.0","武豊","2:00.5","1/2","7.0","10.8","34.5","14-14-14-8","栗東長谷川","470(-4)","https://race.netkeiba.com/race/result.html?race_id=202501010311&rf=race_list"
"430","6","2025年8月2日","札幌","11R","STV賞","芝2000m (右A)","15:25","晴","良","6","6","11","アマイ","牝5","牝","5","55.0","丸田","2:00.5","クビ","11.0","40.5","35.5","1-1-1-1","美浦伊藤大","464(+4)","https://race.netkeiba.com/race/result.html?race_id=202501010311&rf=race_list"
"431","7","2025年8月2日","札幌","11R","STV賞","芝2000m (右A)","15:25","晴","良","7","3","5","ソリダリティ","牡6","牡","6","56.0","斎藤","2:00.5","ハナ","8.0","12.1","34.8","11-11-10-12","栗東西園翔","514(-10)","https://race.netkeiba.com/race/result.html?race_id=202501010311&rf=race_list"
"432","8","2025年8月2日","札幌","11R","STV賞","芝2000m (右A)","15:25","晴","良","8","1","2","エラトー","牝4","牝","4","55.0","キング","2:00.5","アタマ","2.0","5.6","35.2","3-3-4-3","栗東上村","502(+4)","https://race.netkeiba.com/race/result.html?race_id=202501010311&rf=race_list"
"433","9","2025年8月2日","札幌","11R","STV賞","芝2000m (右A)","15:25","晴","良","8","8","16","フェミナフォルテ","牝5","牝","5","52.0","横山琉","2:00.5","アタマ","13.0","43.8","34.3","16-15-16-14","美浦小島","426(+4)","https://race.netkeiba.com/race/result.html?race_id=202501010311&rf=race_list"
"434","10","2025年8月2日","札幌","11R","STV賞","芝2000m (右A)","15:25","晴","良","10","2","3","ガジュノリ","牝4","牝","4","55.0","丹内","2:00.6","クビ","4.0","9.7","35.1","8-7-7-8","美浦尾形","480(+4)","https://race.netkeiba.com/race/result.html?race_id=202501010311&rf=race_list"
"435","11","2025年8月2日","札幌","11R","STV賞","芝2000m (右A)","15:25","晴","良","11","7","14","フェステスバント","牝5","牝","5","54.0","古川吉","2:00.8","1.1/4","10.0","28.5","35.7","2-2-2-2","栗東藤岡","442(+4)","https://race.netkeiba.com/race/result.html?race_id=202501010311&rf=race_list"
"436","12","2025年8月2日","札幌","11R","STV賞","芝2000m (右A)","15:25","晴","良","12","1","1","サトノクローク","牡5","牡","5","56.0","菱田","2:00.8","ハナ","9.0","21.7","35.3","8-7-7-8","栗東橋口","478(-2)","https://race.netkeiba.com/race/result.html?race_id=202501010311&rf=race_list"
"437","13","2025年8月2日","札幌","11R","STV賞","芝2000m (右A)","15:25","晴","良","13","4","7","テリオスララ","牝3","牝","3","53.0","鮫島駿","2:01.1","2","1.0","3.1","35.7","5-7-7-8","美浦田島","496(+10)","https://race.netkeiba.com/race/result.html?race_id=202501010311&rf=race_list"
"438","14","2025年8月2日","札幌","11R","STV賞","芝2000m (右A)","15:25","晴","良","14","8","15","クレバーテースト","セ6","セ","6","55.0","吉田隼","2:01.4","1.3/4","14.0","55.0","36.2","3-3-3-5","栗東佐藤悠","452(-12)","https://race.netkeiba.com/race/result.html?race_id=202501010311&rf=race_list"
"439","15","2025年8月2日","札幌","11R","STV賞","芝2000m (右A)","15:25","晴","良","15","5","9","アスクオンディープ","セ6","セ","6","54.0","古川奈","2:01.4","アタマ","16.0","198.2","35.8","8-10-10-12","栗東前川","496(+12)","https://race.netkeiba.com/race/result.html?race_id=202501010311&rf=race_list"
"440","16","2025年8月2日","札幌","11R","STV賞","芝2000m (右A)","15:25","晴","良","16","3","6","ショーモン","セ5","セ","5","53.0","荻野琢","2:02.9","9","15.0","170.6","36.8","15-15-15-16","栗東東田","496(+14)","https://race.netkeiba.com/race/result.html?race_id=202501010311&rf=race_list"
"441","1","2025年8月2日","札幌","12R","大倉山特別","ダ1700m (右)","16:01","晴","良","1","7","11","スマートケープ","牝5","牝","5","56.0","菱田","1:44.6","","3.0","5.6","36.6","2-2-2-2","栗東辻野","512(+10)","https://race.netkeiba.com/race/result.html?race_id=202501010312&rf=race_list"
"442","2","2025年8月2日","札幌","12R","大倉山特別","ダ1700m (右)","16:01","晴","良","2","3","4","オールマキシマム","牝5","牝","5","56.0","小林脩","1:45.8","7","4.0","7.2","37.0","14-12-10-8","美浦奥平","450(-6)","https://race.netkeiba.com/race/result.html?race_id=202501010312&rf=race_list"
"443","3","2025年8月2日","札幌","12R","大倉山特別","ダ1700m (右)","16:01","晴","良","3","1","1","ベルギューン","牝3","牝","3","53.0","キング","1:45.8","ハナ","2.0","4.5","37.9","1-1-1-1","栗東牧浦","482(-4)","https://race.netkeiba.com/race/result.html?race_id=202501010312&rf=race_list"
"444","4","2025年8月2日","札幌","12R","大倉山特別","ダ1700m (右)","16:01","晴","良","4","6","10","サツキノジョウ","牝4","牝","4","56.0","丹内","1:45.9","1/2","10.0","38.5","37.4","9-9-6-5","美浦武井","446(-10)","https://race.netkeiba.com/race/result.html?race_id=202501010312&rf=race_list"
"445","5","2025年8月2日","札幌","12R","大倉山特別","ダ1700m (右)","16:01","晴","良","5","7","12","ヤマニンバロネス","牝3","牝","3","53.0","武豊","1:45.9","アタマ","1.0","2.9","37.5","7-7-6-5","栗東千田","472(+18)","https://race.netkeiba.com/race/result.html?race_id=202501010312&rf=race_list"
"446","6","2025年8月2日","札幌","12R","大倉山特別","ダ1700m (右)","16:01","晴","良","6","4","5","メイショウリリー","牝4","牝","4","56.0","藤懸","1:46.0","1","8.0","23.9","36.6","13-14-14-12","栗東高橋忠","446(+6)","https://race.netkeiba.com/race/result.html?race_id=202501010312&rf=race_list"
"447","7","2025年8月2日","札幌","12R","大倉山特別","ダ1700m (右)","16:01","晴","良","7","5","7","カプラローラ","牝6","牝","6","56.0","藤岡佑","1:46.0","ハナ","6.0","10.9","36.9","12-12-13-9","美浦菊沢","484(+2)","https://race.netkeiba.com/race/result.html?race_id=202501010312&rf=race_list"
"448","8","2025年8月2日","札幌","12R","大倉山特別","ダ1700m (右)","16:01","晴","良","8","2","2","グレイスオブゴッド","牝5","牝","5","56.0","古川吉","1:46.4","2","13.0","128.5","37.5","9-9-10-9","栗東緒方","486(+8)","https://race.netkeiba.com/race/result.html?race_id=202501010312&rf=race_list"
"449","9","2025年8月2日","札幌","12R","大倉山特別","ダ1700m (右)","16:01","晴","良","9","8","14","クォーツァイト","牝4","牝","4","56.0","斎藤","1:46.6","1.1/2","9.0","34.6","38.5","3-3-3-3","美浦斎藤誠","466(-2)","https://race.netkeiba.com/race/result.html?race_id=202501010312&rf=race_list"
"450","10","2025年8月2日","札幌","12R","大倉山特別","ダ1700m (右)","16:01","晴","良","10","4","6","リアルクィーン","牝3","牝","3","53.0","佐々木","1:46.6","アタマ","7.0","19.8","38.3","5-5-5-5","栗東石坂","456(0)","https://race.netkeiba.com/race/result.html?race_id=202501010312&rf=race_list"
"451","11","2025年8月2日","札幌","12R","大倉山特別","ダ1700m (右)","16:01","晴","良","11","6","9","メイショウタムシバ","牝4","牝","4","56.0","池添","1:46.7","クビ","5.0","9.2","38.5","3-3-3-4","栗東飯田","422(-8)","https://race.netkeiba.com/race/result.html?race_id=202501010312&rf=race_list"
"452","12","2025年8月2日","札幌","12R","大倉山特別","ダ1700m (右)","16:01","晴","良","12","5","8","マフィン","牝4","牝","4","56.0","横山琉","1:47.0","1.1/2","12.0","124.8","38.3","7-7-8-9","美浦大和田","434(+24)","https://race.netkeiba.com/race/result.html?race_id=202501010312&rf=race_list"
"453","13","2025年8月2日","札幌","12R","大倉山特別","ダ1700m (右)","16:01","晴","良","13","3","3","アンブロジアーナ","牝6","牝","6","56.0","原田和","1:47.9","5","14.0","271.7","39.2","5-5-8-13","美浦上原博","424(+2)","https://race.netkeiba.com/race/result.html?race_id=202501010312&rf=race_list"
"454","14","2025年8月2日","札幌","12R","大倉山特別","ダ1700m (右)","16:01","晴","良","14","8","13","ミレニアムヒロイン","牝4","牝","4","56.0","松本","1:48.6","4","11.0","76.6","39.7","9-9-10-13","美浦池上","444(+6)","https://race.netkeiba.com/race/result.html?race_id=202501010312&rf=race_list"
"455","1","2025年8月3日","新潟","1R","3歳以上障害未勝利","障2850m (芝 外-内)","09:45","晴","良","1","1","1","ルドヴィクス","牡7","牡","7","60.0","上野","3:05.6","","3.0","6.3","13.0","2-2-2-1","美浦久保田","516(+2)","https://race.netkeiba.com/race/result.html?race_id=202504020401&rf=race_list"
"456","2","2025年8月3日","新潟","1R","3歳以上障害未勝利","障2850m (芝 外-内)","09:45","晴","良","2","5","7","サニーオーシャン","セ7","セ","7","57.0","▲水沼","3:07.5","大","2.0","5.3","13.2","3-3-3-3","美浦杉浦","452(-2)","https://race.netkeiba.com/race/result.html?race_id=202504020401&rf=race_list"
"457","3","2025年8月3日","新潟","1R","3歳以上障害未勝利","障2850m (芝 外-内)","09:45","晴","良","3","6","10","グローリーアテイン","セ4","セ","4","60.0","金子","3:07.6","3/4","12.0","56.8","13.2","8-8-6-5","美浦金成","482(-2)","https://race.netkeiba.com/race/result.html?race_id=202504020401&rf=race_list"
"458","4","2025年8月3日","新潟","1R","3歳以上障害未勝利","障2850m (芝 外-内)","09:45","晴","良","4","3","3","ラパンラピッド","セ5","セ","5","57.0","▲坂口","3:07.8","1.1/4","7.0","14.3","13.2","11-10-4-3","美浦武井","486(+6)","https://race.netkeiba.com/race/result.html?race_id=202504020401&rf=race_list"
"459","5","2025年8月3日","新潟","1R","3歳以上障害未勝利","障2850m (芝 外-内)","09:45","晴","良","5","7","12","サンライズウェーヴ","牡4","牡","4","60.0","難波","3:07.8","クビ","9.0","41.7","13.2","10-10-8-7","栗東石坂","498(+12)","https://race.netkeiba.com/race/result.html?race_id=202504020401&rf=race_list"
"460","6","2025年8月3日","新潟","1R","3歳以上障害未勝利","障2850m (芝 外-内)","09:45","晴","良","6","2","2","ジュリアスローズ","牝4","牝","4","58.0","大江圭","3:08.7","5","13.0","82.9","13.2","1-1-1-2","美浦粕谷","480(+10)","https://race.netkeiba.com/race/result.html?race_id=202504020401&rf=race_list"
"461","7","2025年8月3日","新潟","1R","3歳以上障害未勝利","障2850m (芝 外-内)","09:45","晴","良","7","5","8","ゴットリープ","牡5","牡","5","60.0","五十嵐","3:09.3","3.1/2","5.0","10.3","13.3","8-8-11-9","美浦栗田","472(0)","https://race.netkeiba.com/race/result.html?race_id=202504020401&rf=race_list"
"462","8","2025年8月3日","新潟","1R","3歳以上障害未勝利","障2850m (芝 外-内)","09:45","晴","良","8","4","6","カレンマックナイト","牡6","牡","6","60.0","黒岩","3:09.6","1.1/2","4.0","9.0","13.3","7-5-4-5","栗東平田","452(-2)","https://race.netkeiba.com/race/result.html?race_id=202504020401&rf=race_list"
"463","9","2025年8月3日","新潟","1R","3歳以上障害未勝利","障2850m (芝 外-内)","09:45","晴","良","9","8","14","ウェイトゥザドーン","セ4","セ","4","57.0","▲土田","3:09.8","1.1/4","10.0","43.8","13.3","14-14-13-13","美浦戸田","464(-2)","https://race.netkeiba.com/race/result.html?race_id=202504020401&rf=race_list"
"464","10","2025年8月3日","新潟","1R","3歳以上障害未勝利","障2850m (芝 外-内)","09:45","晴","良","10","3","4","アナザーエース","牡5","牡","5","57.0","▲井上","3:09.8","クビ","6.0","13.5","13.3","13-13-12-12","栗東宮","504(+4)","https://race.netkeiba.com/race/result.html?race_id=202504020401&rf=race_list"
"465","11","2025年8月3日","新潟","1R","3歳以上障害未勝利","障2850m (芝 外-内)","09:45","晴","良","11","7","11","ソルトロング","牡4","牡","4","60.0","小野寺","3:11.1","8","11.0","45.5","13.4","4-7-8-9","栗東荒川","492(-8)","https://race.netkeiba.com/race/result.html?race_id=202504020401&rf=race_list"
"466","12","2025年8月3日","新潟","1R","3歳以上障害未勝利","障2850m (芝 外-内)","09:45","晴","良","12","6","9","ケイアイカラキア","セ3","セ","3","58.0","江田勇","3:12.0","5","14.0","112.3","13.5","11-12-13-14","美浦上原博","462(-2)","https://race.netkeiba.com/race/result.html?race_id=202504020401&rf=race_list"
"467","13","2025年8月3日","新潟","1R","3歳以上障害未勝利","障2850m (芝 外-内)","09:45","晴","良","13","4","5","スズカコテキタイ","牡6","牡","6","60.0","伴","3:19.4","大","8.0","15.5","14.0","4-5-10-11","美浦奥村武","508(+10)","https://race.netkeiba.com/race/result.html?race_id=202504020401&rf=race_list"
"468","14","2025年8月3日","新潟","1R","3歳以上障害未勝利","障2850m (芝 外-内)","09:45","晴","良","14","8","13","コンクエスト","セ6","セ","6","60.0","石神深","3:32.4","大","1.0","2.5","14.9","4-3-6-8","美浦小笠","506(+6)","https://race.netkeiba.com/race/result.html?race_id=202504020401&rf=race_list"
"469","1","2025年8月3日","新潟","2R","2歳新馬","ダ1800m (左)","10:20","晴","良","1","4","7","チャチャコマニ","牝2","牝","2","55.0","戸崎圭","1:56.7","","3.0","5.2","38.5","4-4-3-3","栗東佐藤悠","500(0)","https://race.netkeiba.com/race/result.html?race_id=202504020402&rf=race_list"
"470","2","2025年8月3日","新潟","2R","2歳新馬","ダ1800m (左)","10:20","晴","良","2","5","8","イナズマダイモン","牡2","牡","2","55.0","菅原明","1:56.8","1/2","1.0","2.5","38.3","6-6-5-5","美浦宮田","506(0)","https://race.netkeiba.com/race/result.html?race_id=202504020402&rf=race_list"
"471","3","2025年8月3日","新潟","2R","2歳新馬","ダ1800m (左)","10:20","晴","良","3","8","14","サマーマッドネス","牡2","牡","2","55.0","丸山","1:57.0","1","2.0","4.5","39.0","2-2-2-2","栗東森秀","518(0)","https://race.netkeiba.com/race/result.html?race_id=202504020402&rf=race_list"
"472","4","2025年8月3日","新潟","2R","2歳新馬","ダ1800m (左)","10:20","晴","良","4","3","4","マーゴットクリュグ","牝2","牝","2","55.0","国分恭","1:57.7","4","5.0","11.3","39.3","3-3-4-3","栗東小林","466(0)","https://race.netkeiba.com/race/result.html?race_id=202504020402&rf=race_list"
"473","5","2025年8月3日","新潟","2R","2歳新馬","ダ1800m (左)","10:20","晴","良","5","4","6","シューティングガイ","牡2","牡","2","55.0","斎藤","1:58.2","3.1/2","8.0","37.4","39.6","4-4-5-6","美浦斎藤誠","482(0)","https://race.netkeiba.com/race/result.html?race_id=202504020402&rf=race_list"
"474","6","2025年8月3日","新潟","2R","2歳新馬","ダ1800m (左)","10:20","晴","良","6","2","2","ライトアファイア","牡2","牡","2","55.0","菊沢","1:59.0","5","6.0","19.9","39.7","10-10-12-9","美浦伊藤圭","466(0)","https://race.netkeiba.com/race/result.html?race_id=202504020402&rf=race_list"
"475","7","2025年8月3日","新潟","2R","2歳新馬","ダ1800m (左)","10:20","晴","良","7","5","9","ウインターブレス","牡2","牡","2","55.0","木幡巧","1:59.5","3","9.0","44.0","40.4","14-14-10-12","美浦竹内","496(0)","https://race.netkeiba.com/race/result.html?race_id=202504020402&rf=race_list"
"476","8","2025年8月3日","新潟","2R","2歳新馬","ダ1800m (左)","10:20","晴","良","8","2","3","アルファシーナ","牡2","牡","2","52.0","▲遠藤","1:59.9","2","14.0","151.5","40.0","15-15-15-14","美浦伊藤伸","452(0)","https://race.netkeiba.com/race/result.html?race_id=202504020402&rf=race_list"
"477","9","2025年8月3日","新潟","2R","2歳新馬","ダ1800m (左)","10:20","晴","良","9","1","1","ランニングビーチ","牡2","牡","2","54.0","☆高杉","2:00.0","3/4","4.0","6.5","42.1","1-1-1-1","美浦牧","474(0)","https://race.netkeiba.com/race/result.html?race_id=202504020402&rf=race_list"
"478","10","2025年8月3日","新潟","2R","2歳新馬","ダ1800m (左)","10:20","晴","良","10","7","13","ドゥーニ","牡2","牡","2","55.0","津村","2:00.4","2.1/2","11.0","52.8","41.4","8-7-8-8","美浦矢嶋","488(0)","https://race.netkeiba.com/race/result.html?race_id=202504020402&rf=race_list"
"479","11","2025年8月3日","新潟","2R","2歳新馬","ダ1800m (左)","10:20","晴","良","11","8","15","ルサフィール","牝2","牝","2","55.0","原","2:00.5","1/2","7.0","24.9","41.7","9-9-7-7","美浦矢野","476(0)","https://race.netkeiba.com/race/result.html?race_id=202504020402&rf=race_list"
"480","12","2025年8月3日","新潟","2R","2歳新馬","ダ1800m (左)","10:20","晴","良","12","6","10","トーアシチフクジン","牡2","牡","2","55.0","江田照","2:00.6","クビ","15.0","227.0","41.6","7-7-8-9","美浦村田","452(0)","https://race.netkeiba.com/race/result.html?race_id=202504020402&rf=race_list"
"481","13","2025年8月3日","新潟","2R","2歳新馬","ダ1800m (左)","10:20","晴","良","13","6","11","リバーシティ","牡2","牡","2","52.0","▲石神道","2:00.9","2","12.0","85.3","41.6","13-13-12-12","美浦和田郎","490(0)","https://race.netkeiba.com/race/result.html?race_id=202504020402&rf=race_list"
"482","14","2025年8月3日","新潟","2R","2歳新馬","ダ1800m (左)","10:20","晴","良","14","7","12","トモエナゲ","牡2","牡","2","55.0","武藤","2:01.6","4","13.0","127.6","42.4","11-10-10-9","美浦青木","466(0)","https://race.netkeiba.com/race/result.html?race_id=202504020402&rf=race_list"
"483","15","2025年8月3日","新潟","2R","2歳新馬","ダ1800m (左)","10:20","晴","良","15","3","5","モアザンファイア","牡2","牡","2","53.0","◇今村","2:03.5","大","10.0","50.1","43.8","12-12-14-14","美浦武井","524(0)","https://race.netkeiba.com/race/result.html?race_id=202504020402&rf=race_list"
"484","1","2025年8月3日","新潟","3R","2歳未勝利","芝1600m (左 外A)","10:50","晴","良","1","4","4","ニシノエースサマ","牡2","牡","2","55.0","津村","1:34.6","","2.0","2.8","34.2","1-1","美浦鹿戸","480(-6)","https://race.netkeiba.com/race/result.html?race_id=202504020403&rf=race_list"
"485","2","2025年8月3日","新潟","3R","2歳未勝利","芝1600m (左 外A)","10:50","晴","良","2","5","5","ステラスペース","牡2","牡","2","55.0","江田照","1:35.5","5","3.0","4.9","34.1","5-5","美浦武藤","476(+4)","https://race.netkeiba.com/race/result.html?race_id=202504020403&rf=race_list"
"486","3","2025年8月3日","新潟","3R","2歳未勝利","芝1600m (左 外A)","10:50","晴","良","3","1","1","マイネルヴェーゼン","牡2","牡","2","55.0","戸崎圭","1:36.4","5","1.0","1.5","35.7","2-2","美浦相沢","448(0)","https://race.netkeiba.com/race/result.html?race_id=202504020403&rf=race_list"
"487","4","2025年8月3日","新潟","3R","2歳未勝利","芝1600m (左 外A)","10:50","晴","良","4","6","6","ダイシンヨーク","牝2","牝","2","54.0","☆高杉","1:36.7","2","4.0","20.8","35.6","2-3","栗東吉田","482(+4)","https://race.netkeiba.com/race/result.html?race_id=202504020403&rf=race_list"
"488","5","2025年8月3日","新潟","3R","2歳未勝利","芝1600m (左 外A)","10:50","晴","良","5","2","2","リッチフィールド","牡2","牡","2","52.0","▲佐藤","1:37.3","3.1/2","5.0","117.3","35.6","6-6","美浦杉浦","468(+4)","https://race.netkeiba.com/race/result.html?race_id=202504020403&rf=race_list"
"489","6","2025年8月3日","新潟","3R","2歳未勝利","芝1600m (左 外A)","10:50","晴","良","6","3","3","マイトビーウォン","牡2","牡","2","55.0","柴田大","1:38.1","5","6.0","130.5","37.0","4-3","美浦和田雄","446(+4)","https://race.netkeiba.com/race/result.html?race_id=202504020403&rf=race_list"
"490","1","2025年8月3日","新潟","4R","2歳新馬","芝1600m (左 外A)","11:20","晴","良","1","6","8","プロメサアルムンド","牡2","牡","2","55.0","ルメー","1:34.9","","1.0","1.5","33.2","8-9","美浦国枝","498(0)","https://race.netkeiba.com/race/result.html?race_id=202504020404&rf=race_list"
"491","2","2025年8月3日","新潟","4R","2歳新馬","芝1600m (左 外A)","11:20","晴","良","2","4","4","バドリナート","牡2","牡","2","55.0","丸山","1:34.9","クビ","2.0","5.5","33.4","5-4","栗東松永幹","494(0)","https://race.netkeiba.com/race/result.html?race_id=202504020404&rf=race_list"
"492","3","2025年8月3日","新潟","4R","2歳新馬","芝1600m (左 外A)","11:20","晴","良","3","5","6","アラムベイ","牡2","牡","2","55.0","菅原明","1:35.5","4","6.0","41.7","33.6","11-9","美浦池上","426(0)","https://race.netkeiba.com/race/result.html?race_id=202504020404&rf=race_list"
"493","4","2025年8月3日","新潟","4R","2歳新馬","芝1600m (左 外A)","11:20","晴","良","4","2","2","エマープ","牡2","牡","2","55.0","原","1:35.6","クビ","7.0","44.4","34.5","1-1","美浦青木","482(0)","https://race.netkeiba.com/race/result.html?race_id=202504020404&rf=race_list"
"494","5","2025年8月3日","新潟","4R","2歳新馬","芝1600m (左 外A)","11:20","晴","良","5","3","3","レヴェランジェ","牝2","牝","2","55.0","津村","1:35.9","1.3/4","8.0","47.5","34.5","3-3","美浦鈴木慎","438(0)","https://race.netkeiba.com/race/result.html?race_id=202504020404&rf=race_list"
"495","6","2025年8月3日","新潟","4R","2歳新馬","芝1600m (左 外A)","11:20","晴","良","6","8","12","テリオスレイ","牝2","牝","2","55.0","大野","1:36.2","2","5.0","16.2","34.6","4-4","美浦田島","458(0)","https://race.netkeiba.com/race/result.html?race_id=202504020404&rf=race_list"
"496","7","2025年8月3日","新潟","4R","2歳新馬","芝1600m (左 外A)","11:20","晴","良","7","4","5","クイーンオブハート","牝2","牝","2","52.0","▲石田","1:36.6","2.1/2","12.0","141.6","34.5","12-12","美浦根本","388(0)","https://race.netkeiba.com/race/result.html?race_id=202504020404&rf=race_list"
"497","8","2025年8月3日","新潟","4R","2歳新馬","芝1600m (左 外A)","11:20","晴","良","8","8","13","ロジスカヤ","牝2","牝","2","55.0","三浦","1:36.6","ハナ","4.0","9.3","35.4","2-2","美浦国枝","406(0)","https://race.netkeiba.com/race/result.html?race_id=202504020404&rf=race_list"
"498","9","2025年8月3日","新潟","4R","2歳新馬","芝1600m (左 外A)","11:20","晴","良","9","1","1","パゴスピグイノス","牝2","牝","2","54.0","☆高杉","1:36.8","1.1/4","3.0","8.5","35.1","8-6","栗東森田","500(0)","https://race.netkeiba.com/race/result.html?race_id=202504020404&rf=race_list"
"499","10","2025年8月3日","新潟","4R","2歳新馬","芝1600m (左 外A)","11:20","晴","良","10","7","11","ニシノギャルズ","牝2","牝","2","55.0","武藤","1:36.8","アタマ","11.0","70.8","35.0","7-6","美浦水野","460(0)","https://race.netkeiba.com/race/result.html?race_id=202504020404&rf=race_list"
"500","11","2025年8月3日","新潟","4R","2歳新馬","芝1600m (左 外A)","11:20","晴","良","11","5","7","テンオンスゴールド","牡2","牡","2","55.0","江田照","1:36.8","ハナ","10.0","63.9","34.7","12-12","美浦田中剛","468(0)","https://race.netkeiba.com/race/result.html?race_id=202504020404&rf=race_list"
"501","12","2025年8月3日","新潟","4R","2歳新馬","芝1600m (左 外A)","11:20","晴","良","12","7","10","インザライムライト","牝2","牝","2","55.0","柴田大","1:36.8","ハナ","9.0","61.8","34.8","10-9","美浦和田雄","442(0)","https://race.netkeiba.com/race/result.html?race_id=202504020404&rf=race_list"
"502","13","2025年8月3日","新潟","4R","2歳新馬","芝1600m (左 外A)","11:20","晴","良","13","6","9","ミスデルマー","牝2","牝","2","52.0","▲石神道","1:37.9","7","13.0","190.9","36.1","5-6","美浦和田郎","424(0)","https://race.netkeiba.com/race/result.html?race_id=202504020404&rf=race_list"
"503","1","2025年8月3日","新潟","5R","3歳未勝利","ダ1200m (左)","11:50","晴","良","1","4","7","ウインレアリゼ","牝3","牝","3","52.0","▲石神道","1:13.2","","2.0","5.2","37.8","7-7","美浦小手川","464(-8)","https://race.netkeiba.com/race/result.html?race_id=202504020405&rf=race_list"
"504","2","2025年8月3日","新潟","5R","3歳未勝利","ダ1200m (左)","11:50","晴","良","2","6","11","マロンカラノテガミ","牝3","牝","3","55.0","斎藤","1:13.2","アタマ","8.0","20.2","38.0","5-5","美浦清水英","420(+2)","https://race.netkeiba.com/race/result.html?race_id=202504020405&rf=race_list"
"505","3","2025年8月3日","新潟","5R","3歳未勝利","ダ1200m (左)","11:50","晴","良","3","7","13","ニジノカナタニ","牝3","牝","3","53.0","◇今村","1:13.5","1.1/2","9.0","21.2","38.2","5-5","美浦中川","464(-8)","https://race.netkeiba.com/race/result.html?race_id=202504020405&rf=race_list"
"506","4","2025年8月3日","新潟","5R","3歳未勝利","ダ1200m (左)","11:50","晴","良","4","6","10","エレレラナキラ","牡3","牡","3","57.0","石橋脩","1:13.5","クビ","4.0","5.7","38.5","3-3","美浦牧","452(+6)","https://race.netkeiba.com/race/result.html?race_id=202504020405&rf=race_list"
"507","5","2025年8月3日","新潟","5R","3歳未勝利","ダ1200m (左)","11:50","晴","良","5","3","4","アイファーシャドー","牡3","牡","3","57.0","野中","1:13.5","ハナ","12.0","61.2","37.4","12-12","美浦根本","452(0)","https://race.netkeiba.com/race/result.html?race_id=202504020405&rf=race_list"
"508","6","2025年8月3日","新潟","5R","3歳未勝利","ダ1200m (左)","11:50","晴","良","6","5","9","ペイシャブギー","牝3","牝","3","55.0","菊沢","1:13.6","クビ","7.0","18.2","38.0","8-8","美浦本間","422(-2)","https://race.netkeiba.com/race/result.html?race_id=202504020405&rf=race_list"
"509","7","2025年8月3日","新潟","5R","3歳未勝利","ダ1200m (左)","11:50","晴","良","7","4","6","タブロー","牝3","牝","3","55.0","内田博","1:13.6","ハナ","3.0","5.4","38.7","2-2","美浦矢野","454(-4)","https://race.netkeiba.com/race/result.html?race_id=202504020405&rf=race_list"
"510","8","2025年8月3日","新潟","5R","3歳未勝利","ダ1200m (左)","11:50","晴","良","8","2","2","アンダーザブリッジ","セ3","セ","3","57.0","大野","1:13.8","1.1/4","11.0","30.8","37.9","10-10","美浦尾関","436(-4)","https://race.netkeiba.com/race/result.html?race_id=202504020405&rf=race_list"
"511","9","2025年8月3日","新潟","5R","3歳未勝利","ダ1200m (左)","11:50","晴","良","9","5","8","アイアンオバーカム","牝3","牝","3","55.0","柴田大","1:13.8","ハナ","6.0","13.3","38.8","3-3","美浦南田","446(-4)","https://race.netkeiba.com/race/result.html?race_id=202504020405&rf=race_list"
"512","10","2025年8月3日","新潟","5R","3歳未勝利","ダ1200m (左)","11:50","晴","良","10","8","14","プロヴァー","牡3","牡","3","57.0","菅原隆","1:14.0","1.1/4","14.0","98.5","37.0","14-14","美浦鈴木慎","528(0)","https://race.netkeiba.com/race/result.html?race_id=202504020405&rf=race_list"
"513","11","2025年8月3日","新潟","5R","3歳未勝利","ダ1200m (左)","11:50","晴","良","11","2","3","オブシディアーナ","牝3","牝","3","52.0","▲石田","1:14.1","1/2","1.0","4.7","37.8","13-13","美浦国枝","464(-6)","https://race.netkeiba.com/race/result.html?race_id=202504020405&rf=race_list"
"514","12","2025年8月3日","新潟","5R","3歳未勝利","ダ1200m (左)","11:50","晴","良","12","8","15","ハイエストランク","牝3","牝","3","52.0","▲遠藤","1:15.1","6","13.0","87.7","39.4","8-8","美浦武藤","466(-2)","https://race.netkeiba.com/race/result.html?race_id=202504020405&rf=race_list"
"515","13","2025年8月3日","新潟","5R","3歳未勝利","ダ1200m (左)","11:50","晴","良","13","1","1","ガストフロント","牡3","牡","3","57.0","武藤","1:15.7","3.1/2","10.0","22.8","39.8","10-10","美浦水野","448(-4)","https://race.netkeiba.com/race/result.html?race_id=202504020405&rf=race_list"
"516","14","2025年8月3日","新潟","5R","3歳未勝利","ダ1200m (左)","11:50","晴","良","14","3","5","アンエクスプロード","牡3","牡","3","57.0","三浦","1:17.1","8","5.0","6.8","42.3","1-1","美浦池上","506(0)","https://race.netkeiba.com/race/result.html?race_id=202504020405&rf=race_list"
"517","15","2025年8月3日","新潟","5R","3歳未勝利","ダ1200m (左)","11:50","晴","良","15","7","12","ハズムリズム","牡3","牡","3","54.0","▲水沼","1:18.6","9","15.0","275.9","41.4","15-15","美浦土田","516(-30)","https://race.netkeiba.com/race/result.html?race_id=202504020405&rf=race_list"
"518","1","2025年8月3日","新潟","6R","月岡温泉特別","芝2000m (左 外A)","15:10","晴","良","1","1","1","サダムオプシス","牡4","牡","4","58.0","藤懸","2:01.1","","1.0","2.0","32.8","2-3","栗東平田","478(+8)","https://race.netkeiba.com/race/result.html?race_id=202504020406&rf=race_list"
"519","2","2025年8月3日","新潟","6R","月岡温泉特別","芝2000m (左 外A)","15:10","晴","良","2","4","4","フナデ","牡4","牡","4","58.0","津村","2:01.1","クビ","3.0","4.9","33.0","1-1","美浦嘉藤","458(+12)","https://race.netkeiba.com/race/result.html?race_id=202504020406&rf=race_list"
"520","3","2025年8月3日","新潟","6R","月岡温泉特別","芝2000m (左 外A)","15:10","晴","良","3","3","3","ナイトスラッガー","牡4","牡","4","58.0","戸崎圭","2:01.2","クビ","2.0","2.0","32.7","5-5","栗東小栗","524(+2)","https://race.netkeiba.com/race/result.html?race_id=202504020406&rf=race_list"
"521","4","2025年8月3日","新潟","6R","月岡温泉特別","芝2000m (左 外A)","15:10","晴","良","4","5","5","カフェアローロ","牝4","牝","4","56.0","菅原明","2:01.5","2","5.0","29.6","33.1","4-4","美浦古賀","498(0)","https://race.netkeiba.com/race/result.html?race_id=202504020406&rf=race_list"
"522","5","2025年8月3日","新潟","6R","月岡温泉特別","芝2000m (左 外A)","15:10","晴","良","5","2","2","マーシャルポイント","セ4","セ","4","58.0","杉原","2:01.9","2","4.0","24.2","33.6","2-2","美浦矢嶋","460(+2)","https://race.netkeiba.com/race/result.html?race_id=202504020406&rf=race_list"
"523","1","2025年8月3日","新潟","7R","アイビスSD","芝1000m (直線A)","15:45","晴","良","1","3","6","ピューロマジック","牝4","牝","4","55.0","ルメー","0:53.7","","2.0","4.6","31.3","11","栗東安田","446","https://race.netkeiba.com/race/result.html?race_id=202504020407&rf=race_list"
"524","2","2025年8月3日","新潟","7R","アイビスSD","芝1000m (直線A)","15:45","晴","良","2","7","13","テイエムスパーダ","牝6","牝","6","56.0","斎藤","0:53.8","クビ","1.0","3.7","32.1","1","栗東小椋","502(+6)","https://race.netkeiba.com/race/result.html?race_id=202504020407&rf=race_list"
"525","3","2025年8月3日","新潟","7R","アイビスSD","芝1000m (直線A)","15:45","晴","良","3","5","10","ウイングレイテスト","牡8","牡","8","58.0","松岡","0:53.9","1/2","10.0","24.5","31.7","7","美浦畠山","500(+4)","https://race.netkeiba.com/race/result.html?race_id=202504020407&rf=race_list"
"526","4","2025年8月3日","新潟","7R","アイビスSD","芝1000m (直線A)","15:45","晴","良","4","8","16","カルロヴェローチェ","セ5","セ","5","57.0","丸山","0:54.0","3/4","4.0","8.0","32.2","2","栗東須貝","500(-4)","https://race.netkeiba.com/race/result.html?race_id=202504020407&rf=race_list"
"527","5","2025年8月3日","新潟","7R","アイビスSD","芝1000m (直線A)","15:45","晴","良","5","8","17","デュガ","セ6","セ","6","57.0","江田照","0:54.0","ハナ","11.0","33.2","31.8","7","栗東森秀","492(+2)","https://race.netkeiba.com/race/result.html?race_id=202504020407&rf=race_list"
"528","6","2025年8月3日","新潟","7R","アイビスSD","芝1000m (直線A)","15:45","晴","良","6","8","18","モズメイメイ","牝5","牝","5","56.0","高杉","0:54.0","アタマ","3.0","4.9","32.0","5","栗東前川","472(0)","https://race.netkeiba.com/race/result.html?race_id=202504020407&rf=race_list"
"529","7","2025年8月3日","新潟","7R","アイビスSD","芝1000m (直線A)","15:45","晴","良","7","4","7","ショウナンハクラク","牡6","牡","6","57.0","三浦","0:54.2","1.1/4","14.0","90.5","31.4","15","栗東松下","478(+6)","https://race.netkeiba.com/race/result.html?race_id=202504020407&rf=race_list"
"530","8","2025年8月3日","新潟","7R","アイビスSD","芝1000m (直線A)","15:45","晴","良","8","6","12","ファロロジー","牝6","牝","6","55.0","吉田豊","0:54.3","1/2","18.0","274.0","31.8","12","美浦中舘","472(+2)","https://race.netkeiba.com/race/result.html?race_id=202504020407&rf=race_list"
"531","9","2025年8月3日","新潟","7R","アイビスSD","芝1000m (直線A)","15:45","晴","良","9","7","15","ブーケファロス","牡5","牡","5","57.0","菅原明","0:54.3","クビ","6.0","13.1","31.5","15","美浦清水英","448(0)","https://race.netkeiba.com/race/result.html?race_id=202504020407&rf=race_list"
"532","10","2025年8月3日","新潟","7R","アイビスSD","芝1000m (直線A)","15:45","晴","良","10","1","2","ニシノコニャック","牡6","牡","6","57.0","菊沢","0:54.5","1.1/4","12.0","64.2","31.9","13","美浦伊藤大","450(-8)","https://race.netkeiba.com/race/result.html?race_id=202504020407&rf=race_list"
"533","11","2025年8月3日","新潟","7R","アイビスSD","芝1000m (直線A)","15:45","晴","良","11","3","5","クムシラコ","牡7","牡","7","57.0","杉原","0:54.5","クビ","9.0","24.1","31.8","14","美浦千葉","470(+2)","https://race.netkeiba.com/race/result.html?race_id=202504020407&rf=race_list"
"534","12","2025年8月3日","新潟","7R","アイビスSD","芝1000m (直線A)","15:45","晴","良","12","2","3","カフジテトラゴン","牝6","牝","6","55.0","戸崎圭","0:54.6","1/2","7.0","20.4","32.6","5","栗東武英","464(0)","https://race.netkeiba.com/race/result.html?race_id=202504020407&rf=race_list"
"535","13","2025年8月3日","新潟","7R","アイビスSD","芝1000m (直線A)","15:45","晴","良","13","1","1","スコーピオン","牡4","牡","4","57.0","武藤","0:54.8","1.1/4","15.0","143.6","31.8","17","美浦武藤","478(+2)","https://race.netkeiba.com/race/result.html?race_id=202504020407&rf=race_list"
"536","14","2025年8月3日","新潟","7R","アイビスSD","芝1000m (直線A)","15:45","晴","良","14","2","4","シロン","牝6","牝","6","55.0","国分恭","0:54.9","3/4","16.0","144.2","33.1","2","栗東小栗","524(-2)","https://race.netkeiba.com/race/result.html?race_id=202504020407&rf=race_list"
"537","15","2025年8月3日","新潟","7R","アイビスSD","芝1000m (直線A)","15:45","晴","良","15","6","11","エランティス","牝5","牝","5","55.0","加藤","0:55.0","1/2","13.0","70.2","33.2","2","栗東杉山晴","494(+2)","https://race.netkeiba.com/race/result.html?race_id=202504020407&rf=race_list"
"538","16","2025年8月3日","新潟","7R","アイビスSD","芝1000m (直線A)","15:45","晴","良","16","4","8","コラソンビート","牝4","牝","4","55.0","津村","0:55.1","クビ","5.0","10.1","32.8","10","美浦加藤士","454(+2)","https://race.netkeiba.com/race/result.html?race_id=202504020407&rf=race_list"
"539","17","2025年8月3日","新潟","7R","アイビスSD","芝1000m (直線A)","15:45","晴","良","17","5","9","ニシノトキメキ","牝5","牝","5","55.0","今村","0:55.3","1.1/4","8.0","23.6","33.1","7","美浦小手川","490(+2)","https://race.netkeiba.com/race/result.html?race_id=202504020407&rf=race_list"
"540","18","2025年8月3日","新潟","7R","アイビスSD","芝1000m (直線A)","15:45","晴","良","18","7","14","キタノブレイド","牡6","牡","6","57.0","小林脩","0:56.1","5","17.0","244.2","33.1","17","美浦萱野","472(-6)","https://race.netkeiba.com/race/result.html?race_id=202504020407&rf=race_list"
"541","1","2025年8月3日","新潟","8R","燕特別","芝2200m (左A)","16:20","晴","良","1","3","3","パッションリッチ","牡3","牡","3","55.0","菅原明","2:12.3","","2.0","3.3","34.5","4-4-5-5","美浦久保田","494(+18)","https://race.netkeiba.com/race/result.html?race_id=202504020408&rf=race_list"
"542","2","2025年8月3日","新潟","8R","燕特別","芝2200m (左A)","16:20","晴","良","2","8","10","ボナーテソーロ","牡4","牡","4","58.0","木幡巧","2:12.3","クビ","7.0","49.6","35.0","2-2-2-2","美浦牧","478(+2)","https://race.netkeiba.com/race/result.html?race_id=202504020408&rf=race_list"
"543","3","2025年8月3日","新潟","8R","燕特別","芝2200m (左A)","16:20","晴","良","3","7","9","レヴーズマン","牡3","牡","3","55.0","ルメー","2:12.3","ハナ","1.0","2.2","34.2","8-8-9-8","美浦手塚久","446(+6)","https://race.netkeiba.com/race/result.html?race_id=202504020408&rf=race_list"
"544","4","2025年8月3日","新潟","8R","燕特別","芝2200m (左A)","16:20","晴","良","4","6","6","ウインリュクス","牝5","牝","5","56.0","三浦","2:12.4","1/2","4.0","9.7","35.3","6-6-1-1","栗東吉田","438(+16)","https://race.netkeiba.com/race/result.html?race_id=202504020408&rf=race_list"
"545","5","2025年8月3日","新潟","8R","燕特別","芝2200m (左A)","16:20","晴","良","5","1","1","ジェットブレード","牡3","牡","3","55.0","菊沢","2:12.7","1.3/4","6.0","18.3","34.7","6-6-8-8","美浦青木","480(+6)","https://race.netkeiba.com/race/result.html?race_id=202504020408&rf=race_list"
"546","6","2025年8月3日","新潟","8R","燕特別","芝2200m (左A)","16:20","晴","良","6","7","8","トラストエムシー","牡5","牡","5","58.0","高杉","2:12.7","ハナ","5.0","12.6","35.2","2-2-3-3","栗東北出","444(+6)","https://race.netkeiba.com/race/result.html?race_id=202504020408&rf=race_list"
"547","7","2025年8月3日","新潟","8R","燕特別","芝2200m (左A)","16:20","晴","良","7","8","11","モアナフリューゲル","牝4","牝","4","56.0","内田博","2:12.8","3/4","8.0","101.0","35.1","10-11-5-5","美浦和田勇","458(0)","https://race.netkeiba.com/race/result.html?race_id=202504020408&rf=race_list"
"548","8","2025年8月3日","新潟","8R","燕特別","芝2200m (左A)","16:20","晴","良","8","2","2","キヨラ","牝7","牝","7","56.0","江田照","2:13.3","3","9.0","136.0","35.0","10-10-10-10","美浦柄崎","490(+4)","https://race.netkeiba.com/race/result.html?race_id=202504020408&rf=race_list"
"549","9","2025年8月3日","新潟","8R","燕特別","芝2200m (左A)","16:20","晴","良","9","5","5","ショウナンダール","牡6","牡","6","58.0","大野","2:13.4","1/2","10.0","143.1","35.9","1-1-3-3","美浦武市","526(+14)","https://race.netkeiba.com/race/result.html?race_id=202504020408&rf=race_list"
"550","10","2025年8月3日","新潟","8R","燕特別","芝2200m (左A)","16:20","晴","良","10","4","4","パナランギン","牡3","牡","3","55.0","水沼","2:13.7","1.1/2","11.0","219.8","35.4","8-8-10-10","美浦松山","470(0)","https://race.netkeiba.com/race/result.html?race_id=202504020408&rf=race_list"
"551","11","2025年8月3日","新潟","8R","燕特別","芝2200m (左A)","16:20","晴","良","11","6","7","ルトンワージ","牡3","牡","3","55.0","戸崎圭","2:13.8","3/4","3.0","4.3","35.9","5-5-7-5","美浦斎藤誠","460(+8)","https://race.netkeiba.com/race/result.html?race_id=202504020408&rf=race_list"
"552","1","2025年8月3日","新潟","9R","3歳未勝利","ダ1800m (左)","16:55","晴","良","1","5","9","ホークライト","セ3","セ","3","57.0","ルメー","1:54.0","","1.0","1.8","38.0","5-5-5-5","美浦中舘","480(+2)","https://race.netkeiba.com/race/result.html?race_id=202504020409&rf=race_list"
"553","2","2025年8月3日","新潟","9R","3歳未勝利","ダ1800m (左)","16:55","晴","良","2","4","7","ライヴスプーン","牝3","牝","3","52.0","▲遠藤","1:54.1","1","4.0","9.9","38.6","2-2-2-1","美浦尾形","410(+2)","https://race.netkeiba.com/race/result.html?race_id=202504020409&rf=race_list"
"554","3","2025年8月3日","新潟","9R","3歳未勝利","ダ1800m (左)","16:55","晴","良","3","8","14","クラウンアールシー","牡3","牡","3","56.0","☆高杉","1:54.7","3.1/2","3.0","6.3","39.0","4-4-3-3","美浦加藤士","452(0)","https://race.netkeiba.com/race/result.html?race_id=202504020409&rf=race_list"
"555","4","2025年8月3日","新潟","9R","3歳未勝利","ダ1800m (左)","16:55","晴","良","4","6","11","ミンナデガンバル","牡3","牡","3","54.0","▲水沼","1:54.9","1.1/4","12.0","82.7","38.7","10-9-9-8","美浦西田","482(-12)","https://race.netkeiba.com/race/result.html?race_id=202504020409&rf=race_list"
"556","5","2025年8月3日","新潟","9R","3歳未勝利","ダ1800m (左)","16:55","晴","良","5","5","8","アストラン","セ3","セ","3","57.0","斎藤","1:55.0","クビ","9.0","60.0","39.0","7-5-5-5","美浦斎藤誠","460(-8)","https://race.netkeiba.com/race/result.html?race_id=202504020409&rf=race_list"
"557","6","2025年8月3日","新潟","9R","3歳未勝利","ダ1800m (左)","16:55","晴","良","6","8","15","ワウワウワウ","牡3","牡","3","57.0","木幡巧","1:55.2","1.1/2","5.0","21.5","38.9","9-9-9-9","美浦牧","496(0)","https://race.netkeiba.com/race/result.html?race_id=202504020409&rf=race_list"
"558","7","2025年8月3日","新潟","9R","3歳未勝利","ダ1800m (左)","16:55","晴","良","7","7","13","ブランクシート","牡3","牡","3","57.0","吉田豊","1:56.1","5","8.0","35.5","39.2","12-11-11-11","美浦小島","452(+2)","https://race.netkeiba.com/race/result.html?race_id=202504020409&rf=race_list"
"559","8","2025年8月3日","新潟","9R","3歳未勝利","ダ1800m (左)","16:55","晴","良","8","6","10","ラファエラエンゼル","牝3","牝","3","55.0","菊沢","1:56.5","2","11.0","65.9","40.5","7-8-5-7","美浦武市","416(+4)","https://race.netkeiba.com/race/result.html?race_id=202504020409&rf=race_list"
"560","9","2025年8月3日","新潟","9R","3歳未勝利","ダ1800m (左)","16:55","晴","良","9","7","12","カドバンソコヂカラ","牡3","牡","3","54.0","▲石神道","1:56.6","1/2","7.0","24.0","40.9","3-3-3-4","美浦千葉","450(-2)","https://race.netkeiba.com/race/result.html?race_id=202504020409&rf=race_list"
"561","10","2025年8月3日","新潟","9R","3歳未勝利","ダ1800m (左)","16:55","晴","良","10","2","2","ヒロノビックバン","牡3","牡","3","55.0","◇今村","1:56.7","1/2","14.0","136.1","39.3","11-12-15-15","美浦蛯名利","432(+8)","https://race.netkeiba.com/race/result.html?race_id=202504020409&rf=race_list"
"562","11","2025年8月3日","新潟","9R","3歳未勝利","ダ1800m (左)","16:55","晴","良","11","1","1","ガイ","牡3","牡","3","57.0","菅原明","1:56.8","クビ","15.0","138.2","39.5","13-13-13-13","美浦高木","468(-2)","https://race.netkeiba.com/race/result.html?race_id=202504020409&rf=race_list"
"563","12","2025年8月3日","新潟","9R","3歳未勝利","ダ1800m (左)","16:55","晴","良","12","4","6","フルボーグ","牡3","牡","3","54.0","▲石田","1:56.9","3/4","13.0","98.2","39.9","14-14-11-12","美浦高木","510(0)","https://race.netkeiba.com/race/result.html?race_id=202504020409&rf=race_list"
"564","13","2025年8月3日","新潟","9R","3歳未勝利","ダ1800m (左)","16:55","晴","良","13","3","5","パーティーガール","牝3","牝","3","55.0","野中","1:57.1","1.1/4","10.0","64.0","41.6","1-1-1-2","美浦根本","458(-2)","https://race.netkeiba.com/race/result.html?race_id=202504020409&rf=race_list"
"565","14","2025年8月3日","新潟","9R","3歳未勝利","ダ1800m (左)","16:55","晴","良","14","2","3","ノブレスジャン","牡3","牡","3","57.0","大野","1:57.4","2","2.0","4.5","41.3","5-5-5-9","美浦和田勇","494(+6)","https://race.netkeiba.com/race/result.html?race_id=202504020409&rf=race_list"
"566","15","2025年8月3日","新潟","9R","3歳未勝利","ダ1800m (左)","16:55","晴","良","15","3","4","ジェントルショット","牡3","牡","3","57.0","三浦","1:57.5","1/2","6.0","22.7","40.3","14-15-13-13","美浦加藤征","482(+2)","https://race.netkeiba.com/race/result.html?race_id=202504020409&rf=race_list"
"567","1","2025年8月3日","新潟","10R","3歳以上1勝クラス","ダ1200m (左)","17:25","晴","良","1","1","1","サマースイートピー","牝3","牝","3","54.0","内田博","1:12.1","","4.0","8.6","36.7","6-6","美浦千葉","482(+2)","https://race.netkeiba.com/race/result.html?race_id=202504020410&rf=race_list"
"568","2","2025年8月3日","新潟","10R","3歳以上1勝クラス","ダ1200m (左)","17:25","晴","良","2","6","11","ハーモニーソング","牝3","牝","3","54.0","戸崎圭","1:12.1","クビ","1.0","2.2","36.8","6-6","美浦田島","446(-6)","https://race.netkeiba.com/race/result.html?race_id=202504020410&rf=race_list"
"569","3","2025年8月3日","新潟","10R","3歳以上1勝クラス","ダ1200m (左)","17:25","晴","良","3","4","7","ハヌル","牝4","牝","4","56.0","嶋田","1:12.2","3/4","8.0","21.7","37.1","3-3","美浦岩戸","472(0)","https://race.netkeiba.com/race/result.html?race_id=202504020410&rf=race_list"
"570","4","2025年8月3日","新潟","10R","3歳以上1勝クラス","ダ1200m (左)","17:25","晴","良","4","4","6","チャコール","牝4","牝","4","56.0","津村","1:12.2","ハナ","12.0","45.0","36.5","9-8","美浦矢野","530(+16)","https://race.netkeiba.com/race/result.html?race_id=202504020410&rf=race_list"
"571","5","2025年8月3日","新潟","10R","3歳以上1勝クラス","ダ1200m (左)","17:25","晴","良","5","8","15","バルサミコ","牝4","牝","4","53.0","▲佐藤","1:12.4","3/4","6.0","18.5","37.4","2-2","美浦小手川","430(-4)","https://race.netkeiba.com/race/result.html?race_id=202504020410&rf=race_list"
"572","6","2025年8月3日","新潟","10R","3歳以上1勝クラス","ダ1200m (左)","17:25","晴","良","6","7","12","オオゾラヒバリ","牝4","牝","4","56.0","野中","1:12.6","1.1/4","10.0","34.9","36.8","10-10","美浦根本","462(+2)","https://race.netkeiba.com/race/result.html?race_id=202504020410&rf=race_list"
"573","7","2025年8月3日","新潟","10R","3歳以上1勝クラス","ダ1200m (左)","17:25","晴","良","7","2","3","アンビシュー","牝4","牝","4","53.0","▲遠藤","1:12.7","3/4","14.0","68.1","37.5","4-4","美浦村田","472(-9)","https://race.netkeiba.com/race/result.html?race_id=202504020410&rf=race_list"
"574","8","2025年8月3日","新潟","10R","3歳以上1勝クラス","ダ1200m (左)","17:25","晴","良","8","8","14","クイーンアポーン","牝6","牝","6","53.0","▲水沼","1:12.8","3/4","11.0","41.3","37.2","8-8","美浦土田","450(+2)","https://race.netkeiba.com/race/result.html?race_id=202504020410&rf=race_list"
"575","9","2025年8月3日","新潟","10R","3歳以上1勝クラス","ダ1200m (左)","17:25","晴","良","9","3","5","マーゴットレーヴ","牝5","牝","5","56.0","吉田豊","1:12.9","1/2","7.0","20.9","36.4","13-13","美浦伊坂","474(-2)","https://race.netkeiba.com/race/result.html?race_id=202504020410&rf=race_list"
"576","10","2025年8月3日","新潟","10R","3歳以上1勝クラス","ダ1200m (左)","17:25","晴","良","10","6","10","クインズシフォン","牝3","牝","3","51.0","▲石神道","1:13.6","4","2.0","5.0","37.4","11-11","美浦和田郎","452(+2)","https://race.netkeiba.com/race/result.html?race_id=202504020410&rf=race_list"
"577","11","2025年8月3日","新潟","10R","3歳以上1勝クラス","ダ1200m (左)","17:25","晴","良","11","5","9","アフトクラーティラ","牝5","牝","5","54.0","◇今村","1:13.9","1.3/4","5.0","15.9","37.5","12-11","美浦上原佑","484(-2)","https://race.netkeiba.com/race/result.html?race_id=202504020410&rf=race_list"
"578","12","2025年8月3日","新潟","10R","3歳以上1勝クラス","ダ1200m (左)","17:25","晴","良","12","5","8","リアンエターナル","牝3","牝","3","54.0","菊沢","1:14.0","3/4","9.0","25.4","39.1","1-1","美浦武藤","428(-5)","https://race.netkeiba.com/race/result.html?race_id=202504020410&rf=race_list"
"579","13","2025年8月3日","新潟","10R","3歳以上1勝クラス","ダ1200m (左)","17:25","晴","良","13","7","13","ミライヘノブーケ","牝3","牝","3","54.0","杉原","1:14.1","クビ","13.0","47.6","37.2","14-14","美浦伊藤大","430(-6)","https://race.netkeiba.com/race/result.html?race_id=202504020410&rf=race_list"
"580","14","2025年8月3日","新潟","10R","3歳以上1勝クラス","ダ1200m (左)","17:25","晴","良","14","3","4","ブルーデイジー","牝6","牝","6","53.0","▲石田","1:14.1","クビ","15.0","395.5","36.5","15-15","美浦的場","454(-4)","https://race.netkeiba.com/race/result.html?race_id=202504020410&rf=race_list"
"581","15","2025年8月3日","新潟","10R","3歳以上1勝クラス","ダ1200m (左)","17:25","晴","良","15","2","2","フクチャンヒメ","牝3","牝","3","54.0","三浦","1:14.8","4","3.0","7.1","39.6","4-4","美浦加藤征","476(+6)","https://race.netkeiba.com/race/result.html?race_id=202504020410&rf=race_list"
"582","1","2025年8月3日","新潟","11R","3歳未勝利","芝2000m (左A)","17:55","晴","良","1","2","2","マカナ","牝3","牝","3","55.0","菅原明","2:00.7","","3.0","4.1","34.6","5-6-11-13","美浦伊藤大","460(-6)","https://race.netkeiba.com/race/result.html?race_id=202504020411&rf=race_list"
"583","2","2025年8月3日","新潟","11R","3歳未勝利","芝2000m (左A)","17:55","晴","良","2","7","12","マイネルアウルム","牡3","牡","3","57.0","津村","2:00.7","クビ","5.0","16.6","35.4","10-10-1-1","美浦加藤士","444(+10)","https://race.netkeiba.com/race/result.html?race_id=202504020411&rf=race_list"
"584","3","2025年8月3日","新潟","11R","3歳未勝利","芝2000m (左A)","17:55","晴","良","3","5","8","パヴェリング","牝3","牝","3","55.0","ルメー","2:00.7","ハナ","1.0","2.9","35.1","5-6-4-4","美浦蛯名正","478(+8)","https://race.netkeiba.com/race/result.html?race_id=202504020411&rf=race_list"
"585","4","2025年8月3日","新潟","11R","3歳未勝利","芝2000m (左A)","17:55","晴","良","4","8","13","ディベルティスマン","牡3","牡","3","57.0","戸崎圭","2:01.0","1.1/2","2.0","3.6","35.5","3-3-4-4","美浦菊沢","514(-10)","https://race.netkeiba.com/race/result.html?race_id=202504020411&rf=race_list"
"586","5","2025年8月3日","新潟","11R","3歳未勝利","芝2000m (左A)","17:55","晴","良","5","7","11","マイネルラファール","牡3","牡","3","57.0","原","2:01.0","ハナ","8.0","28.8","35.7","2-2-2-2","美浦畠山","476(+12)","https://race.netkeiba.com/race/result.html?race_id=202504020411&rf=race_list"
"587","6","2025年8月3日","新潟","11R","3歳未勝利","芝2000m (左A)","17:55","晴","良","6","8","14","ディーズゴールド","牡3","牡","3","57.0","三浦","2:01.0","クビ","4.0","6.7","35.2","8-8-7-6","美浦田村","500(+20)","https://race.netkeiba.com/race/result.html?race_id=202504020411&rf=race_list"
"588","7","2025年8月3日","新潟","11R","3歳未勝利","芝2000m (左A)","17:55","晴","良","7","4","5","ブルーメサイア","牡3","牡","3","57.0","大野","2:01.1","クビ","9.0","42.4","34.8","12-13-13-12","美浦国枝","456(+2)","https://race.netkeiba.com/race/result.html?race_id=202504020411&rf=race_list"
"589","8","2025年8月3日","新潟","11R","3歳未勝利","芝2000m (左A)","17:55","晴","良","8","4","6","ミッドセンチュリー","牡3","牡","3","57.0","嶋田","2:01.1","ハナ","7.0","21.9","35.4","5-5-7-6","美浦松山","440(0)","https://race.netkeiba.com/race/result.html?race_id=202504020411&rf=race_list"
"590","9","2025年8月3日","新潟","11R","3歳未勝利","芝2000m (左A)","17:55","晴","良","9","5","7","ケイツーブル","牡3","牡","3","57.0","菊沢","2:01.1","クビ","10.0","74.2","35.0","14-13-11-9","美浦千葉","420(-2)","https://race.netkeiba.com/race/result.html?race_id=202504020411&rf=race_list"
"591","10","2025年8月3日","新潟","11R","3歳未勝利","芝2000m (左A)","17:55","晴","良","10","3","3","ヴィアトル","牝3","牝","3","52.0","▲石神道","2:01.3","1","6.0","21.3","35.3","9-8-10-9","美浦上原佑","418(0)","https://race.netkeiba.com/race/result.html?race_id=202504020411&rf=race_list"
"592","11","2025年8月3日","新潟","11R","3歳未勝利","芝2000m (左A)","17:55","晴","良","11","6","10","クリノフローレンス","牝3","牝","3","52.0","▲佐藤","2:01.5","1.1/2","12.0","243.7","35.2","10-10-13-13","美浦南田","450(+10)","https://race.netkeiba.com/race/result.html?race_id=202504020411&rf=race_list"
"593","12","2025年8月3日","新潟","11R","3歳未勝利","芝2000m (左A)","17:55","晴","良","12","1","1","バットスティンガー","牡3","牡","3","57.0","杉原","2:01.8","1.1/2","11.0","80.6","36.0","3-3-7-9","美浦嘉藤","458(-2)","https://race.netkeiba.com/race/result.html?race_id=202504020411&rf=race_list"
"594","13","2025年8月3日","新潟","11R","3歳未勝利","芝2000m (左A)","17:55","晴","良","13","6","9","ディプタルアスール","牡3","牡","3","57.0","武藤","2:01.9","3/4","13.0","336.4","36.5","12-10-3-2","美浦水野","460(-8)","https://race.netkeiba.com/race/result.html?race_id=202504020411&rf=race_list"
"595","14","2025年8月3日","新潟","11R","3歳未勝利","芝2000m (左A)","17:55","晴","良","14","3","4","カフェアリス","牝3","牝","3","55.0","江田照","2:03.1","7","14.0","354.1","37.5","1-1-4-6","美浦柄崎","392(+8)","https://race.netkeiba.com/race/result.html?race_id=202504020411&rf=race_list"
"596","1","2025年8月3日","新潟","12R","3歳以上1勝クラス","芝1200m (左A)","18:25","晴","良","1","4","4","ビービーエフォート","牝3","牝","3","51.0","▲遠藤","1:09.0","","1.0","2.8","34.0","6-6","美浦高柳瑞","412(-8)","https://race.netkeiba.com/race/result.html?race_id=202504020412&rf=race_list"
"597","2","2025年8月3日","新潟","12R","3歳以上1勝クラス","芝1200m (左A)","18:25","晴","良","2","5","6","マルモリディライト","牝5","牝","5","56.0","柴田大","1:09.2","1","8.0","25.9","34.4","3-3","美浦畠山","484(+4)","https://race.netkeiba.com/race/result.html?race_id=202504020412&rf=race_list"
"598","3","2025年8月3日","新潟","12R","3歳以上1勝クラス","芝1200m (左A)","18:25","晴","良","3","7","10","ナギサノバルコニー","牝3","牝","3","54.0","嶋田","1:09.5","2","11.0","75.2","34.0","10-9","美浦伊坂","454(-2)","https://race.netkeiba.com/race/result.html?race_id=202504020412&rf=race_list"
"599","4","2025年8月3日","新潟","12R","3歳以上1勝クラス","芝1200m (左A)","18:25","晴","良","4","2","2","デボラ","牝3","牝","3","54.0","三浦","1:09.6","1/2","2.0","3.2","34.7","5-3","栗東西園正","472(+4)","https://race.netkeiba.com/race/result.html?race_id=202504020412&rf=race_list"
"600","5","2025年8月3日","新潟","12R","3歳以上1勝クラス","芝1200m (左A)","18:25","晴","良","5","5","5","ナムラトロム","牡3","牡","3","56.0","戸崎圭","1:09.6","アタマ","3.0","4.7","34.9","2-2","美浦石栗","452(+6)","https://race.netkeiba.com/race/result.html?race_id=202504020412&rf=race_list"
"601","6","2025年8月3日","新潟","12R","3歳以上1勝クラス","芝1200m (左A)","18:25","晴","良","6","8","12","ハッピーサプライズ","牡4","牡","4","58.0","菊沢","1:09.7","1/2","6.0","20.7","34.9","3-3","美浦佐藤吉","464(0)","https://race.netkeiba.com/race/result.html?race_id=202504020412&rf=race_list"
"602","7","2025年8月3日","新潟","12R","3歳以上1勝クラス","芝1200m (左A)","18:25","晴","良","7","6","8","レイオーバー","牡3","牡","3","56.0","内田博","1:10.0","1.3/4","7.0","23.5","34.6","9-9","美浦本間","456(-10)","https://race.netkeiba.com/race/result.html?race_id=202504020412&rf=race_list"
"603","8","2025年8月3日","新潟","12R","3歳以上1勝クラス","芝1200m (左A)","18:25","晴","良","8","6","7","ラブアイミー","牝3","牝","3","51.0","▲石田","1:10.1","3/4","10.0","60.1","34.4","11-11","栗東森田","410(-6)","https://race.netkeiba.com/race/result.html?race_id=202504020412&rf=race_list"
"604","9","2025年8月3日","新潟","12R","3歳以上1勝クラス","芝1200m (左A)","18:25","晴","良","9","7","9","タワークライマー","セ3","セ","3","56.0","小林脩","1:10.5","2.1/2","12.0","156.0","35.3","8-6","美浦嘉藤","430(-4)","https://race.netkeiba.com/race/result.html?race_id=202504020412&rf=race_list"
"605","10","2025年8月3日","新潟","12R","3歳以上1勝クラス","芝1200m (左A)","18:25","晴","良","10","8","11","チカポコ","牝5","牝","5","56.0","丸山","1:10.6","クビ","4.0","7.7","35.6","6-6","栗東西園正","420(-2)","https://race.netkeiba.com/race/result.html?race_id=202504020412&rf=race_list"
"606","11","2025年8月3日","新潟","12R","3歳以上1勝クラス","芝1200m (左A)","18:25","晴","良","11","1","1","テイエムパイロット","牡3","牡","3","54.0","◇今村","1:10.7","1/2","5.0","16.7","34.4","12-12","栗東秋山","518(+2)","https://race.netkeiba.com/race/result.html?race_id=202504020412&rf=race_list"
"607","12","2025年8月3日","新潟","12R","3歳以上1勝クラス","芝1200m (左A)","18:25","晴","良","12","3","3","コムーネ","牝3","牝","3","51.0","▲石神道","1:10.7","ハナ","9.0","41.4","36.1","1-1","美浦奥平","424(+4)","https://race.netkeiba.com/race/result.html?race_id=202504020412&rf=race_list"
"608","1","2025年8月3日","中京","1R","2歳未勝利","芝2000m (左A)","09:35","晴","良","1","5","5","ユヴァスキュラ","牡2","牡","2","55.0","松山","2:03.3","","1.0","1.3","33.6","4-5-5-3","栗東小椋","454(+8)","https://race.netkeiba.com/race/result.html?race_id=202507030401&rf=race_list"
"609","2","2025年8月3日","中京","1R","2歳未勝利","芝2000m (左A)","09:35","晴","良","2","3","3","メイショウナルカミ","牡2","牡","2","55.0","幸","2:03.5","1.1/4","2.0","3.2","33.8","4-4-3-3","栗東安達","488(0)","https://race.netkeiba.com/race/result.html?race_id=202507030401&rf=race_list"
"610","3","2025年8月3日","中京","1R","2歳未勝利","芝2000m (左A)","09:35","晴","良","3","1","1","モンドシュピーゲル","牡2","牡","2","55.0","国分優","2:04.5","6","4.0","12.5","35.2","1-1-1-1","美浦天間","462(+2)","https://race.netkeiba.com/race/result.html?race_id=202507030401&rf=race_list"
"611","4","2025年8月3日","中京","1R","2歳未勝利","芝2000m (左A)","09:35","晴","良","4","4","4","コスモギオン","牡2","牡","2","55.0","松若","2:04.5","アタマ","3.0","12.0","35.1","2-2-2-2","栗東宮","456(+2)","https://race.netkeiba.com/race/result.html?race_id=202507030401&rf=race_list"
"612","5","2025年8月3日","中京","1R","2歳未勝利","芝2000m (左A)","09:35","晴","良","5","2","2","フルフィルメント","牝2","牝","2","55.0","小崎","2:04.5","ハナ","5.0","62.7","34.9","3-3-3-3","栗東宮地","516(+12)","https://race.netkeiba.com/race/result.html?race_id=202507030401&rf=race_list"
"613","1","2025年8月3日","中京","2R","2歳新馬","ダ1800m (左)","10:10","晴","良","1","3","4","マヴィ","牝2","牝","2","55.0","バデル","1:56.4","","3.0","7.7","39.5","1-1-1-1","栗東牧浦","464(0)","https://race.netkeiba.com/race/result.html?race_id=202507030402&rf=race_list"
"614","2","2025年8月3日","中京","2R","2歳新馬","ダ1800m (左)","10:10","晴","良","2","6","11","マッドゲイル","牡2","牡","2","54.0","☆吉村","1:57.0","3.1/2","5.0","19.6","39.3","7-6-6-6","美浦上原佑","432(0)","https://race.netkeiba.com/race/result.html?race_id=202507030402&rf=race_list"
"615","3","2025年8月3日","中京","2R","2歳新馬","ダ1800m (左)","10:10","晴","良","3","2","3","ガウラディスコ","牡2","牡","2","55.0","松若","1:57.1","1","8.0","26.4","38.7","12-12-9-9","栗東高柳大","548(0)","https://race.netkeiba.com/race/result.html?race_id=202507030402&rf=race_list"
"616","4","2025年8月3日","中京","2R","2歳新馬","ダ1800m (左)","10:10","晴","良","4","1","1","ケンタッキーホーム","牡2","牡","2","55.0","坂井","1:57.4","1.3/4","1.0","1.9","40.2","3-3-2-4","栗東松下","508(0)","https://race.netkeiba.com/race/result.html?race_id=202507030402&rf=race_list"
"617","5","2025年8月3日","中京","2R","2歳新馬","ダ1800m (左)","10:10","晴","良","5","4","6","ダンツシタン","牡2","牡","2","55.0","和田竜","1:57.5","1/2","2.0","6.1","40.4","5-5-2-2","栗東本田","524(0)","https://race.netkeiba.com/race/result.html?race_id=202507030402&rf=race_list"
"618","6","2025年8月3日","中京","2R","2歳新馬","ダ1800m (左)","10:10","晴","良","6","3","5","グランワールド","牡2","牡","2","55.0","田口","1:57.7","1","12.0","40.4","39.7","11-8-8-7","栗東新谷","472(0)","https://race.netkeiba.com/race/result.html?race_id=202507030402&rf=race_list"
"619","7","2025年8月3日","中京","2R","2歳新馬","ダ1800m (左)","10:10","晴","良","7","6","10","シャローファースト","牡2","牡","2","55.0","岩田康","1:59.1","8","7.0","24.2","40.3","13-13-11-11","栗東安田","526(0)","https://race.netkeiba.com/race/result.html?race_id=202507030402&rf=race_list"
"620","8","2025年8月3日","中京","2R","2歳新馬","ダ1800m (左)","10:10","晴","良","8","4","7","ファツアップ","牡2","牡","2","55.0","小沢","1:59.2","3/4","14.0","116.4","42.1","2-2-2-3","栗東緒方","496(0)","https://race.netkeiba.com/race/result.html?race_id=202507030402&rf=race_list"
"621","9","2025年8月3日","中京","2R","2歳新馬","ダ1800m (左)","10:10","晴","良","9","5","8","ケイアイアマゾン","牡2","牡","2","55.0","幸","2:01.2","大","15.0","148.9","41.2","14-15-15-15","栗東秋山","472(0)","https://race.netkeiba.com/race/result.html?race_id=202507030402&rf=race_list"
"622","10","2025年8月3日","中京","2R","2歳新馬","ダ1800m (左)","10:10","晴","良","10","7","13","ニシノトマラナイ","牡2","牡","2","53.0","◇永島","2:01.4","1.1/4","6.0","22.7","43.7","7-8-6-7","美浦矢野","464(0)","https://race.netkeiba.com/race/result.html?race_id=202507030402&rf=race_list"
"623","11","2025年8月3日","中京","2R","2歳新馬","ダ1800m (左)","10:10","晴","良","11","2","2","タマコロリン","牝2","牝","2","55.0","荻野極","2:02.6","7","9.0","26.7","45.2","3-3-5-5","美浦村田","484(0)","https://race.netkeiba.com/race/result.html?race_id=202507030402&rf=race_list"
"624","12","2025年8月3日","中京","2R","2歳新馬","ダ1800m (左)","10:10","晴","良","12","7","12","ブルースプレイヤー","牡2","牡","2","54.0","☆西塚","2:02.6","クビ","13.0","53.1","43.5","14-13-13-12","栗東高橋亮","550(0)","https://race.netkeiba.com/race/result.html?race_id=202507030402&rf=race_list"
"625","13","2025年8月3日","中京","2R","2歳新馬","ダ1800m (左)","10:10","晴","良","13","8","14","ドンラプス","牡2","牡","2","55.0","松山","2:03.8","7","4.0","7.9","44.7","6-8-13-14","栗東今野","490(0)","https://race.netkeiba.com/race/result.html?race_id=202507030402&rf=race_list"
"626","14","2025年8月3日","中京","2R","2歳新馬","ダ1800m (左)","10:10","晴","良","14","8","15","ルーン","牝2","牝","2","55.0","団野","2:03.9","1/2","10.0","29.6","45.1","9-11-11-13","栗東高橋一","478(0)","https://race.netkeiba.com/race/result.html?race_id=202507030402&rf=race_list"
"627","15","2025年8月3日","中京","2R","2歳新馬","ダ1800m (左)","10:10","晴","良","15","5","9","スナークホクサイ","牡2","牡","2","55.0","小崎","2:04.0","クビ","11.0","35.4","45.6","9-6-9-10","栗東野中","490(0)","https://race.netkeiba.com/race/result.html?race_id=202507030402&rf=race_list"
"628","1","2025年8月3日","中京","3R","2歳新馬","芝1600m (左A)","10:40","晴","良","1","2","2","ラエトゥス","牝2","牝","2","55.0","松山","1:36.9","","4.0","6.9","34.3","6-2-2","栗東池添","460(0)","https://race.netkeiba.com/race/result.html?race_id=202507030403&rf=race_list"
"629","2","2025年8月3日","中京","3R","2歳新馬","芝1600m (左A)","10:40","晴","良","2","1","1","サーディンラン","牡2","牡","2","55.0","バデル","1:36.9","アタマ","2.0","4.3","34.3","1-1-1","栗東武英","454(0)","https://race.netkeiba.com/race/result.html?race_id=202507030403&rf=race_list"
"630","3","2025年8月3日","中京","3R","2歳新馬","芝1600m (左A)","10:40","晴","良","3","7","7","エルナト","牡2","牡","2","55.0","幸","1:37.1","1.1/2","5.0","7.9","34.3","7-3-3","栗東斉藤崇","482(0)","https://race.netkeiba.com/race/result.html?race_id=202507030403&rf=race_list"
"631","4","2025年8月3日","中京","3R","2歳新馬","芝1600m (左A)","10:40","晴","良","4","5","5","フルールドール","牝2","牝","2","55.0","坂井","1:37.3","1","1.0","1.9","34.4","3-4-3","栗東藤原","490(0)","https://race.netkeiba.com/race/result.html?race_id=202507030403&rf=race_list"
"632","5","2025年8月3日","中京","3R","2歳新馬","芝1600m (左A)","10:40","晴","良","5","6","6","グッドホース","牡2","牡","2","55.0","泉谷","1:37.6","2","7.0","58.1","34.5","4-6-6","栗東杉山晴","466(0)","https://race.netkeiba.com/race/result.html?race_id=202507030403&rf=race_list"
"633","6","2025年8月3日","中京","3R","2歳新馬","芝1600m (左A)","10:40","晴","良","6","4","4","ヴォーカライズ","牡2","牡","2","54.0","☆吉村","1:37.6","ハナ","3.0","5.2","34.5","5-6-6","栗東高野","496(0)","https://race.netkeiba.com/race/result.html?race_id=202507030403&rf=race_list"
"634","7","2025年8月3日","中京","3R","2歳新馬","芝1600m (左A)","10:40","晴","良","7","3","3","ダディーズサンクス","牡2","牡","2","55.0","岩田康","1:37.9","2","6.0","24.0","35.0","2-4-3","栗東千田","408(0)","https://race.netkeiba.com/race/result.html?race_id=202507030403&rf=race_list"
"635","1","2025年8月3日","中京","4R","3歳未勝利","ダ1900m (左)","11:10","晴","良","1","1","1","ヴァリオーサ","牝3","牝","3","55.0","坂井","2:03.2","","2.0","4.0","37.0","4-4-5-3","栗東武幸","470(0)","https://race.netkeiba.com/race/result.html?race_id=202507030404&rf=race_list"
"636","2","2025年8月3日","中京","4R","3歳未勝利","ダ1900m (左)","11:10","晴","良","2","4","8","エーデルワイス","牝3","牝","3","55.0","幸","2:03.3","1/2","5.0","8.1","37.1","9-8-5-5","栗東渡辺","490(+4)","https://race.netkeiba.com/race/result.html?race_id=202507030404&rf=race_list"
"637","3","2025年8月3日","中京","4R","3歳未勝利","ダ1900m (左)","11:10","晴","良","3","5","9","ワイドクリーガー","牡3","牡","3","57.0","松山","2:03.4","1/2","1.0","3.0","37.4","2-3-2-3","栗東奥村豊","466(-6)","https://race.netkeiba.com/race/result.html?race_id=202507030404&rf=race_list"
"638","4","2025年8月3日","中京","4R","3歳未勝利","ダ1900m (左)","11:10","晴","良","4","2","3","ヤヌシサンダー","牡3","牡","3","57.0","岩田康","2:04.1","4","8.0","47.5","37.5","8-8-11-7","栗東牧田","426(+4)","https://race.netkeiba.com/race/result.html?race_id=202507030404&rf=race_list"
"639","5","2025年8月3日","中京","4R","3歳未勝利","ダ1900m (左)","11:10","晴","良","5","4","7","メイショウアイル","牡3","牡","3","57.0","秋山稔","2:04.2","1/2","6.0","9.6","37.9","7-7-9-7","栗東高橋忠","476(-4)","https://race.netkeiba.com/race/result.html?race_id=202507030404&rf=race_list"
"640","6","2025年8月3日","中京","4R","3歳未勝利","ダ1900m (左)","11:10","晴","良","6","7","14","マンノミューズ","牝3","牝","3","55.0","角田和","2:04.4","1.1/4","9.0","52.0","38.5","2-2-2-2","栗東角田","424(-5)","https://race.netkeiba.com/race/result.html?race_id=202507030404&rf=race_list"
"641","7","2025年8月3日","中京","4R","3歳未勝利","ダ1900m (左)","11:10","晴","良","7","5","10","サンライズフーガ","牡3","牡","3","57.0","高倉","2:04.7","1.1/2","10.0","53.9","38.7","15-16-2-5","栗東前川","466(-4)","https://race.netkeiba.com/race/result.html?race_id=202507030404&rf=race_list"
"642","8","2025年8月3日","中京","4R","3歳未勝利","ダ1900m (左)","11:10","晴","良","8","6","11","ラムセス","牡3","牡","3","56.0","☆吉村","2:04.8","3/4","12.0","85.7","38.2","9-10-11-11","栗東清水久","460(-6)","https://race.netkeiba.com/race/result.html?race_id=202507030404&rf=race_list"
"643","9","2025年8月3日","中京","4R","3歳未勝利","ダ1900m (左)","11:10","晴","良","9","3","6","クリノバーグマン","牡3","牡","3","57.0","田口","2:04.9","クビ","4.0","6.6","38.7","4-4-5-7","栗東谷","508(+8)","https://race.netkeiba.com/race/result.html?race_id=202507030404&rf=race_list"
"644","10","2025年8月3日","中京","4R","3歳未勝利","ダ1900m (左)","11:10","晴","良","10","8","16","ハックルベリー","牡3","牡","3","57.0","団野","2:05.0","1","7.0","25.0","38.8","4-4-5-10","栗東加藤公","500(+10)","https://race.netkeiba.com/race/result.html?race_id=202507030404&rf=race_list"
"645","11","2025年8月3日","中京","4R","3歳未勝利","ダ1900m (左)","11:10","晴","良","11","3","5","ディープカインズ","牡3","牡","3","57.0","太宰","2:05.2","1.1/4","14.0","235.6","37.8","13-14-14-13","栗東本田","428(-12)","https://race.netkeiba.com/race/result.html?race_id=202507030404&rf=race_list"
"646","12","2025年8月3日","中京","4R","3歳未勝利","ダ1900m (左)","11:10","晴","良","12","7","13","アーリドラータ","牡3","牡","3","54.0","▲田山","2:05.2","ハナ","11.0","61.0","39.4","1-1-1-1","栗東小栗","468(-20)","https://race.netkeiba.com/race/result.html?race_id=202507030404&rf=race_list"
"647","13","2025年8月3日","中京","4R","3歳未勝利","ダ1900m (左)","11:10","晴","良","13","6","12","シーラスストリーク","牝3","牝","3","55.0","バデル","2:05.3","クビ","3.0","6.5","38.9","13-11-10-11","栗東武英","470(0)","https://race.netkeiba.com/race/result.html?race_id=202507030404&rf=race_list"
"648","14","2025年8月3日","中京","4R","3歳未勝利","ダ1900m (左)","11:10","晴","良","14","2","4","ペルティナクス","牡3","牡","3","53.0","★河原田","2:05.6","1.3/4","13.0","119.1","38.0","11-11-16-16","栗東池江","518(-6)","https://race.netkeiba.com/race/result.html?race_id=202507030404&rf=race_list"
"649","15","2025年8月3日","中京","4R","3歳未勝利","ダ1900m (左)","11:10","晴","良","15","8","15","ヒロニャン","牡3","牡","3","57.0","中井","2:05.7","1","15.0","249.8","38.5","15-15-13-14","栗東今野","510(+6)","https://race.netkeiba.com/race/result.html?race_id=202507030404&rf=race_list"
"650","16","2025年8月3日","中京","4R","3歳未勝利","ダ1900m (左)","11:10","晴","良","16","1","2","クロシオカレント","牡3","牡","3","57.0","松若","2:05.9","3/4","16.0","286.3","38.5","11-11-14-14","栗東東田","440(-4)","https://race.netkeiba.com/race/result.html?race_id=202507030404&rf=race_list"
"651","1","2025年8月3日","中京","5R","3歳未勝利","芝1600m (左A)","11:40","晴","良","1","1","2","ビップディラン","牡3","牡","3","57.0","坂井","1:33.3","","2.0","3.5","34.5","6-5-5","栗東小椋","456(+4)","https://race.netkeiba.com/race/result.html?race_id=202507030405&rf=race_list"
"652","2","2025年8月3日","中京","5R","3歳未勝利","芝1600m (左A)","11:40","晴","良","2","8","16","ブルーブレイブ","牝3","牝","3","54.0","☆西塚","1:33.4","1/2","3.0","5.1","34.2","11-10-10","栗東清水久","490(+6)","https://race.netkeiba.com/race/result.html?race_id=202507030405&rf=race_list"
"653","3","2025年8月3日","中京","5R","3歳未勝利","芝1600m (左A)","11:40","晴","良","3","7","13","タイセイフィオーレ","牡3","牡","3","56.0","☆吉村","1:33.4","ハナ","1.0","2.8","34.3","8-8-8","栗東高野","452(-2)","https://race.netkeiba.com/race/result.html?race_id=202507030405&rf=race_list"
"654","4","2025年8月3日","中京","5R","3歳未勝利","芝1600m (左A)","11:40","晴","良","4","8","15","ヴェルニッツ","牡3","牡","3","57.0","幸","1:33.5","1/2","9.0","30.2","34.1","13-12-12","栗東杉山晴","476(+2)","https://race.netkeiba.com/race/result.html?race_id=202507030405&rf=race_list"
"655","5","2025年8月3日","中京","5R","3歳未勝利","芝1600m (左A)","11:40","晴","良","5","6","11","サトノビエント","牝3","牝","3","55.0","団野","1:33.5","クビ","11.0","66.8","34.6","6-7-5","栗東上村","392(-18)","https://race.netkeiba.com/race/result.html?race_id=202507030405&rf=race_list"
"656","6","2025年8月3日","中京","5R","3歳未勝利","芝1600m (左A)","11:40","晴","良","6","5","10","エイシンヤタガラス","牡3","牡","3","57.0","バデル","1:33.7","1","6.0","15.5","35.0","2-3-3","栗東渡辺","468(-6)","https://race.netkeiba.com/race/result.html?race_id=202507030405&rf=race_list"
"657","7","2025年8月3日","中京","5R","3歳未勝利","芝1600m (左A)","11:40","晴","良","7","4","8","カフジアッサム","牡3","牡","3","57.0","鮫島良","1:33.8","1","13.0","121.8","34.5","8-10-10","栗東河嶋","488(0)","https://race.netkeiba.com/race/result.html?race_id=202507030405&rf=race_list"
"658","8","2025年8月3日","中京","5R","3歳未勝利","芝1600m (左A)","11:40","晴","良","8","5","9","ジュンライトニング","牡3","牡","3","57.0","酒井","1:33.9","アタマ","7.0","29.3","34.5","13-12-12","栗東清水久","438(-4)","https://race.netkeiba.com/race/result.html?race_id=202507030405&rf=race_list"
"659","9","2025年8月3日","中京","5R","3歳未勝利","芝1600m (左A)","11:40","晴","良","9","3","5","メイショウハヤセ","牝3","牝","3","55.0","岩田康","1:34.1","1.1/2","5.0","13.4","34.0","15-16-15","栗東笹田","428(+2)","https://race.netkeiba.com/race/result.html?race_id=202507030405&rf=race_list"
"660","10","2025年8月3日","中京","5R","3歳未勝利","芝1600m (左A)","11:40","晴","良","10","7","14","ティプタラ","牡3","牡","3","57.0","和田竜","1:34.2","1/2","4.0","9.1","34.5","15-14-14","栗東友道","452(0)","https://race.netkeiba.com/race/result.html?race_id=202507030405&rf=race_list"
"661","11","2025年8月3日","中京","5R","3歳未勝利","芝1600m (左A)","11:40","晴","良","11","2","4","モズノセイギ","牡3","牡","3","57.0","松若","1:34.4","1","12.0","114.1","35.4","10-8-8","栗東荒川","446(+2)","https://race.netkeiba.com/race/result.html?race_id=202507030405&rf=race_list"
"662","12","2025年8月3日","中京","5R","3歳未勝利","芝1600m (左A)","11:40","晴","良","12","6","12","ヴノ","牡3","牡","3","57.0","田口","1:34.9","3","14.0","181.6","36.0","2-5-5","栗東野中","452(-4)","https://race.netkeiba.com/race/result.html?race_id=202507030405&rf=race_list"
"663","13","2025年8月3日","中京","5R","3歳未勝利","芝1600m (左A)","11:40","晴","良","13","2","3","テルモピュライ","牡3","牡","3","57.0","角田和","1:35.1","1","15.0","430.0","36.5","5-3-3","栗東飯田","452(-11)","https://race.netkeiba.com/race/result.html?race_id=202507030405&rf=race_list"
"664","14","2025年8月3日","中京","5R","3歳未勝利","芝1600m (左A)","11:40","晴","良","14","4","7","マイベストダンサー","牝3","牝","3","52.0","▲田山","1:35.9","5","10.0","37.0","37.4","2-2-2","栗東斉藤崇","482(+2)","https://race.netkeiba.com/race/result.html?race_id=202507030405&rf=race_list"
"665","15","2025年8月3日","中京","5R","3歳未勝利","芝1600m (左A)","11:40","晴","良","15","3","6","ララベルドゥニュイ","牝3","牝","3","53.0","◇永島","1:36.8","5","8.0","29.5","38.4","1-1-1","栗東松下","512(-4)","https://race.netkeiba.com/race/result.html?race_id=202507030405&rf=race_list"
"666","16","2025年8月3日","中京","5R","3歳未勝利","芝1600m (左A)","11:40","晴","良","16","1","1","イージーゴーイング","牡3","牡","3","57.0","小沢","1:39.0","大","16.0","545.9","38.4","12-14-16","栗東飯田","464(-16)","https://race.netkeiba.com/race/result.html?race_id=202507030405&rf=race_list"
"667","1","2025年8月3日","中京","6R","桶狭間S","ダ1400m (左)","15:01","晴","良","1","1","2","アッチャゴーラ","牡5","牡","5","58.0","小崎","1:24.1","","4.0","11.8","36.7","13-10","美浦浅利","518(+10)","https://race.netkeiba.com/race/result.html?race_id=202507030406&rf=race_list"
"668","2","2025年8月3日","中京","6R","桶狭間S","ダ1400m (左)","15:01","晴","良","2","6","11","エストレヤデベレン","牡4","牡","4","58.0","亀田","1:24.1","ハナ","6.0","12.4","37.3","6-6","栗東武幸","550(+6)","https://race.netkeiba.com/race/result.html?race_id=202507030406&rf=race_list"
"669","3","2025年8月3日","中京","6R","桶狭間S","ダ1400m (左)","15:01","晴","良","3","4","8","ストレングス","牡4","牡","4","58.0","松山","1:24.1","アタマ","1.0","2.5","37.6","3-2","栗東寺島","476(+4)","https://race.netkeiba.com/race/result.html?race_id=202507030406&rf=race_list"
"670","4","2025年8月3日","中京","6R","桶狭間S","ダ1400m (左)","15:01","晴","良","4","1","1","ペプチドタイガー","牡5","牡","5","58.0","岩田康","1:24.2","1/2","2.0","5.6","36.9","11-10","栗東吉村","460(+8)","https://race.netkeiba.com/race/result.html?race_id=202507030406&rf=race_list"
"671","5","2025年8月3日","中京","6R","桶狭間S","ダ1400m (左)","15:01","晴","良","5","8","16","タイゲン","牡6","牡","6","58.0","和田竜","1:24.4","1","16.0","185.1","37.3","9-10","栗東平田","478(+2)","https://race.netkeiba.com/race/result.html?race_id=202507030406&rf=race_list"
"672","6","2025年8月3日","中京","6R","桶狭間S","ダ1400m (左)","15:01","晴","良","6","6","12","プルートマスター","牡6","牡","6","58.0","松若","1:24.4","アタマ","13.0","41.0","37.9","3-2","栗東今野","508(+2)","https://race.netkeiba.com/race/result.html?race_id=202507030406&rf=race_list"
"673","7","2025年8月3日","中京","6R","桶狭間S","ダ1400m (左)","15:01","晴","良","7","7","13","アンシール","セ4","セ","4","58.0","吉村","1:24.5","クビ","8.0","22.3","36.9","14-15","栗東小崎","478(0)","https://race.netkeiba.com/race/result.html?race_id=202507030406&rf=race_list"
"674","8","2025年8月3日","中京","6R","桶狭間S","ダ1400m (左)","15:01","晴","良","8","8","15","ジャーヴィス","牡5","牡","5","58.0","団野","1:24.5","アタマ","11.0","34.5","37.2","11-13","栗東千田","496(0)","https://race.netkeiba.com/race/result.html?race_id=202507030406&rf=race_list"
"675","9","2025年8月3日","中京","6R","桶狭間S","ダ1400m (左)","15:01","晴","良","9","4","7","シゲルソロソロ","牝5","牝","5","56.0","川須","1:24.5","クビ","10.0","25.6","36.8","15-14","栗東谷","482(+8)","https://race.netkeiba.com/race/result.html?race_id=202507030406&rf=race_list"
"676","10","2025年8月3日","中京","6R","桶狭間S","ダ1400m (左)","15:01","晴","良","10","3","5","ロレンツォ","牡7","牡","7","58.0","荻野極","1:24.6","1/2","14.0","64.6","36.6","16-16","美浦加藤征","482(-2)","https://race.netkeiba.com/race/result.html?race_id=202507030406&rf=race_list"
"677","11","2025年8月3日","中京","6R","桶狭間S","ダ1400m (左)","15:01","晴","良","11","2","4","ルージュスタニング","牝4","牝","4","56.0","坂井","1:24.6","アタマ","3.0","8.0","37.8","6-6","栗東友道","514(+2)","https://race.netkeiba.com/race/result.html?race_id=202507030406&rf=race_list"
"678","12","2025年8月3日","中京","6R","桶狭間S","ダ1400m (左)","15:01","晴","良","12","2","3","マルカラピッド","牝5","牝","5","56.0","小沢","1:24.7","1/2","15.0","85.1","37.6","9-9","栗東今野","486(+2)","https://race.netkeiba.com/race/result.html?race_id=202507030406&rf=race_list"
"679","13","2025年8月3日","中京","6R","桶狭間S","ダ1400m (左)","15:01","晴","良","13","7","14","ランスオブサターン","牝5","牝","5","56.0","バデル","1:24.9","3/4","12.0","40.8","38.2","5-5","栗東本田","466(+20)","https://race.netkeiba.com/race/result.html?race_id=202507030406&rf=race_list"
"680","14","2025年8月3日","中京","6R","桶狭間S","ダ1400m (左)","15:01","晴","良","14","5","9","ヘンリー","牡5","牡","5","58.0","幸","1:25.4","3","9.0","22.3","39.0","2-2","栗東吉岡","544(0)","https://race.netkeiba.com/race/result.html?race_id=202507030406&rf=race_list"
"681","15","2025年8月3日","中京","6R","桶狭間S","ダ1400m (左)","15:01","晴","良","15","3","6","スティールブルー","牝4","牝","4","56.0","酒井","1:25.4","ハナ","7.0","15.0","38.6","6-6","美浦田中勝","458(+10)","https://race.netkeiba.com/race/result.html?race_id=202507030406&rf=race_list"
"682","16","2025年8月3日","中京","6R","桶狭間S","ダ1400m (左)","15:01","晴","良","16","5","10","マイネルカーライル","牡5","牡","5","58.0","田口","1:25.9","3","5.0","11.8","39.7","1-1","栗東西園正","526(+2)","https://race.netkeiba.com/race/result.html?race_id=202507030406&rf=race_list"
"683","1","2025年8月3日","中京","7R","名鉄杯","ダ1800m (左)","15:35","晴","良","1","5","5","マリオロード","牡6","牡","6","57.0","バデル","1:52.1","","9.0","28.8","37.3","6-6-3-2","栗東安達","494(+6)","https://race.netkeiba.com/race/result.html?race_id=202507030407&rf=race_list"
"684","2","2025年8月3日","中京","7R","名鉄杯","ダ1800m (左)","15:35","晴","良","2","7","9","ゼットリアン","牡5","牡","5","57.0","松山","1:52.2","クビ","2.0","4.8","36.7","8-8-7-8","栗東吉田","442(-6)","https://race.netkeiba.com/race/result.html?race_id=202507030407&rf=race_list"
"685","3","2025年8月3日","中京","7R","名鉄杯","ダ1800m (左)","15:35","晴","良","3","3","3","シゲルショウグン","牡5","牡","5","58.0","岩田康","1:52.4","1.1/2","1.0","3.0","37.8","1-1-1-1","栗東大橋","522(+4)","https://race.netkeiba.com/race/result.html?race_id=202507030407&rf=race_list"
"686","4","2025年8月3日","中京","7R","名鉄杯","ダ1800m (左)","15:35","晴","良","4","6","8","フタイテンロック","牡6","牡","6","57.0","小崎","1:52.7","1.3/4","10.0","36.7","37.2","7-7-7-6","美浦佐藤吉","482(-4)","https://race.netkeiba.com/race/result.html?race_id=202507030407&rf=race_list"
"687","5","2025年8月3日","中京","7R","名鉄杯","ダ1800m (左)","15:35","晴","良","5","8","12","サトノフェニックス","牡4","牡","4","57.0","和田竜","1:52.8","クビ","3.0","4.9","38.1","2-2-2-2","栗東西園正","500(-2)","https://race.netkeiba.com/race/result.html?race_id=202507030407&rf=race_list"
"688","6","2025年8月3日","中京","7R","名鉄杯","ダ1800m (左)","15:35","晴","良","6","4","4","エナハツホ","牝6","牝","6","55.0","西塚","1:53.1","2","12.0","104.6","37.0","11-11-11-11","栗東吉田","454(+2)","https://race.netkeiba.com/race/result.html?race_id=202507030407&rf=race_list"
"689","7","2025年8月3日","中京","7R","名鉄杯","ダ1800m (左)","15:35","晴","良","7","6","7","ルクスフロンティア","牡5","牡","5","58.0","吉村","1:53.2","クビ","6.0","11.0","38.3","4-5-4-6","栗東松永幹","490(-8)","https://race.netkeiba.com/race/result.html?race_id=202507030407&rf=race_list"
"690","8","2025年8月3日","中京","7R","名鉄杯","ダ1800m (左)","15:35","晴","良","8","7","10","マンマリアーレ","牝5","牝","5","55.0","荻野極","1:53.3","3/4","7.0","13.5","37.2","12-12-11-12","美浦高木","472(-6)","https://race.netkeiba.com/race/result.html?race_id=202507030407&rf=race_list"
"691","9","2025年8月3日","中京","7R","名鉄杯","ダ1800m (左)","15:35","晴","良","9","8","11","ピースオブザライフ","牝5","牝","5","55.0","田口","1:54.0","4","11.0","101.8","38.3","9-9-9-9","栗東野中","488(+2)","https://race.netkeiba.com/race/result.html?race_id=202507030407&rf=race_list"
"692","10","2025年8月3日","中京","7R","名鉄杯","ダ1800m (左)","15:35","晴","良","10","2","2","ラインオブソウル","牡6","牡","6","57.0","松若","1:54.3","2","5.0","9.0","38.6","9-9-9-9","栗東東田","522(-4)","https://race.netkeiba.com/race/result.html?race_id=202507030407&rf=race_list"
"693","11","2025年8月3日","中京","7R","名鉄杯","ダ1800m (左)","15:35","晴","良","11","5","6","サンデーファンデー","牡5","牡","5","61.0","団野","1:54.4","クビ","4.0","8.8","39.5","3-3-4-4","栗東東田","532(-4)","https://race.netkeiba.com/race/result.html?race_id=202507030407&rf=race_list"
"694","12","2025年8月3日","中京","7R","名鉄杯","ダ1800m (左)","15:35","晴","良","12","1","1","サトノルフィアン","牡6","牡","6","58.0","永島","1:55.7","8","8.0","21.0","40.8","4-3-4-4","栗東高橋康","528(0)","https://race.netkeiba.com/race/result.html?race_id=202507030407&rf=race_list"
"695","1","2025年8月3日","中京","8R","納屋橋特別","芝1600m (左A)","16:10","晴","良","1","5","5","ディアナザール","牡3","牡","3","55.0","団野","1:32.7","","1.0","1.9","33.3","1-1-1","栗東斉藤崇","484(+10)","https://race.netkeiba.com/race/result.html?race_id=202507030408&rf=race_list"
"696","2","2025年8月3日","中京","8R","納屋橋特別","芝1600m (左A)","16:10","晴","良","2","4","4","オトコギアンパン","牡4","牡","4","58.0","松山","1:32.9","1.1/4","3.0","4.3","33.0","6-5-5","栗東小栗","494(+6)","https://race.netkeiba.com/race/result.html?race_id=202507030408&rf=race_list"
"697","3","2025年8月3日","中京","8R","納屋橋特別","芝1600m (左A)","16:10","晴","良","3","2","2","チェルノボーグ","セ6","セ","6","58.0","バデル","1:32.9","クビ","2.0","3.6","33.3","4-3-2","栗東藤原","478(+2)","https://race.netkeiba.com/race/result.html?race_id=202507030408&rf=race_list"
"698","4","2025年8月3日","中京","8R","納屋橋特別","芝1600m (左A)","16:10","晴","良","4","8","8","ケイデンシーマーク","牝5","牝","5","56.0","小沢","1:33.0","クビ","4.0","8.2","33.4","3-2-2","栗東福永","448(-2)","https://race.netkeiba.com/race/result.html?race_id=202507030408&rf=race_list"
"699","5","2025年8月3日","中京","8R","納屋橋特別","芝1600m (左A)","16:10","晴","良","5","6","6","サクラオーラ","牝6","牝","6","56.0","酒井","1:33.4","2.1/2","6.0","19.6","33.5","5-5-5","栗東河嶋","448(-4)","https://race.netkeiba.com/race/result.html?race_id=202507030408&rf=race_list"
"700","6","2025年8月3日","中京","8R","納屋橋特別","芝1600m (左A)","16:10","晴","良","6","3","3","レッドベルアーム","牡6","牡","6","58.0","鮫島良","1:33.5","1/2","5.0","16.1","33.8","2-3-4","栗東河嶋","528(-8)","https://race.netkeiba.com/race/result.html?race_id=202507030408&rf=race_list"
"701","7","2025年8月3日","中京","8R","納屋橋特別","芝1600m (左A)","16:10","晴","良","7","7","7","タガノスペルノヴァ","牡7","牡","7","58.0","川須","1:33.9","2.1/2","7.0","137.0","33.7","7-8-7","栗東中尾","426(+2)","https://race.netkeiba.com/race/result.html?race_id=202507030408&rf=race_list"
"702","8","2025年8月3日","中京","8R","納屋橋特別","芝1600m (左A)","16:10","晴","良","8","1","1","エリンアキレウス","牡5","牡","5","58.0","秋山稔","1:34.6","4","8.0","217.5","34.5","7-7-7","美浦伊藤伸","536(-12)","https://race.netkeiba.com/race/result.html?race_id=202507030408&rf=race_list"
"703","1","2025年8月3日","中京","9R","3歳未勝利","芝2000m (左A)","16:45","晴","良","1","1","2","ダノンフィオーレ","牝3","牝","3","55.0","松山","2:00.4","","1.0","2.9","34.1","1-1-1-1","栗東藤原","452(-2)","https://race.netkeiba.com/race/result.html?race_id=202507030409&rf=race_list"
"704","2","2025年8月3日","中京","9R","3歳未勝利","芝2000m (左A)","16:45","晴","良","2","2","4","ワイドリューレント","牝3","牝","3","55.0","団野","2:00.6","1","2.0","3.5","33.8","6-6-7-5","栗東奥村豊","440(0)","https://race.netkeiba.com/race/result.html?race_id=202507030409&rf=race_list"
"705","3","2025年8月3日","中京","9R","3歳未勝利","芝2000m (左A)","16:45","晴","良","3","8","18","リオンプライム","牝3","牝","3","55.0","幸","2:01.1","3","5.0","10.0","34.7","3-3-2-2","栗東鈴木孝","464(-6)","https://race.netkeiba.com/race/result.html?race_id=202507030409&rf=race_list"
"706","4","2025年8月3日","中京","9R","3歳未勝利","芝2000m (左A)","16:45","晴","良","4","3","6","シュパネントダイヤ","牝3","牝","3","55.0","バデル","2:01.2","1","3.0","6.1","34.7","3-3-4-3","栗東吉村","466(-2)","https://race.netkeiba.com/race/result.html?race_id=202507030409&rf=race_list"
"707","5","2025年8月3日","中京","9R","3歳未勝利","芝2000m (左A)","16:45","晴","良","5","3","5","アンビアンス","牝3","牝","3","55.0","酒井","2:01.5","1.1/2","10.0","50.3","34.3","10-12-11-11","栗東清水久","446(+6)","https://race.netkeiba.com/race/result.html?race_id=202507030409&rf=race_list"
"708","6","2025年8月3日","中京","9R","3歳未勝利","芝2000m (左A)","16:45","晴","良","6","5","9","セキトバシューズ","牝3","牝","3","55.0","小崎","2:01.5","クビ","8.0","24.3","34.0","15-14-15-14","栗東新谷","464(+10)","https://race.netkeiba.com/race/result.html?race_id=202507030409&rf=race_list"
"709","7","2025年8月3日","中京","9R","3歳未勝利","芝2000m (左A)","16:45","晴","良","7","8","17","テレプシコーラ","牝3","牝","3","54.0","☆吉村","2:01.7","1.1/4","4.0","8.8","34.4","15-14-11-12","栗東坂口","406(-2)","https://race.netkeiba.com/race/result.html?race_id=202507030409&rf=race_list"
"710","8","2025年8月3日","中京","9R","3歳未勝利","芝2000m (左A)","16:45","晴","良","8","5","10","ロッツオブプランズ","牝3","牝","3","52.0","▲田山","2:01.7","アタマ","9.0","38.5","34.7","9-8-7-8","栗東四位","482(+2)","https://race.netkeiba.com/race/result.html?race_id=202507030409&rf=race_list"
"711","9","2025年8月3日","中京","9R","3歳未勝利","芝2000m (左A)","16:45","晴","良","9","8","16","ヴォレンティエーリ","牝3","牝","3","55.0","田口","2:01.9","1","16.0","292.4","35.2","6-6-4-5","栗東角田","452(-3)","https://race.netkeiba.com/race/result.html?race_id=202507030409&rf=race_list"
"712","10","2025年8月3日","中京","9R","3歳未勝利","芝2000m (左A)","16:45","晴","良","10","4","8","サフランクイン","牝3","牝","3","55.0","高倉","2:02.0","3/4","13.0","139.6","35.2","5-5-4-5","栗東渡辺","432(+2)","https://race.netkeiba.com/race/result.html?race_id=202507030409&rf=race_list"
"713","11","2025年8月3日","中京","9R","3歳未勝利","芝2000m (左A)","16:45","晴","良","11","7","15","ルックアップトゥー","牝3","牝","3","53.0","◇永島","2:02.7","4","14.0","158.1","35.7","10-10-7-8","栗東小栗","412(+8)","https://race.netkeiba.com/race/result.html?race_id=202507030409&rf=race_list"
"714","12","2025年8月3日","中京","9R","3歳未勝利","芝2000m (左A)","16:45","晴","良","12","7","14","マリアブーケ","牝3","牝","3","55.0","秋山稔","2:02.8","3/4","15.0","225.7","35.3","10-12-11-14","栗東高橋忠","440(-2)","https://race.netkeiba.com/race/result.html?race_id=202507030409&rf=race_list"
"715","13","2025年8月3日","中京","9R","3歳未勝利","芝2000m (左A)","16:45","晴","良","13","6","11","ホウショウビフウ","牝3","牝","3","52.0","▲川端","2:03.2","2.1/2","17.0","309.7","35.9","6-8-7-12","栗東井上","422(+10)","https://race.netkeiba.com/race/result.html?race_id=202507030409&rf=race_list"
"716","14","2025年8月3日","中京","9R","3歳未勝利","芝2000m (左A)","16:45","晴","良","14","1","1","カーリンハート","牝3","牝","3","55.0","角田和","2:04.0","5","11.0","52.6","37.0","10-10-11-8","栗東四位","428(+8)","https://race.netkeiba.com/race/result.html?race_id=202507030409&rf=race_list"
"717","15","2025年8月3日","中京","9R","3歳未勝利","芝2000m (左A)","16:45","晴","良","15","6","12","エメラルドライン","牝3","牝","3","55.0","小沢","2:04.5","3","12.0","137.0","37.9","2-2-2-3","栗東西村","456(-4)","https://race.netkeiba.com/race/result.html?race_id=202507030409&rf=race_list"
"718","16","2025年8月3日","中京","9R","3歳未勝利","芝2000m (左A)","16:45","晴","良","中止","2","3","メリッサバローズ","牝3","牝","3","54.0","☆西塚","","","7.0","23.1","","17-17","栗東友道","438(-4)","https://race.netkeiba.com/race/result.html?race_id=202507030409&rf=race_list"
"719","17","2025年8月3日","中京","9R","3歳未勝利","芝2000m (左A)","16:45","晴","良","中止","7","13","ジョリーピクシー","牝3","牝","3","51.0","★河原田","","","6.0","12.3","","10-16","栗東笹田","450(-2)","https://race.netkeiba.com/race/result.html?race_id=202507030409&rf=race_list"
"720","18","2025年8月3日","中京","9R","3歳未勝利","芝2000m (左A)","16:45","晴","良","除外","4","7","アイスモント","牝3","牝","3","55.0","坂井","","","","","","","栗東宮本","438(0)","https://race.netkeiba.com/race/result.html?race_id=202507030409&rf=race_list"
"721","1","2025年8月3日","中京","10R","3歳以上1勝クラス","ダ1200m (左)","17:20","晴","良","1","8","15","フィドルファドル","牝3","牝","3","54.0","坂井","1:11.4","","1.0","2.9","36.3","8-7","栗東矢作","452(-4)","https://race.netkeiba.com/race/result.html?race_id=202507030410&rf=race_list"
"722","2","2025年8月3日","中京","10R","3歳以上1勝クラス","ダ1200m (左)","17:20","晴","良","2","5","9","キョラムン","牝3","牝","3","54.0","小沢","1:11.8","2.1/2","6.0","12.2","37.0","5-6","栗東石橋","456(-4)","https://race.netkeiba.com/race/result.html?race_id=202507030410&rf=race_list"
"723","3","2025年8月3日","中京","10R","3歳以上1勝クラス","ダ1200m (左)","17:20","晴","良","3","7","14","ゼンカイパイロ","牡4","牡","4","58.0","岩田康","1:12.2","2.1/2","4.0","8.1","35.6","15-15","栗東千田","494(-8)","https://race.netkeiba.com/race/result.html?race_id=202507030410&rf=race_list"
"724","4","2025年8月3日","中京","10R","3歳以上1勝クラス","ダ1200m (左)","17:20","晴","良","4","6","12","アーデルリーベ","牝3","牝","3","54.0","幸","1:12.3","1/2","2.0","4.5","37.7","3-3","栗東斉藤崇","454(+2)","https://race.netkeiba.com/race/result.html?race_id=202507030410&rf=race_list"
"725","5","2025年8月3日","中京","10R","3歳以上1勝クラス","ダ1200m (左)","17:20","晴","良","5","1","2","フェニーチェドーロ","牝3","牝","3","54.0","松若","1:12.4","クビ","16.0","127.1","36.6","12-13","栗東宮本","450(+12)","https://race.netkeiba.com/race/result.html?race_id=202507030410&rf=race_list"
"726","6","2025年8月3日","中京","10R","3歳以上1勝クラス","ダ1200m (左)","17:20","晴","良","6","4","7","アスコットアイ","牝3","牝","3","53.0","☆西塚","1:12.6","1.1/4","14.0","70.0","37.9","5-4","栗東緒方","434(-2)","https://race.netkeiba.com/race/result.html?race_id=202507030410&rf=race_list"
"727","7","2025年8月3日","中京","10R","3歳以上1勝クラス","ダ1200m (左)","17:20","晴","良","7","2","3","クリノミニスター","牡6","牡","6","58.0","和田竜","1:12.6","クビ","10.0","45.0","37.2","9-9","栗東荒川","462(-2)","https://race.netkeiba.com/race/result.html?race_id=202507030410&rf=race_list"
"728","8","2025年8月3日","中京","10R","3歳以上1勝クラス","ダ1200m (左)","17:20","晴","良","8","3","6","ミルトライディーン","牡3","牡","3","52.0","★河原田","1:12.9","1.1/2","11.0","52.4","36.9","13-11","栗東中竹","522(+8)","https://race.netkeiba.com/race/result.html?race_id=202507030410&rf=race_list"
"729","9","2025年8月3日","中京","10R","3歳以上1勝クラス","ダ1200m (左)","17:20","晴","良","9","2","4","ツーピース","牝3","牝","3","54.0","川須","1:13.2","2","8.0","35.4","38.8","1-1","栗東河嶋","508(+4)","https://race.netkeiba.com/race/result.html?race_id=202507030410&rf=race_list"
"730","10","2025年8月3日","中京","10R","3歳以上1勝クラス","ダ1200m (左)","17:20","晴","良","10","5","10","ライツユーアップ","牝3","牝","3","52.0","◇永島","1:13.3","1/2","13.0","62.2","37.7","11-11","栗東角田","434(-8)","https://race.netkeiba.com/race/result.html?race_id=202507030410&rf=race_list"
"731","11","2025年8月3日","中京","10R","3歳以上1勝クラス","ダ1200m (左)","17:20","晴","良","11","4","8","ビーアイフォルテ","牝3","牝","3","54.0","小崎","1:13.6","1.1/2","15.0","84.9","39.1","2-2","栗東牧田","446(+14)","https://race.netkeiba.com/race/result.html?race_id=202507030410&rf=race_list"
"732","12","2025年8月3日","中京","10R","3歳以上1勝クラス","ダ1200m (左)","17:20","晴","良","12","8","16","スカイブルー","牡3","牡","3","55.0","☆吉村","1:13.7","1/2","7.0","14.1","39.1","3-4","栗東杉山晴","516(+10)","https://race.netkeiba.com/race/result.html?race_id=202507030410&rf=race_list"
"733","13","2025年8月3日","中京","10R","3歳以上1勝クラス","ダ1200m (左)","17:20","晴","良","13","6","11","カフェロワイヤル","牝3","牝","3","54.0","団野","1:13.9","1.1/4","12.0","55.7","37.8","14-14","栗東小林","462(-2)","https://race.netkeiba.com/race/result.html?race_id=202507030410&rf=race_list"
"734","14","2025年8月3日","中京","10R","3歳以上1勝クラス","ダ1200m (左)","17:20","晴","良","14","1","1","バシリス","牝3","牝","3","54.0","松山","1:13.9","クビ","5.0","9.8","38.9","7-7","栗東寺島","468(+8)","https://race.netkeiba.com/race/result.html?race_id=202507030410&rf=race_list"
"735","15","2025年8月3日","中京","10R","3歳以上1勝クラス","ダ1200m (左)","17:20","晴","良","15","3","5","ヴェントインコーダ","牝3","牝","3","54.0","角田和","1:16.5","大","9.0","40.7","41.2","9-10","栗東角田","466(-2)","https://race.netkeiba.com/race/result.html?race_id=202507030410&rf=race_list"
"736","16","2025年8月3日","中京","10R","3歳以上1勝クラス","ダ1200m (左)","17:20","晴","良","中止","7","13","ヨドノゴールド","牡7","牡","7","58.0","バデル","","","3.0","6.3","","","栗東西園翔","470(+4)","https://race.netkeiba.com/race/result.html?race_id=202507030410&rf=race_list"
"737","1","2025年8月3日","中京","11R","3歳以上1勝クラス","芝2200m (左A)","17:45","晴","良","1","8","8","サトノソティラス","牡3","牡","3","55.0","松山","2:12.6","","1.0","2.6","34.3","2-2-2-2","栗東池江","492(-4)","https://race.netkeiba.com/race/result.html?race_id=202507030411&rf=race_list"
"738","2","2025年8月3日","中京","11R","3歳以上1勝クラス","芝2200m (左A)","17:45","晴","良","2","3","3","オーサムユニバンス","牡4","牡","4","58.0","和田竜","2:12.8","1.1/4","7.0","26.9","34.3","5-5-6-4","栗東平田","428(-2)","https://race.netkeiba.com/race/result.html?race_id=202507030411&rf=race_list"
"739","3","2025年8月3日","中京","11R","3歳以上1勝クラス","芝2200m (左A)","17:45","晴","良","3","4","4","オメガナビゲーター","セ4","セ","4","58.0","岩田康","2:12.9","1/2","2.0","3.5","34.6","4-4-3-2","栗東安田","484(-16)","https://race.netkeiba.com/race/result.html?race_id=202507030411&rf=race_list"
"740","4","2025年8月3日","中京","11R","3歳以上1勝クラス","芝2200m (左A)","17:45","晴","良","4","2","2","スカイサーベイ","牡4","牡","4","57.0","☆吉村","2:13.0","クビ","3.0","3.7","34.6","2-2-3-4","栗東池添","480(+2)","https://race.netkeiba.com/race/result.html?race_id=202507030411&rf=race_list"
"741","5","2025年8月3日","中京","11R","3歳以上1勝クラス","芝2200m (左A)","17:45","晴","良","5","1","1","シンドリームシン","牡4","牡","4","58.0","団野","2:13.1","3/4","4.0","7.1","34.3","8-8-7-7","栗東武幸","496(+2)","https://race.netkeiba.com/race/result.html?race_id=202507030411&rf=race_list"
"742","6","2025年8月3日","中京","11R","3歳以上1勝クラス","芝2200m (左A)","17:45","晴","良","6","7","7","ワーキングアセット","牡4","牡","4","58.0","バデル","2:13.3","1.1/4","6.0","17.5","34.8","7-6-5-4","栗東井上","486(+2)","https://race.netkeiba.com/race/result.html?race_id=202507030411&rf=race_list"
"743","7","2025年8月3日","中京","11R","3歳以上1勝クラス","芝2200m (左A)","17:45","晴","良","7","6","6","ヘルツアス","牝4","牝","4","56.0","幸","2:13.5","1.1/4","5.0","14.4","35.3","1-1-1-1","栗東森田","410(-8)","https://race.netkeiba.com/race/result.html?race_id=202507030411&rf=race_list"
"744","8","2025年8月3日","中京","11R","3歳以上1勝クラス","芝2200m (左A)","17:45","晴","良","8","5","5","メリトーリアス","牡3","牡","3","55.0","松若","2:16.0","大","8.0","50.3","36.8","6-6-7-8","栗東東田","528(+2)","https://race.netkeiba.com/race/result.html?race_id=202507030411&rf=race_list"
"745","1","2025年8月3日","中京","12R","3歳以上1勝クラス","芝1400m (左A)","18:15","晴","良","1","3","6","エクストラバック","牡4","牡","4","58.0","団野","1:19.8","","4.0","9.6","34.1","5-4","栗東西園正","496(+4)","https://race.netkeiba.com/race/result.html?race_id=202507030412&rf=race_list"
"746","2","2025年8月3日","中京","12R","3歳以上1勝クラス","芝1400m (左A)","18:15","晴","良","2","5","10","ノボリリア","牝3","牝","3","53.0","酒井","1:19.8","クビ","14.0","43.3","34.3","2-2","栗東石橋","442(-4)","https://race.netkeiba.com/race/result.html?race_id=202507030412&rf=race_list"
"747","3","2025年8月3日","中京","12R","3歳以上1勝クラス","芝1400m (左A)","18:15","晴","良","3","4","8","チムグクル","牡3","牡","3","55.0","小崎","1:19.9","1/2","2.0","4.8","33.1","16-15","栗東福永","436(+6)","https://race.netkeiba.com/race/result.html?race_id=202507030412&rf=race_list"
"748","4","2025年8月3日","中京","12R","3歳以上1勝クラス","芝1400m (左A)","18:15","晴","良","4","5","9","バンディート","牡5","牡","5","58.0","松若","1:20.0","1/2","3.0","9.2","34.6","1-1","栗東東田","516(-10)","https://race.netkeiba.com/race/result.html?race_id=202507030412&rf=race_list"
"749","5","2025年8月3日","中京","12R","3歳以上1勝クラス","芝1400m (左A)","18:15","晴","良","5","1","1","ジャンヌローサ","牝4","牝","4","56.0","小沢","1:20.0","ハナ","7.0","15.8","34.0","7-8","栗東井上","462(+8)","https://race.netkeiba.com/race/result.html?race_id=202507030412&rf=race_list"
"750","6","2025年8月3日","中京","12R","3歳以上1勝クラス","芝1400m (左A)","18:15","晴","良","6","6","11","ワイルデンウーリー","牝3","牝","3","53.0","松山","1:20.2","1","8.0","16.3","34.2","7-8","栗東大久保","486(+4)","https://race.netkeiba.com/race/result.html?race_id=202507030412&rf=race_list"
"751","7","2025年8月3日","中京","12R","3歳以上1勝クラス","芝1400m (左A)","18:15","晴","良","7","8","16","ヴァージル","牡3","牡","3","55.0","坂井","1:20.2","クビ","1.0","3.3","34.3","7-7","栗東杉山晴","448(-8)","https://race.netkeiba.com/race/result.html?race_id=202507030412&rf=race_list"
"752","8","2025年8月3日","中京","12R","3歳以上1勝クラス","芝1400m (左A)","18:15","晴","良","8","7","14","ショウナンラウール","牝4","牝","4","53.0","▲田山","1:20.3","3/4","9.0","19.3","34.8","3-2","栗東高橋忠","424(-2)","https://race.netkeiba.com/race/result.html?race_id=202507030412&rf=race_list"
"753","9","2025年8月3日","中京","12R","3歳以上1勝クラス","芝1400m (左A)","18:15","晴","良","9","7","15","ピアストイヤーズ","牡3","牡","3","55.0","国分優","1:20.4","1/2","12.0","32.1","34.3","10-10","栗東小崎","448(+6)","https://race.netkeiba.com/race/result.html?race_id=202507030412&rf=race_list"
"754","10","2025年8月3日","中京","12R","3歳以上1勝クラス","芝1400m (左A)","18:15","晴","良","10","7","13","レオンバローズ","牡6","牡","6","58.0","岩田康","1:20.6","1","13.0","36.5","34.0","13-13","栗東渡辺","466(-10)","https://race.netkeiba.com/race/result.html?race_id=202507030412&rf=race_list"
"755","11","2025年8月3日","中京","12R","3歳以上1勝クラス","芝1400m (左A)","18:15","晴","良","11","4","7","スピリットライズ","セ3","セ","3","55.0","亀田","1:20.7","1/2","10.0","24.0","34.9","5-6","栗東高柳大","430(+2)","https://race.netkeiba.com/race/result.html?race_id=202507030412&rf=race_list"
"756","12","2025年8月3日","中京","12R","3歳以上1勝クラス","芝1400m (左A)","18:15","晴","良","12","1","2","ナムライリス","牝4","牝","4","52.0","★河原田","1:20.7","クビ","17.0","105.5","34.4","11-11","栗東中竹","450(+8)","https://race.netkeiba.com/race/result.html?race_id=202507030412&rf=race_list"
"757","13","2025年8月3日","中京","12R","3歳以上1勝クラス","芝1400m (左A)","18:15","晴","良","13","8","17","コモンスナイプ","牡3","牡","3","54.0","☆吉村","1:20.8","クビ","16.0","53.5","34.5","11-11","栗東藤岡","462(+22)","https://race.netkeiba.com/race/result.html?race_id=202507030412&rf=race_list"
"758","14","2025年8月3日","中京","12R","3歳以上1勝クラス","芝1400m (左A)","18:15","晴","良","14","2","4","レイザリオ","牡3","牡","3","55.0","田口","1:20.8","クビ","11.0","29.3","34.0","14-15","栗東橋口","466(-2)","https://race.netkeiba.com/race/result.html?race_id=202507030412&rf=race_list"
"759","15","2025年8月3日","中京","12R","3歳以上1勝クラス","芝1400m (左A)","18:15","晴","良","15","3","5","ディスタントスカイ","牡4","牡","4","58.0","角田和","1:21.0","1","6.0","15.0","35.4","3-4","栗東角田","520(+6)","https://race.netkeiba.com/race/result.html?race_id=202507030412&rf=race_list"
"760","16","2025年8月3日","中京","12R","3歳以上1勝クラス","芝1400m (左A)","18:15","晴","良","16","2","3","イリフィ","牝3","牝","3","53.0","幸","1:21.1","3/4","5.0","11.5","34.5","14-13","栗東高野","416(0)","https://race.netkeiba.com/race/result.html?race_id=202507030412&rf=race_list"
"761","17","2025年8月3日","中京","12R","3歳以上1勝クラス","芝1400m (左A)","18:15","晴","良","17","8","18","ヒルノセビリア","牝4","牝","4","56.0","太宰","1:21.2","クビ","18.0","247.4","34.1","18-18","栗東昆","444(+4)","https://race.netkeiba.com/race/result.html?race_id=202507030412&rf=race_list"
"762","18","2025年8月3日","中京","12R","3歳以上1勝クラス","芝1400m (左A)","18:15","晴","良","18","6","12","メイショウタマユラ","牝3","牝","3","51.0","◇永島","1:21.3","1/2","15.0","51.2","34.5","16-15","栗東大橋","406(-4)","https://race.netkeiba.com/race/result.html?race_id=202507030412&rf=race_list"
"763","1","2025年8月3日","札幌","1R","2歳未勝利","ダ1000m (右)","09:55","晴","良","1","6","8","アンティミスト","牡2","牡","2","55.0","横山武","1:00.5","","2.0","3.9","37.3","1-2","美浦鈴木伸","516(-8)","https://race.netkeiba.com/race/result.html?race_id=202501010401&rf=race_list"
"764","2","2025年8月3日","札幌","1R","2歳未勝利","ダ1000m (右)","09:55","晴","良","2","8","11","シュピラー","牡2","牡","2","55.0","菱田","1:00.7","1.1/2","8.0","21.7","37.4","3-3","美浦高木","464(-2)","https://race.netkeiba.com/race/result.html?race_id=202501010401&rf=race_list"
"765","3","2025年8月3日","札幌","1R","2歳未勝利","ダ1000m (右)","09:55","晴","良","3","5","6","ワイドアルバ","牡2","牡","2","55.0","丹内","1:00.8","1/2","7.0","13.6","36.4","8-7","栗東藤野","470(-4)","https://race.netkeiba.com/race/result.html?race_id=202501010401&rf=race_list"
"766","4","2025年8月3日","札幌","1R","2歳未勝利","ダ1000m (右)","09:55","晴","良","4","4","4","スノーランス","牝2","牝","2","52.0","▲舟山","1:01.0","1.1/4","4.0","7.4","37.2","5-5","美浦上原佑","448(-4)","https://race.netkeiba.com/race/result.html?race_id=202501010401&rf=race_list"
"767","5","2025年8月3日","札幌","1R","2歳未勝利","ダ1000m (右)","09:55","晴","良","5","8","12","オアシスアラン","牡2","牡","2","54.0","☆松本","1:01.3","1.1/2","6.0","9.7","37.9","3-3","栗東高柳大","486(-6)","https://race.netkeiba.com/race/result.html?race_id=202501010401&rf=race_list"
"768","6","2025年8月3日","札幌","1R","2歳未勝利","ダ1000m (右)","09:55","晴","良","6","2","2","クラン","牝2","牝","2","55.0","横山典","1:01.3","アタマ","5.0","7.6","36.9","8-10","栗東昆","448(-2)","https://race.netkeiba.com/race/result.html?race_id=202501010401&rf=race_list"
"769","7","2025年8月3日","札幌","1R","2歳未勝利","ダ1000m (右)","09:55","晴","良","7","3","3","ライフイズ","牝2","牝","2","52.0","▲和田陽","1:01.3","ハナ","10.0","90.3","37.6","5-5","美浦鈴木慎","418(+8)","https://race.netkeiba.com/race/result.html?race_id=202501010401&rf=race_list"
"770","8","2025年8月3日","札幌","1R","2歳未勝利","ダ1000m (右)","09:55","晴","良","8","7","10","プレザントトーン","牝2","牝","2","52.0","▲森田","1:01.3","クビ","9.0","37.3","36.6","11-11","栗東武幸","438(-6)","https://race.netkeiba.com/race/result.html?race_id=202501010401&rf=race_list"
"771","9","2025年8月3日","札幌","1R","2歳未勝利","ダ1000m (右)","09:55","晴","良","9","6","7","ハチハチローズ","牝2","牝","2","52.0","▲橋木","1:01.4","クビ","11.0","177.7","37.1","8-9","美浦松永康","360(-4)","https://race.netkeiba.com/race/result.html?race_id=202501010401&rf=race_list"
"772","10","2025年8月3日","札幌","1R","2歳未勝利","ダ1000m (右)","09:55","晴","良","10","5","5","ニシノオールワン","牝2","牝","2","55.0","鮫島駿","1:01.4","アタマ","3.0","7.2","38.2","2-1","美浦加藤征","458(+2)","https://race.netkeiba.com/race/result.html?race_id=202501010401&rf=race_list"
"773","11","2025年8月3日","札幌","1R","2歳未勝利","ダ1000m (右)","09:55","晴","良","11","7","9","ヴィヒタ","牡2","牡","2","52.0","▲柴田裕","1:01.6","1.1/4","12.0","278.4","36.8","12-12","美浦松山","430(+4)","https://race.netkeiba.com/race/result.html?race_id=202501010401&rf=race_list"
"774","12","2025年8月3日","札幌","1R","2歳未勝利","ダ1000m (右)","09:55","晴","良","12","1","1","ドナソレイ","牝2","牝","2","52.0","▲小林美","1:03.0","8","1.0","3.0","39.2","5-7","美浦伊藤圭","468(+6)","https://race.netkeiba.com/race/result.html?race_id=202501010401&rf=race_list"
"775","1","2025年8月3日","札幌","2R","3歳未勝利","ダ1700m (右)","10:30","晴","良","1","8","13","レディゴディヴァ","牝3","牝","3","55.0","鮫島駿","1:46.6","","3.0","7.1","38.3","1-1-1-1","栗東小崎","424(0)","https://race.netkeiba.com/race/result.html?race_id=202501010402&rf=race_list"
"776","2","2025年8月3日","札幌","2R","3歳未勝利","ダ1700m (右)","10:30","晴","良","2","3","3","カスバートテソーロ","牝3","牝","3","55.0","吉田隼","1:47.0","2.1/2","6.0","13.1","38.4","11-10-3-2","美浦畠山","446(+26)","https://race.netkeiba.com/race/result.html?race_id=202501010402&rf=race_list"
"777","3","2025年8月3日","札幌","2R","3歳未勝利","ダ1700m (右)","10:30","晴","良","3","2","2","ハッピールンナ","牝3","牝","3","55.0","古川吉","1:47.7","4","4.0","10.8","38.5","11-13-13-8","栗東大根田","492(-2)","https://race.netkeiba.com/race/result.html?race_id=202501010402&rf=race_list"
"778","4","2025年8月3日","札幌","2R","3歳未勝利","ダ1700m (右)","10:30","晴","良","4","7","11","メイショウナナコ","牝3","牝","3","55.0","武豊","1:48.0","1.1/2","5.0","11.8","39.3","4-5-6-5","栗東荒川","460(-8)","https://race.netkeiba.com/race/result.html?race_id=202501010402&rf=race_list"
"779","5","2025年8月3日","札幌","2R","3歳未勝利","ダ1700m (右)","10:30","晴","良","5","1","1","シンシーネ","牝3","牝","3","52.0","▲舟山","1:48.0","ハナ","7.0","20.5","39.5","4-3-3-4","栗東高橋忠","464(-2)","https://race.netkeiba.com/race/result.html?race_id=202501010402&rf=race_list"
"780","6","2025年8月3日","札幌","2R","3歳未勝利","ダ1700m (右)","10:30","晴","良","6","5","8","ハイゼンスレイ","牝3","牝","3","55.0","丹内","1:48.1","クビ","1.0","1.9","39.3","14-13-6-7","栗東畑端","470(-6)","https://race.netkeiba.com/race/result.html?race_id=202501010402&rf=race_list"
"781","7","2025年8月3日","札幌","2R","3歳未勝利","ダ1700m (右)","10:30","晴","良","7","8","14","ルージュラティーナ","牝3","牝","3","55.0","佐々木","1:48.7","3.1/2","10.0","56.1","40.3","2-2-2-3","栗東池江","504(+16)","https://race.netkeiba.com/race/result.html?race_id=202501010402&rf=race_list"
"782","8","2025年8月3日","札幌","2R","3歳未勝利","ダ1700m (右)","10:30","晴","良","8","6","9","ホウオウハナビ","牝3","牝","3","55.0","池添","1:48.9","1.1/2","8.0","39.5","40.0","9-8-8-5","美浦奥村武","492(+6)","https://race.netkeiba.com/race/result.html?race_id=202501010402&rf=race_list"
"783","9","2025年8月3日","札幌","2R","3歳未勝利","ダ1700m (右)","10:30","晴","良","9","3","4","ハプスブルグ","牝3","牝","3","52.0","▲古川奈","1:49.2","2","12.0","216.6","40.1","8-8-10-13","栗東河嶋","482(-7)","https://race.netkeiba.com/race/result.html?race_id=202501010402&rf=race_list"
"784","10","2025年8月3日","札幌","2R","3歳未勝利","ダ1700m (右)","10:30","晴","良","10","4","6","スワローサプライズ","牝3","牝","3","52.0","▲森田","1:49.3","クビ","14.0","273.7","39.5","9-10-14-14","栗東杉山晴","458(-4)","https://race.netkeiba.com/race/result.html?race_id=202501010402&rf=race_list"
"785","11","2025年8月3日","札幌","2R","3歳未勝利","ダ1700m (右)","10:30","晴","良","11","7","12","アニラ","牝3","牝","3","53.0","△鷲頭","1:49.5","1.1/4","11.0","132.7","40.5","6-6-10-10","栗東松下","458(+12)","https://race.netkeiba.com/race/result.html?race_id=202501010402&rf=race_list"
"786","12","2025年8月3日","札幌","2R","3歳未勝利","ダ1700m (右)","10:30","晴","良","12","6","10","ヤマニンパルフェ","牝3","牝","3","55.0","横山武","1:49.6","1/2","2.0","4.5","40.5","11-10-10-8","美浦辻","500(-6)","https://race.netkeiba.com/race/result.html?race_id=202501010402&rf=race_list"
"787","13","2025年8月3日","札幌","2R","3歳未勝利","ダ1700m (右)","10:30","晴","良","13","4","5","エニグマティーク","牝3","牝","3","52.0","▲和田陽","1:51.4","大","13.0","221.0","42.8","2-3-3-12","栗東小崎","464(0)","https://race.netkeiba.com/race/result.html?race_id=202501010402&rf=race_list"
"788","14","2025年8月3日","札幌","2R","3歳未勝利","ダ1700m (右)","10:30","晴","良","14","5","7","ブルームワルツ","牝3","牝","3","52.0","▲小林美","1:51.6","3/4","9.0","41.4","42.7","6-7-8-10","美浦稲垣","426(-2)","https://race.netkeiba.com/race/result.html?race_id=202501010402&rf=race_list"
"789","1","2025年8月3日","札幌","3R","3歳未勝利","芝2000m (右A)","11:00","晴","良","1","8","16","パーフェクトパール","牝3","牝","3","55.0","佐々木","2:01.9","","1.0","2.2","35.3","2-2-3-2","栗東中内田","486(+4)","https://race.netkeiba.com/race/result.html?race_id=202501010403&rf=race_list"
"790","2","2025年8月3日","札幌","3R","3歳未勝利","芝2000m (右A)","11:00","晴","良","2","1","1","ヒルノレーダン","牝3","牝","3","55.0","古川吉","2:02.2","2","6.0","14.6","35.0","8-8-8-5","栗東昆","424(+18)","https://race.netkeiba.com/race/result.html?race_id=202501010403&rf=race_list"
"791","3","2025年8月3日","札幌","3R","3歳未勝利","芝2000m (右A)","11:00","晴","良","3","2","4","シャインフリーリー","牡3","牡","3","57.0","黛","2:02.3","1/2","5.0","10.7","34.8","11-12-11-8","美浦矢嶋","470(-4)","https://race.netkeiba.com/race/result.html?race_id=202501010403&rf=race_list"
"792","4","2025年8月3日","札幌","3R","3歳未勝利","芝2000m (右A)","11:00","晴","良","4","1","2","クランドゥイユ","牝3","牝","3","55.0","北村友","2:02.3","ハナ","2.0","5.4","35.3","4-4-5-3","栗東前川","478(-2)","https://race.netkeiba.com/race/result.html?race_id=202501010403&rf=race_list"
"793","5","2025年8月3日","札幌","3R","3歳未勝利","芝2000m (右A)","11:00","晴","良","5","5","9","ハクサンミラクル","牡3","牡","3","57.0","横山武","2:02.4","1/2","3.0","6.2","35.9","1-1-1-1","美浦武藤","472(0)","https://race.netkeiba.com/race/result.html?race_id=202501010403&rf=race_list"
"794","6","2025年8月3日","札幌","3R","3歳未勝利","芝2000m (右A)","11:00","晴","良","6","7","14","ノボリユーミン","牝3","牝","3","52.0","▲舟山瑠","2:03.0","3.1/2","9.0","36.3","36.0","6-5-5-5","栗東石橋","472(-2)","https://race.netkeiba.com/race/result.html?race_id=202501010403&rf=race_list"
"795","7","2025年8月3日","札幌","3R","3歳未勝利","芝2000m (右A)","11:00","晴","良","7","6","12","マルテアヴニール","牝3","牝","3","52.0","▲森田","2:03.3","2","15.0","299.6","35.8","8-9-11-10","美浦小島","432(-12)","https://race.netkeiba.com/race/result.html?race_id=202501010403&rf=race_list"
"796","8","2025年8月3日","札幌","3R","3歳未勝利","芝2000m (右A)","11:00","晴","良","8","4","7","オラリオン","牡3","牡","3","54.0","▲和田陽","2:03.3","アタマ","12.0","107.8","35.4","14-15-16-10","栗東高橋一","478(+4)","https://race.netkeiba.com/race/result.html?race_id=202501010403&rf=race_list"
"797","9","2025年8月3日","札幌","3R","3歳未勝利","芝2000m (右A)","11:00","晴","良","9","7","13","アルハイルフォート","牡3","牡","3","57.0","キング","2:03.4","クビ","4.0","8.0","36.3","4-7-7-9","栗東高野","506(-10)","https://race.netkeiba.com/race/result.html?race_id=202501010403&rf=race_list"
"798","10","2025年8月3日","札幌","3R","3歳未勝利","芝2000m (右A)","11:00","晴","良","10","6","11","ナリノボガート","牡3","牡","3","57.0","原田和","2:03.5","1/2","10.0","74.3","35.8","13-13-14-13","美浦上原博","460(-8)","https://race.netkeiba.com/race/result.html?race_id=202501010403&rf=race_list"
"799","11","2025年8月3日","札幌","3R","3歳未勝利","芝2000m (右A)","11:00","晴","良","11","3","5","ルージュレアリーズ","牝3","牝","3","54.0","☆松本","2:03.6","クビ","7.0","17.6","36.0","10-9-11-13","栗東福永","436(-2)","https://race.netkeiba.com/race/result.html?race_id=202501010403&rf=race_list"
"800","12","2025年8月3日","札幌","3R","3歳未勝利","芝2000m (右A)","11:00","晴","良","12","2","3","カラーズリング","牝3","牝","3","52.0","▲古川奈","2:03.7","3/4","13.0","185.6","36.4","6-5-8-10","栗東羽月","402(+8)","https://race.netkeiba.com/race/result.html?race_id=202501010403&rf=race_list"
"801","13","2025年8月3日","札幌","3R","3歳未勝利","芝2000m (右A)","11:00","晴","良","13","3","6","マリエンプラッツ","牝3","牝","3","55.0","菱田","2:03.9","1.1/4","8.0","25.4","37.1","2-3-4-5","栗東橋口","450(+8)","https://race.netkeiba.com/race/result.html?race_id=202501010403&rf=race_list"
"802","14","2025年8月3日","札幌","3R","3歳未勝利","芝2000m (右A)","11:00","晴","良","14","5","10","ハルノート","牡3","牡","3","55.0","△鷲頭","2:04.5","3.1/2","14.0","243.8","36.8","16-15-14-16","美浦小手川","472(+4)","https://race.netkeiba.com/race/result.html?race_id=202501010403&rf=race_list"
"803","15","2025年8月3日","札幌","3R","3歳未勝利","芝2000m (右A)","11:00","晴","良","15","4","8","ミルキーハニー","牝3","牝","3","52.0","▲小林美","2:04.5","クビ","11.0","104.3","38.0","14-13-2-4","美浦尾形","484(-6)","https://race.netkeiba.com/race/result.html?race_id=202501010403&rf=race_list"
"804","16","2025年8月3日","札幌","3R","3歳未勝利","芝2000m (右A)","11:00","晴","良","16","8","15","イモータリティ","牡3","牡","3","57.0","吉田隼","2:05.2","4","16.0","358.5","38.0","11-9-8-15","美浦栗田","450(0)","https://race.netkeiba.com/race/result.html?race_id=202501010403&rf=race_list"
"805","1","2025年8月3日","札幌","4R","3歳未勝利","ダ1700m (右)","11:30","晴","良","1","5","8","ザハント","牡3","牡","3","57.0","横山武","1:47.1","","1.0","3.0","39.6","2-2-1-1","栗東田中克","488(-2)","https://race.netkeiba.com/race/result.html?race_id=202501010404&rf=race_list"
"806","2","2025年8月3日","札幌","4R","3歳未勝利","ダ1700m (右)","11:30","晴","良","2","7","12","ドバイミッション","牡3","牡","3","57.0","菱田","1:47.6","3","6.0","13.8","40.0","11-11-2-2","栗東辻野","542(0)","https://race.netkeiba.com/race/result.html?race_id=202501010404&rf=race_list"
"807","3","2025年8月3日","札幌","4R","3歳未勝利","ダ1700m (右)","11:30","晴","良","3","5","7","エンジョイドライブ","牡3","牡","3","57.0","古川吉","1:47.7","クビ","5.0","8.3","39.9","4-4-3-3","栗東宮本","482(+4)","https://race.netkeiba.com/race/result.html?race_id=202501010404&rf=race_list"
"808","4","2025年8月3日","札幌","4R","3歳未勝利","ダ1700m (右)","11:30","晴","良","4","8","14","エポカリーナ","牡3","牡","3","54.0","▲古川奈","1:47.9","1","2.0","4.2","39.9","6-6-5-3","美浦土田","458(+4)","https://race.netkeiba.com/race/result.html?race_id=202501010404&rf=race_list"
"809","5","2025年8月3日","札幌","4R","3歳未勝利","ダ1700m (右)","11:30","晴","良","5","1","1","スフレ","牝3","牝","3","55.0","武豊","1:48.3","2.1/2","7.0","14.5","39.5","10-11-11-8","栗東野中","428(-4)","https://race.netkeiba.com/race/result.html?race_id=202501010404&rf=race_list"
"810","6","2025年8月3日","札幌","4R","3歳未勝利","ダ1700m (右)","11:30","晴","良","6","3","4","ジーティーファラオ","牡3","牡","3","57.0","鮫島駿","1:48.4","3/4","4.0","6.6","40.4","13-13-5-5","栗東矢作","468(0)","https://race.netkeiba.com/race/result.html?race_id=202501010404&rf=race_list"
"811","7","2025年8月3日","札幌","4R","3歳未勝利","ダ1700m (右)","11:30","晴","良","7","6","10","オドラニャソンソン","牡3","牡","3","54.0","▲舟山","1:48.6","1.1/4","11.0","161.3","40.5","8-6-7-6","栗東東田","460(0)","https://race.netkeiba.com/race/result.html?race_id=202501010404&rf=race_list"
"812","8","2025年8月3日","札幌","4R","3歳未勝利","ダ1700m (右)","11:30","晴","良","8","4","5","エンドレスバンカー","牡3","牡","3","56.0","☆松本","1:48.7","1/2","10.0","47.1","39.6","14-14-13-9","栗東安田","486(-12)","https://race.netkeiba.com/race/result.html?race_id=202501010404&rf=race_list"
"813","9","2025年8月3日","札幌","4R","3歳未勝利","ダ1700m (右)","11:30","晴","良","9","8","13","スピードイエロー","牡3","牡","3","55.0","△鷲頭","1:49.4","4","3.0","6.3","41.2","11-10-8-6","栗東佐々木","434(+10)","https://race.netkeiba.com/race/result.html?race_id=202501010404&rf=race_list"
"814","10","2025年8月3日","札幌","4R","3歳未勝利","ダ1700m (右)","11:30","晴","良","10","6","9","アトラクトラン","牡3","牡","3","54.0","▲小林美","1:51.1","10","9.0","31.3","42.4","4-5-9-10","栗東渡辺","452(-8)","https://race.netkeiba.com/race/result.html?race_id=202501010404&rf=race_list"
"815","11","2025年8月3日","札幌","4R","3歳未勝利","ダ1700m (右)","11:30","晴","良","11","3","3","マナミン","牝3","牝","3","52.0","▲橋木","1:51.6","3","13.0","193.6","42.9","3-3-9-12","栗東高橋康","452(+16)","https://race.netkeiba.com/race/result.html?race_id=202501010404&rf=race_list"
"816","12","2025年8月3日","札幌","4R","3歳未勝利","ダ1700m (右)","11:30","晴","良","12","4","6","ダイハッシュウ","牡3","牡","3","54.0","▲森田","1:51.8","1","12.0","168.5","44.0","1-1-3-11","栗東牧田","434(-4)","https://race.netkeiba.com/race/result.html?race_id=202501010404&rf=race_list"
"817","13","2025年8月3日","札幌","4R","3歳未勝利","ダ1700m (右)","11:30","晴","良","13","7","11","マーゴットビースト","牡3","牡","3","57.0","佐々木","1:51.9","1/2","8.0","25.0","43.1","6-9-11-13","美浦伊坂","496(+4)","https://race.netkeiba.com/race/result.html?race_id=202501010404&rf=race_list"
"818","14","2025年8月3日","札幌","4R","3歳未勝利","ダ1700m (右)","11:30","晴","良","14","2","2","ハーイバービー","牝3","牝","3","52.0","▲和田陽","1:52.5","4","14.0","196.4","43.1","8-6-14-14","栗東畑端","440(-16)","https://race.netkeiba.com/race/result.html?race_id=202501010404&rf=race_list"
"819","1","2025年8月3日","札幌","5R","2歳新馬","芝1800m (右A)","12:20","晴","良","1","4","4","クレパスキュラー","牡2","牡","2","55.0","キング","1:47.2","","2.0","4.0","35.2","3-3-1-1","美浦栗田","470(0)","https://race.netkeiba.com/race/result.html?race_id=202501010405&rf=race_list"
"820","2","2025年8月3日","札幌","5R","2歳新馬","芝1800m (右A)","12:20","晴","良","2","8","8","ストロベリーツリー","牝2","牝","2","55.0","川田","1:48.1","5","1.0","1.6","35.6","4-4-3-2","栗東中内田","468(0)","https://race.netkeiba.com/race/result.html?race_id=202501010405&rf=race_list"
"821","3","2025年8月3日","札幌","5R","2歳新馬","芝1800m (右A)","12:20","晴","良","3","6","6","グロリアスマーチ","牡2","牡","2","55.0","佐々木","1:48.8","4","3.0","5.3","36.3","2-1-3-2","栗東須貝","488(0)","https://race.netkeiba.com/race/result.html?race_id=202501010405&rf=race_list"
"822","4","2025年8月3日","札幌","5R","2歳新馬","芝1800m (右A)","12:20","晴","良","4","2","2","トゥレネヴェリテ","牡2","牡","2","55.0","横山武","1:49.4","3.1/2","5.0","34.0","35.1","6-6-6-6","栗東中竹","452(0)","https://race.netkeiba.com/race/result.html?race_id=202501010405&rf=race_list"
"823","5","2025年8月3日","札幌","5R","2歳新馬","芝1800m (右A)","12:20","晴","良","5","1","1","ジェネチェン","牝2","牝","2","55.0","菱田","1:49.4","アタマ","6.0","61.2","35.5","5-5-5-5","栗東角田","448(0)","https://race.netkeiba.com/race/result.html?race_id=202501010405&rf=race_list"
"824","6","2025年8月3日","札幌","5R","2歳新馬","芝1800m (右A)","12:20","晴","良","6","7","7","シャルムグリーン","牡2","牡","2","55.0","丹内","1:50.6","7","4.0","6.8","38.4","1-2-2-4","美浦相沢","476(0)","https://race.netkeiba.com/race/result.html?race_id=202501010405&rf=race_list"
"825","7","2025年8月3日","札幌","5R","2歳新馬","芝1800m (右A)","12:20","晴","良","7","3","3","レッドファイブ","牡2","牡","2","54.0","☆松本","1:54.5","大","7.0","162.6","40.1","7-7-7-7","栗東安田","490(0)","https://race.netkeiba.com/race/result.html?race_id=202501010405&rf=race_list"
"826","8","2025年8月3日","札幌","5R","2歳新馬","芝1800m (右A)","12:20","晴","良","除外","5","5","クロンヌジャン","牡2","牡","2","55.0","武豊","","","","","","","栗東鈴木孝","466(0)","https://race.netkeiba.com/race/result.html?race_id=202501010405&rf=race_list"
"827","1","2025年8月3日","札幌","6R","3歳未勝利","芝1500m (右A)","12:50","晴","良","1","8","13","ウインイザナミ","牝3","牝","3","55.0","丹内","1:27.8","","1.0","3.5","36.0","7-3-3","美浦上原博","498(-2)","https://race.netkeiba.com/race/result.html?race_id=202501010406&rf=race_list"
"828","2","2025年8月3日","札幌","6R","3歳未勝利","芝1500m (右A)","12:50","晴","良","2","5","8","アルシャンティ","牝3","牝","3","52.0","▲舟山","1:27.8","クビ","11.0","55.2","36.2","2-2-2","栗東茶木","434(+2)","https://race.netkeiba.com/race/result.html?race_id=202501010406&rf=race_list"
"829","3","2025年8月3日","札幌","6R","3歳未勝利","芝1500m (右A)","12:50","晴","良","3","4","5","キュイジニエール","牝3","牝","3","55.0","横山武","1:28.0","1.1/4","6.0","9.9","35.6","11-11-5","栗東新谷","442(-2)","https://race.netkeiba.com/race/result.html?race_id=202501010406&rf=race_list"
"830","4","2025年8月3日","札幌","6R","3歳未勝利","芝1500m (右A)","12:50","晴","良","4","5","7","フリアフロリダ","牝3","牝","3","51.0","△鷲頭","1:28.5","3","4.0","6.6","36.4","7-6-4","栗東小栗","468(+6)","https://race.netkeiba.com/race/result.html?race_id=202501010406&rf=race_list"
"831","5","2025年8月3日","札幌","6R","3歳未勝利","芝1500m (右A)","12:50","晴","良","5","3","3","リラゲイル","牡3","牡","3","57.0","佐々木","1:28.5","アタマ","7.0","20.8","36.1","9-11-8","栗東須貝","468(0)","https://race.netkeiba.com/race/result.html?race_id=202501010406&rf=race_list"
"832","6","2025年8月3日","札幌","6R","3歳未勝利","芝1500m (右A)","12:50","晴","良","6","6","9","ショウナンタハティ","牡3","牡","3","57.0","キング","1:29.0","3","5.0","9.2","37.0","9-6-5","美浦大竹","498(-2)","https://race.netkeiba.com/race/result.html?race_id=202501010406&rf=race_list"
"833","7","2025年8月3日","札幌","6R","3歳未勝利","芝1500m (右A)","12:50","晴","良","7","8","14","ウフルピーク","牝3","牝","3","55.0","藤岡佑","1:29.1","1/2","3.0","6.2","37.0","11-6-8","栗東藤岡","414(+2)","https://race.netkeiba.com/race/result.html?race_id=202501010406&rf=race_list"
"834","8","2025年8月3日","札幌","6R","3歳未勝利","芝1500m (右A)","12:50","晴","良","8","7","11","ナッシングベター","牝3","牝","3","55.0","横山琉","1:29.1","ハナ","12.0","91.9","36.4","13-13-11","美浦稲垣","454(+4)","https://race.netkeiba.com/race/result.html?race_id=202501010406&rf=race_list"
"835","9","2025年8月3日","札幌","6R","3歳未勝利","芝1500m (右A)","12:50","晴","良","9","1","1","マンゲタック","牝3","牝","3","55.0","武豊","1:29.1","クビ","2.0","3.6","37.8","1-1-1","美浦古賀","466(+10)","https://race.netkeiba.com/race/result.html?race_id=202501010406&rf=race_list"
"836","10","2025年8月3日","札幌","6R","3歳未勝利","芝1500m (右A)","12:50","晴","良","10","6","10","スルースウェイ","牝3","牝","3","55.0","北村友","1:30.0","5","10.0","43.8","37.8","3-9-13","栗東藤岡","460(+2)","https://race.netkeiba.com/race/result.html?race_id=202501010406&rf=race_list"
"837","11","2025年8月3日","札幌","6R","3歳未勝利","芝1500m (右A)","12:50","晴","良","11","7","12","オニムシャ","牡3","牡","3","54.0","▲和田陽","1:30.1","クビ","8.0","29.7","38.3","4-3-5","栗東松永幹","450(-10)","https://race.netkeiba.com/race/result.html?race_id=202501010406&rf=race_list"
"838","12","2025年8月3日","札幌","6R","3歳未勝利","芝1500m (右A)","12:50","晴","良","12","4","6","トーセンアーロン","牡3","牡","3","57.0","原田和","1:30.9","5","14.0","216.2","38.7","4-9-11","美浦小笠","482(+22)","https://race.netkeiba.com/race/result.html?race_id=202501010406&rf=race_list"
"839","13","2025年8月3日","札幌","6R","3歳未勝利","芝1500m (右A)","12:50","晴","良","13","2","2","ルルファーレ","牝3","牝","3","52.0","▲小林美","1:31.7","5","13.0","103.9","38.5","14-14-14","美浦菊沢","442(0)","https://race.netkeiba.com/race/result.html?race_id=202501010406&rf=race_list"
"840","14","2025年8月3日","札幌","6R","3歳未勝利","芝1500m (右A)","12:50","晴","良","14","3","4","シャンパングラス","牡3","牡","3","57.0","鮫島駿","1:32.4","4","9.0","41.8","40.6","4-3-8","美浦池上","444(+12)","https://race.netkeiba.com/race/result.html?race_id=202501010406&rf=race_list"
"841","1","2025年8月3日","札幌","7R","3歳以上1勝クラス","ダ1700m (右)","13:20","晴","良","1","5","6","カペルブリュッケ","牡3","牡","3","55.0","鮫島駿","1:45.8","","3.0","4.6","38.1","9-8-6-3","栗東浜田","454(+6)","https://race.netkeiba.com/race/result.html?race_id=202501010407&rf=race_list"
"842","2","2025年8月3日","札幌","7R","3歳以上1勝クラス","ダ1700m (右)","13:20","晴","良","2","3","3","ローズマイスター","牡3","牡","3","52.0","▲小林美","1:45.8","ハナ","7.0","13.7","37.7","10-10-10-3","美浦黒岩","510(+2)","https://race.netkeiba.com/race/result.html?race_id=202501010407&rf=race_list"
"843","3","2025年8月3日","札幌","7R","3歳以上1勝クラス","ダ1700m (右)","13:20","晴","良","3","8","12","アイオリア","牡3","牡","3","55.0","横山典","1:46.4","3.1/2","5.0","9.3","37.7","11-11-11-10","美浦奥村武","518(+10)","https://race.netkeiba.com/race/result.html?race_id=202501010407&rf=race_list"
"844","4","2025年8月3日","札幌","7R","3歳以上1勝クラス","ダ1700m (右)","13:20","晴","良","4","5","5","リーゼノアール","セ5","セ","5","58.0","北村友","1:46.7","1.1/2","2.0","4.2","38.8","8-8-9-7","美浦国枝","486(0)","https://race.netkeiba.com/race/result.html?race_id=202501010407&rf=race_list"
"845","5","2025年8月3日","札幌","7R","3歳以上1勝クラス","ダ1700m (右)","13:20","晴","良","5","1","1","マーベリックシチー","牡4","牡","4","58.0","吉田隼","1:47.0","2","10.0","141.0","39.5","4-5-4-3","栗東岡田","468(0)","https://race.netkeiba.com/race/result.html?race_id=202501010407&rf=race_list"
"846","6","2025年8月3日","札幌","7R","3歳以上1勝クラス","ダ1700m (右)","13:20","晴","良","6","4","4","マクミランテソーロ","牡4","牡","4","58.0","丹内","1:47.3","2","4.0","7.0","39.9","2-2-2-1","美浦田中剛","480(+6)","https://race.netkeiba.com/race/result.html?race_id=202501010407&rf=race_list"
"847","7","2025年8月3日","札幌","7R","3歳以上1勝クラス","ダ1700m (右)","13:20","晴","良","7","7","10","グランレザンドール","牡4","牡","4","55.0","▲舟山","1:48.0","4","11.0","141.5","40.5","3-2-4-3","栗東高橋忠","514(0)","https://race.netkeiba.com/race/result.html?race_id=202501010407&rf=race_list"
"848","8","2025年8月3日","札幌","7R","3歳以上1勝クラス","ダ1700m (右)","13:20","晴","良","8","2","2","ゴルデールスカー","牡5","牡","5","58.0","キング","1:48.0","アタマ","6.0","9.5","40.2","4-6-8-9","栗東加藤公","470(-6)","https://race.netkeiba.com/race/result.html?race_id=202501010407&rf=race_list"
"849","9","2025年8月3日","札幌","7R","3歳以上1勝クラス","ダ1700m (右)","13:20","晴","良","9","6","8","スマートブル","牡3","牡","3","53.0","△鷲頭","1:48.8","5","1.0","3.1","41.5","7-4-1-2","栗東井上","474(+2)","https://race.netkeiba.com/race/result.html?race_id=202501010407&rf=race_list"
"850","10","2025年8月3日","札幌","7R","3歳以上1勝クラス","ダ1700m (右)","13:20","晴","良","10","7","9","アルマグラース","牝3","牝","3","53.0","古川吉","1:48.8","ハナ","12.0","141.7","41.2","4-6-6-7","美浦水野","458(+16)","https://race.netkeiba.com/race/result.html?race_id=202501010407&rf=race_list"
"851","11","2025年8月3日","札幌","7R","3歳以上1勝クラス","ダ1700m (右)","13:20","晴","良","11","6","7","メレカリキマカ","牡7","牡","7","58.0","横山琉","1:52.1","大","9.0","102.8","41.1","12-12-12-12","美浦小島","500(+4)","https://race.netkeiba.com/race/result.html?race_id=202501010407&rf=race_list"
"852","12","2025年8月3日","札幌","7R","3歳以上1勝クラス","ダ1700m (右)","13:20","晴","良","12","8","11","ラマンシュ","牡3","牡","3","55.0","石川","1:53.2","7","8.0","54.0","45.8","1-1-2-11","栗東杉山佳","404(-14)","https://race.netkeiba.com/race/result.html?race_id=202501010407&rf=race_list"
"853","1","2025年8月3日","札幌","8R","3歳以上1勝クラス","芝2000m (右A)","13:50","晴","良","1","6","6","フェアリーライク","牝3","牝","3","53.0","武豊","2:00.4","","1.0","2.2","34.6","10-10-9-6","栗東笹田","478(+22)","https://race.netkeiba.com/race/result.html?race_id=202501010408&rf=race_list"
"854","2","2025年8月3日","札幌","8R","3歳以上1勝クラス","芝2000m (右A)","13:50","晴","良","2","3","3","サウンドサンライズ","牝3","牝","3","53.0","浜中","2:00.4","クビ","8.0","25.4","35.5","2-2-2-1","栗東東田","412(+14)","https://race.netkeiba.com/race/result.html?race_id=202501010408&rf=race_list"
"855","3","2025年8月3日","札幌","8R","3歳以上1勝クラス","芝2000m (右A)","13:50","晴","良","3","7","8","ルールーリマ","牝3","牝","3","53.0","横山武","2:00.7","2","2.0","3.8","35.2","7-7-7-8","美浦大竹","412(-2)","https://race.netkeiba.com/race/result.html?race_id=202501010408&rf=race_list"
"856","4","2025年8月3日","札幌","8R","3歳以上1勝クラス","芝2000m (右A)","13:50","晴","良","4","6","7","ソニックドライブ","牝4","牝","4","56.0","北村友","2:00.9","1.1/4","6.0","17.1","35.7","4-4-3-3","栗東田中克","458(+6)","https://race.netkeiba.com/race/result.html?race_id=202501010408&rf=race_list"
"857","5","2025年8月3日","札幌","8R","3歳以上1勝クラス","芝2000m (右A)","13:50","晴","良","5","1","1","エイシンオニキス","牝4","牝","4","56.0","川又","2:01.0","アタマ","11.0","146.5","35.7","3-3-4-3","栗東渡辺","448(-4)","https://race.netkeiba.com/race/result.html?race_id=202501010408&rf=race_list"
"858","6","2025年8月3日","札幌","8R","3歳以上1勝クラス","芝2000m (右A)","13:50","晴","良","6","8","11","エレガンシア","牝3","牝","3","53.0","鮫島駿","2:01.1","3/4","7.0","22.1","35.2","9-9-10-10","栗東高柳大","440(+2)","https://race.netkeiba.com/race/result.html?race_id=202501010408&rf=race_list"
"859","7","2025年8月3日","札幌","8R","3歳以上1勝クラス","芝2000m (右A)","13:50","晴","良","7","4","4","イゾレエオリア","牝5","牝","5","56.0","佐々木","2:01.2","1/2","3.0","7.1","35.8","5-5-6-6","美浦伊藤大","466(+2)","https://race.netkeiba.com/race/result.html?race_id=202501010408&rf=race_list"
"860","8","2025年8月3日","札幌","8R","3歳以上1勝クラス","芝2000m (右A)","13:50","晴","良","8","2","2","ハーエクセレンシー","牝5","牝","5","56.0","藤岡佑","2:01.4","1.1/2","5.0","13.4","36.6","1-1-1-2","美浦大和田","442(+2)","https://race.netkeiba.com/race/result.html?race_id=202501010408&rf=race_list"
"861","9","2025年8月3日","札幌","8R","3歳以上1勝クラス","芝2000m (右A)","13:50","晴","良","9","8","10","フラッシングレート","牝5","牝","5","53.0","▲舟山","2:01.5","クビ","10.0","49.1","36.2","5-5-4-5","栗東加藤公","494(-4)","https://race.netkeiba.com/race/result.html?race_id=202501010408&rf=race_list"
"862","10","2025年8月3日","札幌","8R","3歳以上1勝クラス","芝2000m (右A)","13:50","晴","良","10","7","9","ミエノジュピター","牝4","牝","4","56.0","キング","2:01.6","3/4","4.0","7.1","36.1","7-7-7-8","美浦堀","440(-10)","https://race.netkeiba.com/race/result.html?race_id=202501010408&rf=race_list"
"863","11","2025年8月3日","札幌","8R","3歳以上1勝クラス","芝2000m (右A)","13:50","晴","良","11","5","5","メイショウピリカ","牝3","牝","3","53.0","古川吉","2:02.0","2.1/2","9.0","40.2","36.1","11-11-10-10","栗東本田","488(+10)","https://race.netkeiba.com/race/result.html?race_id=202501010408&rf=race_list"
"864","1","2025年8月3日","札幌","9R","3歳以上2勝クラス","ダ1000m (右)","14:20","晴","良","1","1","1","メイショウキルギス","牡4","牡","4","55.0","▲和田陽","0:58.6","","6.0","15.1","35.7","1-1","栗東高橋亮","492(0)","https://race.netkeiba.com/race/result.html?race_id=202501010409&rf=race_list"
"865","2","2025年8月3日","札幌","9R","3歳以上2勝クラス","ダ1000m (右)","14:20","晴","良","2","3","3","ジーベック","牡4","牡","4","55.0","▲古川奈","0:59.2","4","8.0","17.1","35.5","7-6","栗東矢作","454(+4)","https://race.netkeiba.com/race/result.html?race_id=202501010409&rf=race_list"
"866","3","2025年8月3日","札幌","9R","3歳以上2勝クラス","ダ1000m (右)","14:20","晴","良","3","2","2","クラリティスケール","牝6","牝","6","55.0","☆松本","0:59.5","1.3/4","7.0","16.2","35.3","9-7","栗東藤野","460(0)","https://race.netkeiba.com/race/result.html?race_id=202501010409&rf=race_list"
"867","4","2025年8月3日","札幌","9R","3歳以上2勝クラス","ダ1000m (右)","14:20","晴","良","4","8","10","カンザシ","牝6","牝","6","56.0","キング","0:59.5","アタマ","5.0","9.0","35.3","9-7","美浦蛯名正","496(0)","https://race.netkeiba.com/race/result.html?race_id=202501010409&rf=race_list"
"868","5","2025年8月3日","札幌","9R","3歳以上2勝クラス","ダ1000m (右)","14:20","晴","良","5","4","4","モンシェリ","牝4","牝","4","56.0","横山武","0:59.6","1/2","3.0","5.0","36.2","4-5","栗東牧田","464(+2)","https://race.netkeiba.com/race/result.html?race_id=202501010409&rf=race_list"
"869","6","2025年8月3日","札幌","9R","3歳以上2勝クラス","ダ1000m (右)","14:20","晴","良","6","7","8","ボルセーナ","牝3","牝","3","51.0","▲舟山","0:59.7","1/2","2.0","3.9","36.7","2-2","栗東奥村豊","464(+8)","https://race.netkeiba.com/race/result.html?race_id=202501010409&rf=race_list"
"870","7","2025年8月3日","札幌","9R","3歳以上2勝クラス","ダ1000m (右)","14:20","晴","良","7","8","9","サザンカ","牝4","牝","4","53.0","▲橋木","0:59.9","1.1/4","9.0","74.4","36.7","3-4","栗東角田","480(+4)","https://race.netkeiba.com/race/result.html?race_id=202501010409&rf=race_list"
"871","8","2025年8月3日","札幌","9R","3歳以上2勝クラス","ダ1000m (右)","14:20","晴","良","8","6","6","ニルアドミラリ","セ7","セ","7","58.0","佐々木","1:00.5","3.1/2","10.0","130.0","36.8","7-7","美浦和田郎","564(-2)","https://race.netkeiba.com/race/result.html?race_id=202501010409&rf=race_list"
"872","9","2025年8月3日","札幌","9R","3歳以上2勝クラス","ダ1000m (右)","14:20","晴","良","9","7","7","ディアサクセサー","セ5","セ","5","56.0","△鷲頭","1:00.6","1/2","4.0","5.3","37.3","4-2","栗東井上","518(+4)","https://race.netkeiba.com/race/result.html?race_id=202501010409&rf=race_list"
"873","10","2025年8月3日","札幌","9R","3歳以上2勝クラス","ダ1000m (右)","14:20","晴","良","10","5","5","クーデール","牝3","牝","3","51.0","▲小林美","1:01.0","2","1.0","3.3","37.6","4-10","栗東坂口","432(-2)","https://race.netkeiba.com/race/result.html?race_id=202501010409&rf=race_list"
"874","1","2025年8月3日","札幌","10R","苫小牧特別","芝1200m (右A)","14:50","晴","良","1","7","11","エヴァンスウィート","牝4","牝","4","56.0","鮫島駿","1:08.4","","1.0","3.9","34.1","8-8","栗東友道","448(-8)","https://race.netkeiba.com/race/result.html?race_id=202501010410&rf=race_list"
"875","2","2025年8月3日","札幌","10R","苫小牧特別","芝1200m (右A)","14:50","晴","良","2","4","5","ハートホイップ","牝6","牝","6","56.0","横山琉","1:08.4","アタマ","7.0","23.0","34.3","5-5","美浦蛯名利","494(+2)","https://race.netkeiba.com/race/result.html?race_id=202501010410&rf=race_list"
"876","3","2025年8月3日","札幌","10R","苫小牧特別","芝1200m (右A)","14:50","晴","良","3","4","4","コーティアスマナー","牝4","牝","4","56.0","丹内","1:08.4","クビ","3.0","5.3","34.5","3-3","栗東高橋忠","464(+16)","https://race.netkeiba.com/race/result.html?race_id=202501010410&rf=race_list"
"877","4","2025年8月3日","札幌","10R","苫小牧特別","芝1200m (右A)","14:50","晴","良","4","8","12","カリーシ","牝4","牝","4","56.0","キング","1:08.5","クビ","4.0","5.8","34.4","5-3","美浦武井","448(-2)","https://race.netkeiba.com/race/result.html?race_id=202501010410&rf=race_list"
"878","5","2025年8月3日","札幌","10R","苫小牧特別","芝1200m (右A)","14:50","晴","良","5","7","10","メイケイバートン","牡6","牡","6","58.0","横山武","1:08.6","3/4","6.0","9.3","35.0","2-2","栗東中竹","460(-10)","https://race.netkeiba.com/race/result.html?race_id=202501010410&rf=race_list"
"879","6","2025年8月3日","札幌","10R","苫小牧特別","芝1200m (右A)","14:50","晴","良","6","6","9","ヴァンヴィーヴ","牡4","牡","4","58.0","佐々木","1:08.7","1/2","2.0","4.6","34.6","5-5","栗東牧浦","506(+6)","https://race.netkeiba.com/race/result.html?race_id=202501010410&rf=race_list"
"880","7","2025年8月3日","札幌","10R","苫小牧特別","芝1200m (右A)","14:50","晴","良","7","5","7","ラホーヤストーム","牝5","牝","5","56.0","古川吉","1:08.7","ハナ","11.0","67.1","35.2","1-1","栗東藤野","458(-12)","https://race.netkeiba.com/race/result.html?race_id=202501010410&rf=race_list"
"881","8","2025年8月3日","札幌","10R","苫小牧特別","芝1200m (右A)","14:50","晴","良","8","6","8","ゴールドスター","牡4","牡","4","58.0","石川","1:08.7","クビ","5.0","6.4","34.2","10-8","美浦奥村武","462(0)","https://race.netkeiba.com/race/result.html?race_id=202501010410&rf=race_list"
"882","9","2025年8月3日","札幌","10R","苫小牧特別","芝1200m (右A)","14:50","晴","良","9","1","1","スムースベルベット","牝5","牝","5","56.0","黛","1:08.7","アタマ","13.0","202.0","34.8","3-5","美浦南田","508(+8)","https://race.netkeiba.com/race/result.html?race_id=202501010410&rf=race_list"
"883","10","2025年8月3日","札幌","10R","苫小牧特別","芝1200m (右A)","14:50","晴","良","10","2","2","ジャガード","牡7","牡","7","58.0","吉田隼","1:08.9","1.1/4","12.0","68.2","34.2","12-12","美浦和田雄","414(-8)","https://race.netkeiba.com/race/result.html?race_id=202501010410&rf=race_list"
"884","11","2025年8月3日","札幌","10R","苫小牧特別","芝1200m (右A)","14:50","晴","良","11","5","6","アイオブザストーム","牝5","牝","5","56.0","菱田","1:09.0","クビ","10.0","47.8","34.1","13-12","栗東岡田","484(-2)","https://race.netkeiba.com/race/result.html?race_id=202501010410&rf=race_list"
"885","12","2025年8月3日","札幌","10R","苫小牧特別","芝1200m (右A)","14:50","晴","良","12","8","13","イグニション","牡5","牡","5","58.0","川又","1:09.3","2","9.0","38.3","34.8","10-10","栗東畑端","462(-2)","https://race.netkeiba.com/race/result.html?race_id=202501010410&rf=race_list"
"886","13","2025年8月3日","札幌","10R","苫小牧特別","芝1200m (右A)","14:50","晴","良","13","3","3","クリノハレルヤ","牝4","牝","4","56.0","森田","1:09.4","クビ","8.0","25.6","35.1","8-10","栗東武英","480(+2)","https://race.netkeiba.com/race/result.html?race_id=202501010410&rf=race_list"
"887","1","2025年8月3日","札幌","11R","クイーンS","芝1800m (右A)","15:25","晴","良","1","6","10","アルジーヌ","牝5","牝","5","56.0","川田","1:46.0","","1.0","2.9","34.9","6-6-6-6","栗東中内田","460(+2)","https://race.netkeiba.com/race/result.html?race_id=202501010411&rf=race_list"
"888","2","2025年8月3日","札幌","11R","クイーンS","芝1800m (右A)","15:25","晴","良","2","3","4","ココナッツブラウン","牝5","牝","5","55.0","北村友","1:46.0","アタマ","2.0","4.0","34.0","12-12-13-11","栗東上村","470(+20)","https://race.netkeiba.com/race/result.html?race_id=202501010411&rf=race_list"
"889","3","2025年8月3日","札幌","11R","クイーンS","芝1800m (右A)","15:25","晴","良","3","2","2","フェアエールング","牝5","牝","5","56.0","丹内","1:46.1","1/2","4.0","7.5","35.5","5-5-4-2","美浦和田郎","462(+8)","https://race.netkeiba.com/race/result.html?race_id=202501010411&rf=race_list"
"890","4","2025年8月3日","札幌","11R","クイーンS","芝1800m (右A)","15:25","晴","良","4","7","11","ライラック","牝6","牝","6","55.0","石川","1:46.3","1.1/4","10.0","39.1","34.6","10-10-10-9","美浦相沢","454(+12)","https://race.netkeiba.com/race/result.html?race_id=202501010411&rf=race_list"
"891","5","2025年8月3日","札幌","11R","クイーンS","芝1800m (右A)","15:25","晴","良","5","1","1","パレハ","牝4","牝","4","55.0","鮫島駿","1:46.3","クビ","8.0","26.5","35.0","6-7-7-7","栗東新谷","440(-8)","https://race.netkeiba.com/race/result.html?race_id=202501010411&rf=race_list"
"892","6","2025年8月3日","札幌","11R","クイーンS","芝1800m (右A)","15:25","晴","良","6","6","9","ビヨンドザヴァレー","牝5","牝","5","55.0","菱田","1:46.3","アタマ","7.0","24.6","35.7","4-4-4-4","栗東橋口","480(+10)","https://race.netkeiba.com/race/result.html?race_id=202501010411&rf=race_list"
"893","7","2025年8月3日","札幌","11R","クイーンS","芝1800m (右A)","15:25","晴","良","7","5","8","シングザットソング","牝5","牝","5","56.0","武豊","1:46.5","1.1/4","11.0","43.0","35.1","8-9-7-9","栗東高野","446(-4)","https://race.netkeiba.com/race/result.html?race_id=202501010411&rf=race_list"
"894","8","2025年8月3日","札幌","11R","クイーンS","芝1800m (右A)","15:25","晴","良","8","7","12","アリスヴェリテ","牝5","牝","5","55.0","池添","1:47.0","3","6.0","11.2","36.8","2-2-2-2","栗東中竹","482(0)","https://race.netkeiba.com/race/result.html?race_id=202501010411&rf=race_list"
"895","9","2025年8月3日","札幌","11R","クイーンS","芝1800m (右A)","15:25","晴","良","9","8","13","クリスマスパレード","牝4","牝","4","57.0","横山武","1:47.0","ハナ","5.0","8.3","35.1","13-12-12-13","美浦加藤士","468(+8)","https://race.netkeiba.com/race/result.html?race_id=202501010411&rf=race_list"
"896","10","2025年8月3日","札幌","11R","クイーンS","芝1800m (右A)","15:25","晴","良","10","5","7","レーゼドラマ","牝3","牝","3","53.0","キング","1:47.2","1","3.0","7.2","35.9","8-7-7-8","栗東辻野","476(+16)","https://race.netkeiba.com/race/result.html?race_id=202501010411&rf=race_list"
"897","11","2025年8月3日","札幌","11R","クイーンS","芝1800m (右A)","15:25","晴","良","11","4","6","ドナベティ","牝4","牝","4","55.0","藤岡佑","1:47.4","1.1/4","12.0","161.5","34.9","14-14-14-14","栗東矢作","428(-2)","https://race.netkeiba.com/race/result.html?race_id=202501010411&rf=race_list"
"898","12","2025年8月3日","札幌","11R","クイーンS","芝1800m (右A)","15:25","晴","良","12","3","3","グランスラムアスク","牝6","牝","6","55.0","古川奈","1:47.4","クビ","14.0","304.0","35.8","10-10-10-12","栗東矢作","470(+6)","https://race.netkeiba.com/race/result.html?race_id=202501010411&rf=race_list"
"899","13","2025年8月3日","札幌","11R","クイーンS","芝1800m (右A)","15:25","晴","良","13","4","5","コンクシェル","牝5","牝","5","55.0","佐々木","1:47.6","1.1/4","13.0","162.5","37.5","1-1-1-1","栗東清水久","482(-4)","https://race.netkeiba.com/race/result.html?race_id=202501010411&rf=race_list"
"900","14","2025年8月3日","札幌","11R","クイーンS","芝1800m (右A)","15:25","晴","良","14","8","14","フィールシンパシー","牝6","牝","6","55.0","横山琉","1:47.8","1.1/4","9.0","29.1","37.3","3-3-3-4","美浦小島","456(-6)","https://race.netkeiba.com/race/result.html?race_id=202501010411&rf=race_list"
"901","1","2025年8月3日","札幌","12R","積丹特別","芝2600m (右A)","16:01","晴","良","1","6","6","アルマデオロ","牡3","牡","3","55.0","武豊","2:44.5","","1.0","2.9","34.9","2-2-2-2","栗東清水久","496(0)","https://race.netkeiba.com/race/result.html?race_id=202501010412&rf=race_list"
"902","2","2025年8月3日","札幌","12R","積丹特別","芝2600m (右A)","16:01","晴","良","2","7","7","マイファミリー","牡4","牡","4","58.0","黛","2:44.7","1","4.0","4.3","34.8","3-3-5-3","美浦深山","446(-2)","https://race.netkeiba.com/race/result.html?race_id=202501010412&rf=race_list"
"903","3","2025年8月3日","札幌","12R","積丹特別","芝2600m (右A)","16:01","晴","良","3","5","5","カーミングライツ","牡3","牡","3","55.0","キング","2:45.3","3.1/2","2.0","3.5","35.5","4-3-4-5","美浦小島","522(-10)","https://race.netkeiba.com/race/result.html?race_id=202501010412&rf=race_list"
"904","4","2025年8月3日","札幌","12R","積丹特別","芝2600m (右A)","16:01","晴","良","4","8","8","ボンドロア","牡3","牡","3","55.0","横山典","2:45.3","クビ","3.0","4.0","35.7","1-1-1-1","栗東松永幹","470(0)","https://race.netkeiba.com/race/result.html?race_id=202501010412&rf=race_list"
"905","5","2025年8月3日","札幌","12R","積丹特別","芝2600m (右A)","16:01","晴","良","5","4","4","シャインバオバブ","牡3","牡","3","55.0","古川吉","2:45.4","クビ","5.0","12.0","35.1","4-5-6-6","栗東本田","506(+4)","https://race.netkeiba.com/race/result.html?race_id=202501010412&rf=race_list"
"906","6","2025年8月3日","札幌","12R","積丹特別","芝2600m (右A)","16:01","晴","良","6","1","1","ラーシャローム","牡3","牡","3","55.0","石川","2:45.8","2.1/2","6.0","27.5","36.1","6-6-2-4","美浦奥村武","474(-8)","https://race.netkeiba.com/race/result.html?race_id=202501010412&rf=race_list"
"907","7","2025年8月3日","札幌","12R","積丹特別","芝2600m (右A)","16:01","晴","良","7","3","3","ペリプルス","牡5","牡","5","58.0","吉田隼","2:45.8","クビ","7.0","36.3","35.2","6-7-7-7","美浦佐藤吉","442(-8)","https://race.netkeiba.com/race/result.html?race_id=202501010412&rf=race_list"
"908","8","2025年8月3日","札幌","12R","積丹特別","芝2600m (右A)","16:01","晴","良","除外","2","2","ディアマイハニー","牝3","牝","3","53.0","川又","","","","","","","栗東中尾","456(+2)","https://race.netkeiba.com/race/result.html?race_id=202501010412&rf=race_list"
